alternateIdentifier	effectiveTime	active	moduleId	identifierSchemeId	referencedComponentId
VAC0001	20250509	1	11002000107	21002000101	61002000105
VAC0002	20250509	1	11002000107	21002000101	81002000102
VAC0003	20250509	1	11002000107	21002000101	101002000100
VAC0004	20250509	1	11002000107	21002000101	141002000103
VAC0005	20250509	1	11002000107	21002000101	161002000104
VAC0006	20250509	1	11002000107	21002000101	171002000109
VAC0007	20250509	1	11002000107	21002000101	231002000102
VAC0008	20250509	1	11002000107	21002000101	241002000105
VAC0009	20250509	1	11002000107	21002000101	261002000109
VAC0010	20250509	1	11002000107	21002000101	281002000101
VAC0011	20250509	1	11002000107	21002000101	301002000102
VAC0012	20250509	1	11002000107	21002000101	311002000104
VAC0013	20250509	1	11002000107	21002000101	321002000105
VAC0014	20250509	1	11002000107	21002000101	341002000100
VAC0015	20250509	1	11002000107	21002000101	351002000103
VAC0016	20250509	1	11002000107	21002000101	361002000101
VAC0017	20250509	1	11002000107	21002000101	401002000109
VAC0018	20250509	1	11002000107	21002000101	451002000108
VAC0019	20250509	1	11002000107	21002000101	471002000100
VAC0020	20250509	1	11002000107	21002000101	481002000102
VAC0021	20250509	1	11002000107	21002000101	491002000104
VAC0022	20250509	1	11002000107	21002000101	511002000108
VAC0023	20250509	1	11002000107	21002000101	521002000102
VAC0024	20250509	1	11002000107	21002000101	761002000100
VAC0025	20250509	1	11002000107	21002000101	841002000109
VAC0026	20250509	1	11002000107	21002000101	851002000106
VAC0027	20250509	1	11002000107	21002000101	861002000108
VAC0028	20250509	1	11002000107	21002000101	881002000100
VAC0029	20250509	1	11002000107	21002000101	911002000100
VAC0030	20250509	1	11002000107	21002000101	921002000106
VAC0031	20250509	1	11002000107	21002000101	941002000101
VAC0032	20250509	1	11002000107	21002000101	951002000104
VAC0033	20250509	1	11002000107	21002000101	961002000102
VAC0034	20250509	1	11002000107	21002000101	981002000105
VAC0035	20250509	1	11002000107	21002000101	1001002000100
VAC0036	20250509	1	11002000107	21002000101	1011002000102
VAC0037	20250509	1	11002000107	21002000101	1021002000108
VAC0038	20250509	1	11002000107	21002000101	1041002000103
VAC0039	20250509	1	11002000107	21002000101	1061002000104
VAC0040	20250509	1	11002000107	21002000101	1091002000105
VAC0041	20250509	1	11002000107	21002000101	1101002000101
VAC0042	20250509	1	11002000107	21002000101	1121002000109
VAC0043	20250509	1	11002000107	21002000101	1131002000107
VAC0044	20250509	1	11002000107	21002000101	1151002000102
VAC0045	20250509	1	11002000107	21002000101	1161002000100
VAC0046	20250509	1	11002000107	21002000101	1181002000108
VAC0047	20250509	1	11002000107	21002000101	1191002000106
VAC0048	20250509	1	11002000107	21002000101	1201002000109
VAC0049	20250509	1	11002000107	21002000101	1211002000107
VAC0050	20250509	1	11002000107	21002000101	1231002000103
VAC0051	20250509	1	11002000107	21002000101	1241002000106
VAC0052	20250509	1	11002000107	21002000101	1251002000108
VAC0053	20250509	1	11002000107	21002000101	1261002000105
VAC0054	20250509	1	11002000107	21002000101	1281002000102
VAC0056	20250509	1	11002000107	21002000101	1291002000104
VAC0057	20250509	1	11002000107	21002000101	1311002000100
VAC0058	20250509	1	11002000107	21002000101	1331002000109
VAC0059	20250509	1	11002000107	21002000101	1341002000101
VAC0060	20250509	1	11002000107	21002000101	1361002000102
VAC0061	20250509	1	11002000107	21002000101	1371002000107
VAC0062	20250509	1	11002000107	21002000101	1381002000105
VAC0063	20250509	1	11002000107	21002000101	1401002000105
VAC0064	20250509	1	11002000107	21002000101	1411002000108
VAC0066	20250509	1	11002000107	21002000101	1421002000102
VAC0067	20250509	1	11002000107	21002000101	1431002000104
VAC0068	20250509	1	11002000107	21002000101	1441002000107
VAC0069	20250509	1	11002000107	21002000101	1451002000109
VAC0070	20250509	1	11002000107	21002000101	1461002000106
VAC0071	20250509	1	11002000107	21002000101	1471002000101
VAC0072	20250509	1	11002000107	21002000101	1491002000100
VAC0073	20250509	1	11002000107	21002000101	1511002000109
VAC0074	20250509	1	11002000107	21002000101	1521002000103
VAC0076	20250509	1	11002000107	21002000101	1531002000100
VAC0077	20250509	1	11002000107	21002000101	1541002000108
VAC0078	20250509	1	11002000107	21002000101	1551002000105
VAC0079	20250509	1	11002000107	21002000101	1571002000102
VAC0080	20250509	1	11002000107	21002000101	1581002000104
VAC0082	20250509	1	11002000107	21002000101	1601002000107
VAC0083	20250509	1	11002000107	21002000101	1641002000109
VAC0084	20250509	1	11002000107	21002000101	1661002000108
VAC0085	20250509	1	11002000107	21002000101	1671002000103
VAC0086	20250509	1	11002000107	21002000101	1681002000100
VAC0087	20250509	1	11002000107	21002000101	1691002000102
VAC0088	20250509	1	11002000107	21002000101	1701002000102
VAC0090	20250509	1	11002000107	21002000101	1721002000105
VAC0091	20250509	1	11002000107	21002000101	1741002000100
VAC0092	20250509	1	11002000107	21002000101	1761002000101
VAC0093	20250509	1	11002000107	21002000101	1791002000107
VAC0094	20250509	1	11002000107	21002000101	1831002000102
VAC0095	20250509	1	11002000107	21002000101	1841002000105
VAC0096	20250509	1	11002000107	21002000101	1851002000107
VAC0097	20250509	1	11002000107	21002000101	1861002000109
VAC0098	20250509	1	11002000107	21002000101	1871002000104
VAC0099	20250509	1	11002000107	21002000101	1881002000101
VAC0101	20250509	1	11002000107	21002000101	1901002000104
VAC0102	20250509	1	11002000107	21002000101	1911002000101
VAC0103	20250509	1	11002000107	21002000101	1961002000103
VAC0104	20250509	1	11002000107	21002000101	1981002000106
VAC0105	20250509	1	11002000107	21002000101	1991002000109
VAC0106	20250509	1	11002000107	21002000101	2001002000106
VAC0107	20250509	1	11002000107	21002000101	2011002000109
VAC0108	20250509	1	11002000107	21002000101	2021002000103
VAC0109	20250509	1	11002000107	21002000101	2031002000100
VAC0110	20250509	1	11002000107	21002000101	2051002000105
VAC0111	20250509	1	11002000107	21002000101	2061002000107
VAC0112	20250509	1	11002000107	21002000101	2081002000104
VAC0113	20250509	1	11002000107	21002000101	2091002000101
VAC0114	20250509	1	11002000107	21002000101	2101002000105
VAC0115	20250509	1	11002000107	21002000101	2111002000108
VAC0116	20250509	1	11002000107	21002000101	2121002000102
VAC0120	20250509	1	11002000107	21002000101	2131002000104
VAC0121	20250509	1	11002000107	21002000101	2141002000107
VAC0123	20250509	1	11002000107	21002000101	2181002000103
VAC0124	20250509	1	11002000107	21002000101	2191002000100
VAC0125	20250509	1	11002000107	21002000101	2201002000102
VAC0126	20250509	1	11002000107	21002000101	2221002000105
VAC0127	20250509	1	11002000107	21002000101	2231002000108
VAC0128	20250509	1	11002000107	21002000101	2241002000100
VAC0129	20250509	1	11002000107	21002000101	2251002000103
VAC0130	20250509	1	11002000107	21002000101	2261002000101
VAC0131	20250509	1	11002000107	21002000101	2281002000109
VAC0132	20250509	1	11002000107	21002000101	2291002000107
VAC0133	20250509	1	11002000107	21002000101	2311002000106
VAC0134	20250509	1	11002000107	21002000101	2321002000100
VAC0135	20250509	1	11002000107	21002000101	2341002000105
VAC0136	20250509	1	11002000107	21002000101	2351002000107
VAC0137	20250509	1	11002000107	21002000101	2361002000109
VAC0138	20250509	1	11002000107	21002000101	2391002000103
VAC0139	20250509	1	11002000107	21002000101	2401002000101
VAC0140	20250509	1	11002000107	21002000101	2411002000103
VAC0141	20250509	1	11002000107	21002000101	2451002000102
VAC0143	20250509	1	11002000107	21002000101	2471002000105
VAC0144	20250509	1	11002000107	21002000101	2491002000106
VAC0145	20250509	1	11002000107	21002000101	2511002000102
VAC0146	20250509	1	11002000107	21002000101	2531002000106
VAC0147	20250509	1	11002000107	21002000101	2541002000103
VAC0148	20250509	1	11002000107	21002000101	2551002000101
VAC0149	20250509	1	11002000107	21002000101	2561002000104
VAC0150	20250509	1	11002000107	21002000101	2581002000107
VAC0151	20250509	1	11002000107	21002000101	2591002000105
VAC0152	20250509	1	11002000107	21002000101	2601002000104
VAC0153	20250509	1	11002000107	21002000101	2611002000101
VAC0154	20250509	1	11002000107	21002000101	2631002000105
VAC0155	20250509	1	11002000107	21002000101	2651002000100
VAC0156	20250509	1	11002000107	21002000101	2671002000108
VAC0157	20250509	1	11002000107	21002000101	2681002000106
VAC0158	20250509	1	11002000107	21002000101	2701002000109
VAC0159	20250509	1	11002000107	21002000101	2711002000107
VAC0160	20250509	1	11002000107	21002000101	2731002000103
VAC0161	20250509	1	11002000107	21002000101	2741002000106
VAC0162	20250509	1	11002000107	21002000101	2761002000105
VAC0163	20250509	1	11002000107	21002000101	2771002000100
VAC0164	20250509	1	11002000107	21002000101	2781002000102
VAC0165	20250509	1	11002000107	21002000101	2791002000104
VAC0166	20250509	1	11002000107	21002000101	2801002000103
VAC0168	20250509	1	11002000107	21002000101	2811002000100
VAC0169	20250509	1	11002000107	21002000101	2821002000106
VAC0170	20250509	1	11002000107	21002000101	2831002000109
VAC0171	20250509	1	11002000107	21002000101	2841002000101
VAC0172	20250509	1	11002000107	21002000101	2851002000104
VAC0173	20250509	1	11002000107	21002000101	2871002000107
VAC0174	20250509	1	11002000107	21002000101	2881002000105
VAC0175	20250509	1	11002000107	21002000101	2891002000108
VAC0176	20250509	1	11002000107	21002000101	2901002000107
VAC0177	20250509	1	11002000107	21002000101	2911002000105
VAC0178	20250509	1	11002000107	21002000101	2921002000104
VAC0179	20250509	1	11002000107	21002000101	2931002000101
VAC0180	20250509	1	11002000107	21002000101	2941002000109
VAC0182	20250509	1	11002000107	21002000101	2951002000106
VAC0183	20250509	1	11002000107	21002000101	2961002000108
VAC0184	20250509	1	11002000107	21002000101	2971002000103
VAC0185	20250509	1	11002000107	21002000101	2981002000100
VAC0186	20250509	1	11002000107	21002000101	2991002000102
VAC0187	20250509	1	11002000107	21002000101	3001002000101
VAC0188	20250509	1	11002000107	21002000101	3011002000103
VAC0189	20250509	1	11002000107	21002000101	3021002000109
VAC0190	20250509	1	11002000107	21002000101	3031002000107
VAC0191	20250509	1	11002000107	21002000101	3041002000104
VAC0192	20250509	1	11002000107	21002000101	3051002000102
VAC0193	20250509	1	11002000107	21002000101	3071002000105
VAC0194	20250509	1	11002000107	21002000101	3091002000106
VAC0195	20250509	1	11002000107	21002000101	3101002000102
VAC0196	20250509	1	11002000107	21002000101	3111002000104
VAC0197	20250509	1	11002000107	21002000101	3121002000105
VAC0198	20250509	1	11002000107	21002000101	3131002000108
VAC0199	20250509	1	11002000107	21002000101	3141002000100
VAC0200	20250509	1	11002000107	21002000101	3151002000103
VAC0201	20250509	1	11002000107	21002000101	3161002000101
VAC0202	20250509	1	11002000107	21002000101	3181002000109
VAC0203	20250509	1	11002000107	21002000101	3191002000107
VAC0204	20250509	1	11002000107	21002000101	3201002000105
VAC0205	20250509	1	11002000107	21002000101	3211002000108
VAC0206	20250509	1	11002000107	21002000101	3221002000102
VAC0207	20250509	1	11002000107	21002000101	3231002000104
VAC0208	20250509	1	11002000107	21002000101	3241002000107
VAC0209	20250509	1	11002000107	21002000101	3261002000106
VAC0210	20250509	1	11002000107	21002000101	3271002000101
VAC0211	20250509	1	11002000107	21002000101	3281002000103
VAC0212	20250509	1	11002000107	21002000101	3291002000100
VAC0213	20250509	1	11002000107	21002000101	3301002000104
VAC0214	20250509	1	11002000107	21002000101	3311002000101
VAC0216	20250509	1	11002000107	21002000101	3321002000107
VAC0217	20250509	1	11002000107	21002000101	3331002000105
VAC0218	20250509	1	11002000107	21002000101	3341002000102
VAC0219	20250509	1	11002000107	21002000101	3361002000103
VAC0220	20250509	1	11002000107	21002000101	3371002000108
VAC0222	20250509	1	11002000107	21002000101	3381002000106
VAC0223	20250509	1	11002000107	21002000101	3391002000109
VAC0224	20250509	1	11002000107	21002000101	3401002000106
VAC0225	20250509	1	11002000107	21002000101	3411002000109
VAC0226	20250509	1	11002000107	21002000101	3421002000103
VAC0227	20250509	1	11002000107	21002000101	3441002000108
VAC0228	20250509	1	11002000107	21002000101	3451002000105
VAC0229	20250509	1	11002000107	21002000101	3461002000107
VAC0230	20250509	1	11002000107	21002000101	3471002000102
VAC0231	20250509	1	11002000107	21002000101	3481002000104
VAC0232	20250509	1	11002000107	21002000101	3491002000101
VAC0233	20250509	1	11002000107	21002000101	3501002000107
VAC0234	20250509	1	11002000107	21002000101	3521002000104
VAC0235	20250509	1	11002000107	21002000101	3531002000101
VAC0236	20250509	1	11002000107	21002000101	3551002000106
VAC0238	20250509	1	11002000107	21002000101	3561002000108
VAC0240	20250509	1	11002000107	21002000101	3571002000103
VAC0241	20250509	1	11002000107	21002000101	3581002000100
VAC0242	20250509	1	11002000107	21002000101	3591002000102
VAC0243	20250509	1	11002000107	21002000101	3601002000108
VAC0244	20250509	1	11002000107	21002000101	3611002000106
VAC0245	20250509	1	11002000107	21002000101	3631002000102
VAC0246	20250509	1	11002000107	21002000101	3641002000105
VAC0247	20250509	1	11002000107	21002000101	3661002000109
VAC0248	20250509	1	11002000107	21002000101	3671002000104
VAC0249	20250509	1	11002000107	21002000101	3681002000101
VAC0251	20250509	1	11002000107	21002000101	3691002000103
VAC0252	20250509	1	11002000107	21002000101	3711002000100
VAC0253	20250509	1	11002000107	21002000101	3721002000106
VAC0254	20250509	1	11002000107	21002000101	3731002000109
VAC0255	20250509	1	11002000107	21002000101	3741002000101
VAC0256	20250509	1	11002000107	21002000101	3751002000104
VAC0257	20250509	1	11002000107	21002000101	3761002000102
VAC0258	20250509	1	11002000107	21002000101	3771002000107
VAC0259	20250509	1	11002000107	21002000101	3791002000108
VAC0260	20250509	1	11002000107	21002000101	3801002000109
VAC0261	20250509	1	11002000107	21002000101	3811002000107
VAC0262	20250509	1	11002000107	21002000101	3821002000101
VAC0263	20250509	1	11002000107	21002000101	3831002000103
VAC0264	20250509	1	11002000107	21002000101	3841002000106
VAC0265	20250509	1	11002000107	21002000101	3851002000108
VAC0266	20250509	1	11002000107	21002000101	3861002000105
VAC0267	20250509	1	11002000107	21002000101	3871002000100
VAC0268	20250509	1	11002000107	21002000101	3881002000102
VAC0270	20250509	1	11002000107	21002000101	3891002000104
VAC0271	20250509	1	11002000107	21002000101	3901002000100
VAC0272	20250509	1	11002000107	21002000101	3911002000102
VAC0273	20250509	1	11002000107	21002000101	3921002000108
VAC0274	20250509	1	11002000107	21002000101	3931002000106
VAC0275	20250509	1	11002000107	21002000101	3941002000103
VAC0276	20250509	1	11002000107	21002000101	3951002000101
VAC0277	20250509	1	11002000107	21002000101	3961002000104
VAC0278	20250509	1	11002000107	21002000101	3971002000109
VAC0280	20250509	1	11002000107	21002000101	3981002000107
VAC0281	20250509	1	11002000107	21002000101	3991002000105
VAC0282	20250509	1	11002000107	21002000101	4001002000103
VAC0283	20250509	1	11002000107	21002000101	4021002000106
VAC0284	20250509	1	11002000107	21002000101	4031002000109
VAC0285	20250509	1	11002000107	21002000101	4041002000101
VAC0286	20250509	1	11002000107	21002000101	4051002000104
VAC0287	20250509	1	11002000107	21002000101	4061002000102
VAC0288	20250509	1	11002000107	21002000101	4071002000107
VAC0289	20250509	1	11002000107	21002000101	4081002000105
VAC0290	20250509	1	11002000107	21002000101	4091002000108
VAC0291	20250509	1	11002000107	21002000101	4101002000104
VAC0292	20250509	1	11002000107	21002000101	4111002000101
VAC0293	20250509	1	11002000107	21002000101	4131002000105
VAC0294	20250509	1	11002000107	21002000101	4141002000102
VAC0295	20250509	1	11002000107	21002000101	4151002000100
VAC0296	20250509	1	11002000107	21002000101	4161002000103
VAC0297	20250509	1	11002000107	21002000101	4171002000108
VAC0298	20250509	1	11002000107	21002000101	4181002000106
VAC0299	20250509	1	11002000107	21002000101	4191002000109
VAC0300	20250509	1	11002000107	21002000101	4201002000107
VAC0301	20250509	1	11002000107	21002000101	4211002000105
VAC0303	20250509	1	11002000107	21002000101	4251002000106
VAC0304	20250509	1	11002000107	21002000101	4261002000108
VAC0305	20250509	1	11002000107	21002000101	4271002000103
VAC0306	20250509	1	11002000107	21002000101	4281002000100
VAC0307	20250509	1	11002000107	21002000101	4291002000102
VAC0308	20250509	1	11002000107	21002000101	4311002000103
VAC0309	20250509	1	11002000107	21002000101	4321002000109
VAC0310	20250509	1	11002000107	21002000101	4331002000107
VAC0311	20250509	1	11002000107	21002000101	4341002000104
VAC0312	20250509	1	11002000107	21002000101	4351002000102
VAC0313	20250509	1	11002000107	21002000101	4371002000105
VAC0315	20250509	1	11002000107	21002000101	4381002000108
VAC0317	20250509	1	11002000107	21002000101	4401002000108
VAC0318	20250509	1	11002000107	21002000101	4411002000106
VAC0319	20250509	1	11002000107	21002000101	4421002000100
VAC0320	20250509	1	11002000107	21002000101	4431002000102
VAC0321	20250509	1	11002000107	21002000101	4441002000105
VAC0322	20250509	1	11002000107	21002000101	4451002000107
VAC0323	20250509	1	11002000107	21002000101	4461002000109
VAC0324	20250509	1	11002000107	21002000101	4471002000104
VAC0325	20250509	1	11002000107	21002000101	4481002000101
VAC0326	20250509	1	11002000107	21002000101	4491002000103
VAC0327	20250509	1	11002000107	21002000101	4501002000109
VAC0328	20250509	1	11002000107	21002000101	4511002000107
VAC0330	20250509	1	11002000107	21002000101	4521002000101
VAC0332	20250509	1	11002000107	21002000101	4531002000103
VAC0333	20250509	1	11002000107	21002000101	4551002000108
VAC0334	20250509	1	11002000107	21002000101	4561002000105
VAC0335	20250509	1	11002000107	21002000101	4571002000100
VAC0336	20250509	1	11002000107	21002000101	4581002000102
VAC0337	20250509	1	11002000107	21002000101	4591002000104
VAC0338	20250509	1	11002000107	21002000101	4601002000105
VAC0339	20250509	1	11002000107	21002000101	4611002000108
VAC0341	20250509	1	11002000107	21002000101	4621002000102
VAC0343	20250509	1	11002000107	21002000101	4641002000107
VAC0344	20250509	1	11002000107	21002000101	4651002000109
VAC0345	20250509	1	11002000107	21002000101	4661002000106
VAC0346	20250509	1	11002000107	21002000101	4671002000101
VAC0347	20250509	1	11002000107	21002000101	4681002000103
VAC0348	20250509	1	11002000107	21002000101	4691002000100
VAC0349	20250509	1	11002000107	21002000101	4701002000100
VAC0350	20250509	1	11002000107	21002000101	4711002000102
VAC0351	20250509	1	11002000107	21002000101	4721002000108
VAC0352	20250509	1	11002000107	21002000101	4731002000106
VAC0353	20250509	1	11002000107	21002000101	4741002000103
VAC0354	20250509	1	11002000107	21002000101	4751002000101
VAC0355	20250509	1	11002000107	21002000101	4761002000104
VAC0356	20250509	1	11002000107	21002000101	4771002000109
VAC0357	20250509	1	11002000107	21002000101	4791002000105
VAC0358	20250509	1	11002000107	21002000101	4811002000109
VAC0359	20250509	1	11002000107	21002000101	4821002000103
VAC0360	20250509	1	11002000107	21002000101	4831002000100
VAC0361	20250509	1	11002000107	21002000101	4841002000108
VAC0362	20250509	1	11002000107	21002000101	4851002000105
VAC0363	20250509	1	11002000107	21002000101	4861002000107
VAC0364	20250509	1	11002000107	21002000101	4871002000102
VAC0365	20250509	1	11002000107	21002000101	4881002000104
VAC0366	20250509	1	11002000107	21002000101	4891002000101
VAC0367	20250509	1	11002000107	21002000101	4901002000102
VAC0368	20250509	1	11002000107	21002000101	4911002000104
VAC0369	20250509	1	11002000107	21002000101	4921002000105
VAC0370	20250509	1	11002000107	21002000101	4931002000108
VAC0371	20250509	1	11002000107	21002000101	4941002000100
VAC0372	20250509	1	11002000107	21002000101	4951002000103
VAC0373	20250509	1	11002000107	21002000101	4961002000101
VAC0374	20250509	1	11002000107	21002000101	4971002000106
VAC0375	20250509	1	11002000107	21002000101	4981002000109
VAC0376	20250509	1	11002000107	21002000101	5011002000104
VAC0377	20250509	1	11002000107	21002000101	5021002000105
VAC0378	20250509	1	11002000107	21002000101	5041002000100
VAC0379	20250509	1	11002000107	21002000101	5051002000103
VAC0380	20250509	1	11002000107	21002000101	5061002000101
VAC0382	20250509	1	11002000107	21002000101	5071002000106
VAC0383	20250509	1	11002000107	21002000101	5081002000109
VAC0384	20250509	1	11002000107	21002000101	5091002000107
VAC0385	20250509	1	11002000107	21002000101	5101002000103
VAC0386	20250509	1	11002000107	21002000101	5111002000100
VAC0387	20250509	1	11002000107	21002000101	5121002000106
VAC0388	20250509	1	11002000107	21002000101	5131002000109
VAC0389	20250509	1	11002000107	21002000101	5141002000101
VAC0390	20250509	1	11002000107	21002000101	5151002000104
VAC0391	20250509	1	11002000107	21002000101	5161002000102
VAC0392	20250509	1	11002000107	21002000101	5171002000107
VAC0393	20250509	1	11002000107	21002000101	5181002000105
VAC0394	20250509	1	11002000107	21002000101	5201002000106
VAC0395	20250509	1	11002000107	21002000101	5211002000109
VAC0396	20250509	1	11002000107	21002000101	5221002000103
VAC0397	20250509	1	11002000107	21002000101	5231002000100
VAC0398	20250509	1	11002000107	21002000101	5241002000108
VAC0399	20250509	1	11002000107	21002000101	5251002000105
VAC0400	20250509	1	11002000107	21002000101	5261002000107
VAC0401	20250509	1	11002000107	21002000101	5271002000102
VAC0403	20250509	1	11002000107	21002000101	5281002000104
VAC0404	20250509	1	11002000107	21002000101	5291002000101
VAC0405	20250509	1	11002000107	21002000101	5301002000100
VAC0407	20250509	1	11002000107	21002000101	5311002000102
VAC0408	20250509	1	11002000107	21002000101	5321002000108
VAC0409	20250509	1	11002000107	21002000101	5331002000106
VAC0410	20250509	1	11002000107	21002000101	5341002000103
VAC0411	20250509	1	11002000107	21002000101	5351002000101
VAC0412	20250509	1	11002000107	21002000101	5361002000104
VAC0413	20250509	1	11002000107	21002000101	5371002000109
VAC0414	20250509	1	11002000107	21002000101	5381002000107
VAC0415	20250509	1	11002000107	21002000101	5391002000105
VAC0416	20250509	1	11002000107	21002000101	5401002000107
VAC0417	20250509	1	11002000107	21002000101	5411002000105
VAC0418	20250509	1	11002000107	21002000101	5421002000104
VAC0419	20250509	1	11002000107	21002000101	5431002000101
VAC0420	20250509	1	11002000107	21002000101	5441002000109
VAC0421	20250509	1	11002000107	21002000101	5451002000106
VAC0423	20250509	1	11002000107	21002000101	5461002000108
VAC0424	20250509	1	11002000107	21002000101	5481002000100
VAC0425	20250509	1	11002000107	21002000101	5491002000102
VAC0426	20250509	1	11002000107	21002000101	5501002000108
VAC0427	20250509	1	11002000107	21002000101	5511002000106
VAC0428	20250509	1	11002000107	21002000101	5521002000100
VAC0429	20250509	1	11002000107	21002000101	5531002000102
VAC0430	20250509	1	11002000107	21002000101	5541002000105
VAC0431	20250509	1	11002000107	21002000101	5551002000107
VAC0432	20250509	1	11002000107	21002000101	5561002000109
VAC0433	20250509	1	11002000107	21002000101	5571002000104
VAC0434	20250509	1	11002000107	21002000101	5581002000101
VAC0435	20250509	1	11002000107	21002000101	5591002000103
VAC0436	20250509	1	11002000107	21002000101	5601002000109
VAC0437	20250509	1	11002000107	21002000101	5611002000107
VAC0438	20250509	1	11002000107	21002000101	5621002000101
VAC0439	20250509	1	11002000107	21002000101	5631002000103
VAC0441	20250509	1	11002000107	21002000101	5641002000106
VAC0442	20250509	1	11002000107	21002000101	5661002000105
VAC0443	20250509	1	11002000107	21002000101	5671002000100
VAC0444	20250509	1	11002000107	21002000101	5681002000102
VAC0445	20250509	1	11002000107	21002000101	5691002000104
VAC0446	20250509	1	11002000107	21002000101	5701002000104
VAC0447	20250509	1	11002000107	21002000101	5711002000101
VAC0448	20250509	1	11002000107	21002000101	5721002000107
VAC0449	20250509	1	11002000107	21002000101	5731002000105
VAC0450	20250509	1	11002000107	21002000101	5741002000102
VAC0451	20250509	1	11002000107	21002000101	5751002000100
VAC0452	20250509	1	11002000107	21002000101	5761002000103
VAC0453	20250509	1	11002000107	21002000101	5771002000108
VAC0454	20250509	1	11002000107	21002000101	5781002000106
VAC0456	20250509	1	11002000107	21002000101	5791002000109
VAC0457	20250509	1	11002000107	21002000101	5801002000105
VAC0458	20250509	1	11002000107	21002000101	5821002000102
VAC0459	20250509	1	11002000107	21002000101	5831002000104
VAC0460	20250509	1	11002000107	21002000101	5841002000107
VAC0461	20250509	1	11002000107	21002000101	5851002000109
VAC0462	20250509	1	11002000107	21002000101	5861002000106
VAC0463	20250509	1	11002000107	21002000101	5871002000101
VAC0464	20250509	1	11002000107	21002000101	5881002000103
VAC0465	20250509	1	11002000107	21002000101	5891002000100
VAC0466	20250509	1	11002000107	21002000101	5901002000101
VAC0467	20250509	1	11002000107	21002000101	5911002000103
VAC0468	20250509	1	11002000107	21002000101	5921002000109
VAC0469	20250509	1	11002000107	21002000101	5931002000107
VAC0470	20250509	1	11002000107	21002000101	5941002000104
VAC0471	20250509	1	11002000107	21002000101	5951002000102
VAC0472	20250509	1	11002000107	21002000101	5961002000100
VAC0473	20250509	1	11002000107	21002000101	5971002000105
VAC0474	20250509	1	11002000107	21002000101	5981002000108
VAC0475	20250509	1	11002000107	21002000101	5991002000106
VAC0476	20250509	1	11002000107	21002000101	6001002000107
VAC0477	20250509	1	11002000107	21002000101	6011002000105
VAC0478	20250509	1	11002000107	21002000101	6021002000104
VAC0479	20250509	1	11002000107	21002000101	6031002000101
VAC0480	20250509	1	11002000107	21002000101	6041002000109
VAC0481	20250509	1	11002000107	21002000101	6051002000106
VAC0482	20250509	1	11002000107	21002000101	6061002000108
VAC0483	20250509	1	11002000107	21002000101	6071002000103
VAC0484	20250509	1	11002000107	21002000101	6081002000100
VAC0485	20250509	1	11002000107	21002000101	6091002000102
VAC0486	20250509	1	11002000107	21002000101	6121002000103
VAC0487	20250509	1	11002000107	21002000101	6131002000100
VAC0488	20250509	1	11002000107	21002000101	6141002000108
VAC0489	20250509	1	11002000107	21002000101	6151002000105
VAC0490	20250509	1	11002000107	21002000101	6161002000107
VAC0491	20250509	1	11002000107	21002000101	6171002000102
VAC0492	20250509	1	11002000107	21002000101	6181002000104
VAC0494	20250509	1	11002000107	21002000101	6191002000101
VAC0495	20250509	1	11002000107	21002000101	6211002000100
VAC0496	20250509	1	11002000107	21002000101	6221002000106
VAC0497	20250509	1	11002000107	21002000101	6231002000109
VAC0498	20250509	1	11002000107	21002000101	6241002000101
VAC0499	20250509	1	11002000107	21002000101	6251002000104
VAC0500	20250509	1	11002000107	21002000101	6271002000107
VAC0501	20250509	1	11002000107	21002000101	6281002000105
VAC0502	20250509	1	11002000107	21002000101	6301002000109
VAC0503	20250509	1	11002000107	21002000101	6311002000107
VAC0504	20250509	1	11002000107	21002000101	6321002000101
VAC0505	20250509	1	11002000107	21002000101	6331002000103
VAC0506	20250509	1	11002000107	21002000101	6341002000106
VAC0507	20250509	1	11002000107	21002000101	6351002000108
VAC0508	20250509	1	11002000107	21002000101	6361002000105
VAC0509	20250509	1	11002000107	21002000101	6371002000100
VAC0510	20250509	1	11002000107	21002000101	6381002000102
VAC0511	20250509	1	11002000107	21002000101	6391002000104
VAC0512	20250509	1	11002000107	21002000101	6411002000104
VAC0513	20250509	1	11002000107	21002000101	6421002000105
VAC0514	20250509	1	11002000107	21002000101	6441002000100
VAC0515	20250509	1	11002000107	21002000101	6451002000103
VAC0516	20250509	1	11002000107	21002000101	6461002000101
VAC0517	20250509	1	11002000107	21002000101	6481002000109
VAC0518	20250509	1	11002000107	21002000101	6491002000107
VAC0520	20250509	1	11002000107	21002000101	6511002000103
VAC0521	20250509	1	11002000107	21002000101	6531002000107
VAC0523	20250509	1	11002000107	21002000101	6601002000100
VAC0524	20250509	1	11002000107	21002000101	6611002000102
VAC0525	20250509	1	11002000107	21002000101	6621002000108
VAC0526	20250509	1	11002000107	21002000101	6641002000103
VAC0527	20250509	1	11002000107	21002000101	6651002000101
VAC0528	20250509	1	11002000107	21002000101	6671002000109
VAC0529	20250509	1	11002000107	21002000101	6681002000107
VAC0530	20250509	1	11002000107	21002000101	6691002000105
VAC0531	20250509	1	11002000107	21002000101	6701002000105
VAC0532	20250509	1	11002000107	21002000101	6711002000108
VAC0534	20250509	1	11002000107	21002000101	6721002000102
VAC0535	20250509	1	11002000107	21002000101	6731002000104
VAC0538	20250509	1	11002000107	21002000101	6741002000107
VAC0539	20250509	1	11002000107	21002000101	6761002000106
VAC0540	20250509	1	11002000107	21002000101	6771002000101
VAC0541	20250509	1	11002000107	21002000101	6781002000103
VAC0542	20250509	1	11002000107	21002000101	6791002000100
VAC0543	20250509	1	11002000107	21002000101	6801002000104
VAC0544	20250509	1	11002000107	21002000101	6811002000101
VAC0545	20250509	1	11002000107	21002000101	6821002000107
VAC0546	20250509	1	11002000107	21002000101	6831002000105
VAC0549	20250509	1	11002000107	21002000101	6841002000102
VAC0550	20250509	1	11002000107	21002000101	6851002000100
VAC0551	20250509	1	11002000107	21002000101	6861002000103
VAC0552	20250509	1	11002000107	21002000101	6871002000108
VAC0553	20250509	1	11002000107	21002000101	6881002000106
VAC0554	20250509	1	11002000107	21002000101	6891002000109
VAC0555	20250509	1	11002000107	21002000101	6901002000108
VAC0556	20250509	1	11002000107	21002000101	6911002000106
VAC0560	20250509	1	11002000107	21002000101	6931002000102
VAC0561	20250509	1	11002000107	21002000101	6951002000107
VAC0562	20250509	1	11002000107	21002000101	6961002000109
VAC0563	20250509	1	11002000107	21002000101	6971002000104
VAC0566	20250509	1	11002000107	21002000101	6981002000101
VAC0567	20250509	1	11002000107	21002000101	7001002000109
VAC0568	20250509	1	11002000107	21002000101	7011002000107
VAC0569	20250509	1	11002000107	21002000101	7021002000101
VAC0570	20250509	1	11002000107	21002000101	7031002000103
VAC0573	20250509	1	11002000107	21002000101	7041002000106
VAC0574	20250509	1	11002000107	21002000101	7051002000108
VAC0575	20250509	1	11002000107	21002000101	7061002000105
VAC0576	20250509	1	11002000107	21002000101	7071002000100
VAC0577	20250509	1	11002000107	21002000101	7081002000102
VAC0578	20250509	1	11002000107	21002000101	7091002000104
VAC0579	20250509	1	11002000107	21002000101	7101002000108
VAC0580	20250509	1	11002000107	21002000101	7111002000106
VAC0582	20250509	1	11002000107	21002000101	7131002000102
VAC0585	20250509	1	11002000107	21002000101	7141002000105
VAC0586	20250509	1	11002000107	21002000101	7161002000109
VAC0590	20250509	1	11002000107	21002000101	7171002000104
VAC0591	20250509	1	11002000107	21002000101	7181002000101
VAC0592	20250509	1	11002000107	21002000101	7191002000103
VAC0593	20250509	1	11002000107	21002000101	7201002000100
VAC0594	20250509	1	11002000107	21002000101	7211002000102
VAC0595	20250509	1	11002000107	21002000101	7221002000108
VAC0596	20250509	1	11002000107	21002000101	7231002000106
VAC0598	20250509	1	11002000107	21002000101	7241002000103
VAC0599	20250509	1	11002000107	21002000101	7251002000101
VAC0600	20250509	1	11002000107	21002000101	7261002000104
VAC0601	20250509	1	11002000107	21002000101	7271002000109
VAC0602	20250509	1	11002000107	21002000101	7281002000107
VAC0603	20250509	1	11002000107	21002000101	7291002000105
VAC0610	20250509	1	11002000107	21002000101	7301002000106
VAC0611	20250509	1	11002000107	21002000101	7311002000109
VAC0612	20250509	1	11002000107	21002000101	7321002000103
VAC0613	20250509	1	11002000107	21002000101	7331002000100
VAC0614	20250509	1	11002000107	21002000101	7341002000108
VAC0615	20250509	1	11002000107	21002000101	7351002000105
VAC0620	20250509	1	11002000107	21002000101	7371002000102
VAC0621	20250509	1	11002000107	21002000101	7381002000104
VAC0622	20250509	1	11002000107	21002000101	7391002000101
VAC0623	20250509	1	11002000107	21002000101	7401002000104
VAC0624	20250509	1	11002000107	21002000101	7411002000101
VAC0625	20250509	1	11002000107	21002000101	7421002000107
VAC0626	20250509	1	11002000107	21002000101	7431002000105
VAC0627	20250509	1	11002000107	21002000101	7441002000102
VAC0628	20250509	1	11002000107	21002000101	7451002000100
VAC0631	20250509	1	11002000107	21002000101	7461002000103
VAC0632	20250509	1	11002000107	21002000101	7471002000108
VAC0633	20250509	1	11002000107	21002000101	7491002000109
VAC0634	20250509	1	11002000107	21002000101	7511002000100
VAC0635	20250509	1	11002000107	21002000101	7521002000106
VAC0636	20250509	1	11002000107	21002000101	7531002000109
VAC0637	20250509	1	11002000107	21002000101	7541002000101
VAC0638	20250509	1	11002000107	21002000101	7551002000104
VAC0639	20250509	1	11002000107	21002000101	7561002000102
VAC0640	20250509	1	11002000107	21002000101	7571002000107
VAC0641	20250509	1	11002000107	21002000101	7581002000105
VAC0642	20250509	1	11002000107	21002000101	7601002000102
VAC0643	20250509	1	11002000107	21002000101	7641002000100
VAC0644	20250509	1	11002000107	21002000101	7661002000101
VAC0645	20250509	1	11002000107	21002000101	7671002000106
VAC0646	20250509	1	11002000107	21002000101	7681002000109
VAC0647	20250509	1	11002000107	21002000101	7691002000107
VAC0648	20250509	1	11002000107	21002000101	7711002000105
VAC0649	20250509	1	11002000107	21002000101	7721002000104
VAC0650	20250509	1	11002000107	21002000101	7741002000109
VAC0651	20250509	1	11002000107	21002000101	7761002000108
VAC0652	20250509	1	11002000107	21002000101	7781002000100
VAC0653	20250509	1	11002000107	21002000101	7791002000102
VAC0654	20250509	1	11002000107	21002000101	7801002000101
VAC0655	20250509	1	11002000107	21002000101	7811002000103
VAC0656	20250509	1	11002000107	21002000101	7831002000107
VAC0657	20250509	1	11002000107	21002000101	7851002000102
VAC0658	20250509	1	11002000107	21002000101	7871002000105
VAC0659	20250509	1	11002000107	21002000101	7891002000106
VAC0660	20250509	1	11002000107	21002000101	7901002000105
VAC0661	20250509	1	11002000107	21002000101	7921002000102
VAC0662	20250509	1	11002000107	21002000101	7931002000104
VAC0663	20250509	1	11002000107	21002000101	7941002000107
VAC0664	20250509	1	11002000107	21002000101	7951002000109
VAC0665	20250509	1	11002000107	21002000101	7961002000106
VAC0666	20250509	1	11002000107	21002000101	7981002000103
VAC0667	20250509	1	11002000107	21002000101	8001002000108
VAC0668	20250509	1	11002000107	21002000101	8011002000106
VAC0669	20250509	1	11002000107	21002000101	8031002000102
VAC0670	20250509	1	11002000107	21002000101	8051002000107
VAC0671	20250509	1	11002000107	21002000101	8071002000104
VAC0672	20250509	1	11002000107	21002000101	8081002000101
VAC0673	20250509	1	11002000107	21002000101	8091002000103
VAC0674	20250509	1	11002000107	21002000101	8111002000105
VAC0675	20250509	1	11002000107	21002000101	8121002000104
VAC0676	20250509	1	11002000107	21002000101	8131002000101
VAC0677	20250509	1	11002000107	21002000101	8141002000109
VAC0678	20250509	1	11002000107	21002000101	8161002000108
VAC0679	20250509	1	11002000107	21002000101	8181002000100
VAC0680	20250509	1	11002000107	21002000101	8191002000102
VAC0681	20250509	1	11002000107	21002000101	8201002000104
VAC0682	20250509	1	11002000107	21002000101	8211002000101
VAC0683	20250509	1	11002000107	21002000101	8231002000105
VAC0684	20250509	1	11002000107	21002000101	8241002000102
VAC0685	20250509	1	11002000107	21002000101	8251002000100
VAC0686	20250509	1	11002000107	21002000101	8261002000103
VAC0687	20250509	1	11002000107	21002000101	8271002000108
VAC0688	20250509	1	11002000107	21002000101	8291002000109
VAC0689	20250509	1	11002000107	21002000101	8301002000105
VAC0690	20250509	1	11002000107	21002000101	8311002000108
VAC0691	20250509	1	11002000107	21002000101	8321002000102
VAC0692	20250509	1	11002000107	21002000101	8331002000104
VAC0693	20250509	1	11002000107	21002000101	8341002000107
VAC0694	20250509	1	11002000107	21002000101	8361002000106
VAC0695	20250509	1	11002000107	21002000101	8371002000101
VAC0696	20250509	1	11002000107	21002000101	8381002000103
VAC0697	20250509	1	11002000107	21002000101	8401002000103
VAC0698	20250509	1	11002000107	21002000101	8411002000100
VAC0699	20250509	1	11002000107	21002000101	8421002000106
VAC0701	20250509	1	11002000107	21002000101	8431002000109
VAC0702	20250509	1	11002000107	21002000101	8441002000101
VAC0703	20250509	1	11002000107	21002000101	8451002000104
VAC0705	20250509	1	11002000107	21002000101	8461002000102
VAC0706	20250509	1	11002000107	21002000101	8471002000107
VAC0707	20250509	1	11002000107	21002000101	8481002000105
VAC0708	20250509	1	11002000107	21002000101	8491002000108
VAC0709	20250509	1	11002000107	21002000101	8511002000104
VAC0710	20250509	1	11002000107	21002000101	8521002000105
VAC0711	20250509	1	11002000107	21002000101	8541002000100
VAC0712	20250509	1	11002000107	21002000101	8551002000103
VAC0713	20250509	1	11002000107	21002000101	8561002000101
VAC0714	20250509	1	11002000107	21002000101	8571002000106
VAC0715	20250509	1	11002000107	21002000101	8581002000109
VAC0716	20250509	1	11002000107	21002000101	8591002000107
VAC0717	20250509	1	11002000107	21002000101	8601002000101
VAC0718	20250509	1	11002000107	21002000101	8611002000103
VAC0719	20250509	1	11002000107	21002000101	8621002000109
VAC0720	20250509	1	11002000107	21002000101	8631002000107
VAC0721	20250509	1	11002000107	21002000101	8641002000104
VAC0722	20250509	1	11002000107	21002000101	8651002000102
VAC0723	20250509	1	11002000107	21002000101	8661002000100
VAC0724	20250509	1	11002000107	21002000101	8671002000105
VAC0725	20250509	1	11002000107	21002000101	8681002000108
VAC0726	20250509	1	11002000107	21002000101	8691002000106
VAC0727	20250509	1	11002000107	21002000101	8701002000106
VAC0728	20250509	1	11002000107	21002000101	8721002000103
VAC0729	20250509	1	11002000107	21002000101	8741002000108
VAC0730	20250509	1	11002000107	21002000101	8751002000105
VAC0731	20250509	1	11002000107	21002000101	8761002000107
VAC0732	20250509	1	11002000107	21002000101	8771002000102
VAC0733	20250509	1	11002000107	21002000101	8781002000104
VAC0734	20250509	1	11002000107	21002000101	8791002000101
VAC0735	20250509	1	11002000107	21002000101	8801002000100
VAC0736	20250509	1	11002000107	21002000101	8811002000102
VAC0737	20250509	1	11002000107	21002000101	8821002000108
VAC0739	20250509	1	11002000107	21002000101	8831002000106
VAC0740	20250509	1	11002000107	21002000101	8841002000103
VAC0741	20250509	1	11002000107	21002000101	8851002000101
VAC0742	20250509	1	11002000107	21002000101	8861002000104
VAC0743	20250509	1	11002000107	21002000101	8871002000109
VAC0744	20250509	1	11002000107	21002000101	8881002000107
VAC0745	20250509	1	11002000107	21002000101	8891002000105
VAC0752	20250509	1	11002000107	21002000101	8901002000109
VAC0753	20250509	1	11002000107	21002000101	8911002000107
VAC0754	20250509	1	11002000107	21002000101	8921002000101
VAC0755	20250509	1	11002000107	21002000101	8931002000103
VAC0756	20250509	1	11002000107	21002000101	8941002000106
VAC0757	20250509	1	11002000107	21002000101	8951002000108
VAC0758	20250509	1	11002000107	21002000101	8961002000105
VAC0759	20250509	1	11002000107	21002000101	8971002000100
VAC0760	20250509	1	11002000107	21002000101	8981002000102
VAC0761	20250509	1	11002000107	21002000101	8991002000104
VAC0762	20250509	1	11002000107	21002000101	9011002000101
VAC0763	20250509	1	11002000107	21002000101	9021002000107
VAC0764	20250509	1	11002000107	21002000101	9031002000105
VAC0765	20250509	1	11002000107	21002000101	9041002000102
VAC0766	20250509	1	11002000107	21002000101	9051002000100
VAC0767	20250509	1	11002000107	21002000101	9061002000103
VAC0768	20250509	1	11002000107	21002000101	9081002000106
VAC0769	20250509	1	11002000107	21002000101	9091002000109
VAC0770	20250509	1	11002000107	21002000101	9111002000102
VAC0771	20250509	1	11002000107	21002000101	9121002000108
VAC0772	20250509	1	11002000107	21002000101	9131002000106
VAC0773	20250509	1	11002000107	21002000101	9141002000103
VAC0774	20250509	1	11002000107	21002000101	9151002000101
VAC0775	20250509	1	11002000107	21002000101	9161002000104
VAC0776	20250509	1	11002000107	21002000101	9171002000109
VAC0777	20250509	1	11002000107	21002000101	9181002000107
VAC0778	20250509	1	11002000107	21002000101	9201002000108
VAC0779	20250509	1	11002000107	21002000101	9211002000106
VAC0780	20250509	1	11002000107	21002000101	9241002000105
VAC0781	20250509	1	11002000107	21002000101	9251002000107
VAC0782	20250509	1	11002000107	21002000101	9261002000109
VAC0783	20250509	1	11002000107	21002000101	9271002000104
VAC0784	20250509	1	11002000107	21002000101	9281002000101
VAC0785	20250509	1	11002000107	21002000101	9291002000103
VAC0786	20250509	1	11002000107	21002000101	9351002000103
VAC0787	20250509	1	11002000107	21002000101	9361002000101
VAC0788	20250509	1	11002000107	21002000101	9371002000106
VAC0789	20250509	1	11002000107	21002000101	9381002000109
VAC0790	20250509	1	11002000107	21002000101	9391002000107
VAC0791	20250509	1	11002000107	21002000101	9401002000109
VAC0792	20250509	1	11002000107	21002000101	9411002000107
VAC0793	20250509	1	11002000107	21002000101	9421002000101
VAC0794	20250509	1	11002000107	21002000101	9431002000103
VAC0795	20250509	1	11002000107	21002000101	9451002000108
VAC0796	20250509	1	11002000107	21002000101	9461002000105
VAC0797	20250509	1	11002000107	21002000101	9471002000100
VAC0798	20250509	1	11002000107	21002000101	9481002000102
VAC0799	20250509	1	11002000107	21002000101	9491002000104
VAC0800	20250509	1	11002000107	21002000101	9501002000105
VAC0801	20250509	1	11002000107	21002000101	9511002000108
VAC0802	20250509	1	11002000107	21002000101	9531002000104
VAC0803	20250509	1	11002000107	21002000101	9541002000107
VAC0804	20250509	1	11002000107	21002000101	9561002000106
VAC0805	20250509	1	11002000107	21002000101	9571002000101
VAC0806	20250509	1	11002000107	21002000101	9581002000103
VAC0807	20250509	1	11002000107	21002000101	9591002000100
VAC0808	20250509	1	11002000107	21002000101	9601002000106
VAC0809	20250509	1	11002000107	21002000101	9621002000103
VAC0810	20250509	1	11002000107	21002000101	9641002000108
VAC0811	20250509	1	11002000107	21002000101	9661002000107
VAC0812	20250509	1	11002000107	21002000101	9681002000104
VAC0813	20250509	1	11002000107	21002000101	9701002000101
VAC0814	20250509	1	11002000107	21002000101	9721002000109
VAC0815	20250509	1	11002000107	21002000101	9731002000107
VAC0816	20250509	1	11002000107	21002000101	9741002000104
VAC0817	20250509	1	11002000107	21002000101	9751002000102
VAC0818	20250509	1	11002000107	21002000101	9761002000100
VAC0819	20250509	1	11002000107	21002000101	9781002000108
VAC0820	20250509	1	11002000107	21002000101	9791002000106
VAC0821	20250509	1	11002000107	21002000101	9811002000105
VAC0822	20250509	1	11002000107	21002000101	9831002000101
VAC0823	20250509	1	11002000107	21002000101	9851002000106
VAC0824	20250509	1	11002000107	21002000101	9861002000108
VAC0825	20250509	1	11002000107	21002000101	9871002000103
VAC0826	20250509	1	11002000107	21002000101	9881002000100
VAC0827	20250509	1	11002000107	21002000101	9891002000102
VAC0828	20250509	1	11002000107	21002000101	9901002000103
VAC0829	20250509	1	11002000107	21002000101	9911002000100
VAC0830	20250509	1	11002000107	21002000101	9931002000109
VAC0831	20250509	1	11002000107	21002000101	9951002000104
VAC0832	20250509	1	11002000107	21002000101	9971002000107
VAC0833	20250509	1	11002000107	21002000101	9991002000108
VAC0835	20250509	1	11002000107	21002000101	10001002000108
VAC0836	20250509	1	11002000107	21002000101	10011002000106
VAC0837	20250509	1	11002000107	21002000101	10021002000100
VAC0838	20250509	1	11002000107	21002000101	10031002000102
VAC0839	20250509	1	11002000107	21002000101	10051002000107
VAC0840	20250509	1	11002000107	21002000101	10061002000109
VAC0841	20250509	1	11002000107	21002000101	10071002000104
VAC0842	20250509	1	11002000107	21002000101	10081002000101
VAC0843	20250509	1	11002000107	21002000101	10091002000103
VAC0844	20250509	1	11002000107	21002000101	10101002000107
VAC0845	20250509	1	11002000107	21002000101	10121002000104
VAC0846	20250509	1	11002000107	21002000101	10131002000101
VAC0847	20250509	1	11002000107	21002000101	10141002000109
VAC0848	20250509	1	11002000107	21002000101	10151002000106
VAC0849	20250509	1	11002000107	21002000101	10171002000103
VAC0850	20250509	1	11002000107	21002000101	10181002000100
VAC0851	20250509	1	11002000107	21002000101	10191002000102
VAC0852	20250509	1	11002000107	21002000101	10201002000104
VAC0853	20250509	1	11002000107	21002000101	10211002000101
VAC0854	20250509	1	11002000107	21002000101	10221002000107
VAC0855	20250509	1	11002000107	21002000101	10231002000105
VAC0856	20250509	1	11002000107	21002000101	10241002000102
VAC0857	20250509	1	11002000107	21002000101	10251002000100
VAC0858	20250509	1	11002000107	21002000101	10261002000103
VAC0859	20250509	1	11002000107	21002000101	10271002000108
VAC0860	20250509	1	11002000107	21002000101	10281002000106
VAC0861	20250509	1	11002000107	21002000101	10301002000105
VAC0862	20250509	1	11002000107	21002000101	10311002000108
VAC0863	20250509	1	11002000107	21002000101	10321002000102
VAC0864	20250509	1	11002000107	21002000101	10331002000104
VAC0865	20250509	1	11002000107	21002000101	10341002000107
VAC0866	20250509	1	11002000107	21002000101	10351002000109
VAC0867	20250509	1	11002000107	21002000101	10361002000106
VAC0868	20250509	1	11002000107	21002000101	10371002000101
VAC0869	20250509	1	11002000107	21002000101	10381002000103
VAC0870	20250509	1	11002000107	21002000101	10391002000100
VAC0871	20250509	1	11002000107	21002000101	10401002000103
VAC0872	20250509	1	11002000107	21002000101	10411002000100
VAC0873	20250509	1	11002000107	21002000101	10421002000106
VAC0874	20250509	1	11002000107	21002000101	10431002000109
VAC0875	20250509	1	11002000107	21002000101	10441002000101
VAC0876	20250509	1	11002000107	21002000101	10451002000104
VAC0877	20250509	1	11002000107	21002000101	10461002000102
VAC0878	20250509	1	11002000107	21002000101	10471002000107
VAC0879	20250509	1	11002000107	21002000101	10481002000105
VAC0880	20250509	1	11002000107	21002000101	10491002000108
VAC0881	20250509	1	11002000107	21002000101	10511002000104
VAC0882	20250509	1	11002000107	21002000101	10531002000108
VAC0883	20250509	1	11002000107	21002000101	10541002000100
VAC0884	20250509	1	11002000107	21002000101	10551002000103
VAC0885	20250509	1	11002000107	21002000101	10561002000101
VAC0886	20250509	1	11002000107	21002000101	10571002000106
VAC0887	20250509	1	11002000107	21002000101	10581002000109
VAC0888	20250509	1	11002000107	21002000101	10591002000107
VAC0889	20250509	1	11002000107	21002000101	10601002000101
VAC0890	20250509	1	11002000107	21002000101	10611002000103
VAC0891	20250509	1	11002000107	21002000101	10621002000109
VAC0892	20250509	1	11002000107	21002000101	10631002000107
VAC0893	20250509	1	11002000107	21002000101	10641002000104
VAC0894	20250509	1	11002000107	21002000101	10661002000100
VAC0895	20250509	1	11002000107	21002000101	10681002000108
VAC0896	20250509	1	11002000107	21002000101	10701002000106
VAC0897	20250509	1	11002000107	21002000101	10721002000103
VAC0898	20250509	1	11002000107	21002000101	10741002000108
VAC0899	20250509	1	11002000107	21002000101	10761002000107
VAC0900	20250509	1	11002000107	21002000101	10771002000102
VAC0901	20250509	1	11002000107	21002000101	10781002000104
VAC0902	20250509	1	11002000107	21002000101	10801002000100
VAC0903	20250509	1	11002000107	21002000101	10821002000108
VAC0904	20250509	1	11002000107	21002000101	10841002000103
VAC0905	20250509	1	11002000107	21002000101	10861002000104
VAC0906	20250509	1	11002000107	21002000101	10881002000107
VAC0907	20250509	1	11002000107	21002000101	10901002000109
VAC0908	20250509	1	11002000107	21002000101	10921002000101
VAC0909	20250509	1	11002000107	21002000101	10931002000103
VAC0910	20250509	1	11002000107	21002000101	10941002000106
VAC0911	20250509	1	11002000107	21002000101	10951002000108
VAC0912	20250509	1	11002000107	21002000101	10971002000100
VAC0913	20250509	1	11002000107	21002000101	10981002000102
VAC0914	20250509	1	11002000107	21002000101	10991002000104
VAC0915	20250509	1	11002000107	21002000101	11001002000103
VAC0916	20250509	1	11002000107	21002000101	11011002000100
VAC0917	20250509	1	11002000107	21002000101	11021002000106
VAC0918	20250509	1	11002000107	21002000101	11031002000109
VAC0919	20250509	1	11002000107	21002000101	11041002000101
VAC0920	20250509	1	11002000107	21002000101	11051002000104
VAC0921	20250509	1	11002000107	21002000101	11071002000107
VAC0922	20250509	1	11002000107	21002000101	11081002000105
VAC0923	20250509	1	11002000107	21002000101	11101002000104
VAC0924	20250509	1	11002000107	21002000101	11121002000107
VAC0925	20250509	1	11002000107	21002000101	11131002000105
VAC0926	20250509	1	11002000107	21002000101	11151002000100
VAC0927	20250509	1	11002000107	21002000101	11161002000103
VAC0928	20250509	1	11002000107	21002000101	11181002000106
VAC0929	20250509	1	11002000107	21002000101	11201002000107
VAC0930	20250509	1	11002000107	21002000101	11221002000104
VAC0931	20250509	1	11002000107	21002000101	11241002000109
VAC0932	20250509	1	11002000107	21002000101	11251002000106
VAC0933	20250509	1	11002000107	21002000101	11261002000108
VAC0934	20250509	1	11002000107	21002000101	11271002000103
VAC0935	20250509	1	11002000107	21002000101	11281002000100
VAC0936	20250509	1	11002000107	21002000101	11291002000102
VAC0937	20250509	1	11002000107	21002000101	11311002000103
VAC0938	20250509	1	11002000107	21002000101	11321002000109
VAC0939	20250509	1	11002000107	21002000101	11341002000104
VAC0940	20250509	1	11002000107	21002000101	11361002000100
VAC0941	20250509	1	11002000107	21002000101	11381002000108
VAC0942	20250509	1	11002000107	21002000101	11391002000106
VAC0943	20250509	1	11002000107	21002000101	11401002000108
VAC0944	20250509	1	11002000107	21002000101	11421002000100
VAC0945	20250509	1	11002000107	21002000101	11441002000105
VAC0946	20250509	1	11002000107	21002000101	11451002000107
VAC0947	20250509	1	11002000107	21002000101	11461002000109
VAC0948	20250509	1	11002000107	21002000101	11471002000104
VAC0949	20250509	1	11002000107	21002000101	11481002000101
VAC0950	20250509	1	11002000107	21002000101	11491002000103
VAC0951	20250509	1	11002000107	21002000101	11501002000109
VAC0952	20250509	1	11002000107	21002000101	11511002000107
VAC0953	20250509	1	11002000107	21002000101	11521002000101
VAC0954	20250509	1	11002000107	21002000101	11531002000103
VAC0955	20250509	1	11002000107	21002000101	11541002000106
VAC0956	20250509	1	11002000107	21002000101	11551002000108
VAC0957	20250509	1	11002000107	21002000101	11561002000105
VAC0958	20250509	1	11002000107	21002000101	11571002000100
VAC0959	20250509	1	11002000107	21002000101	11581002000102
VAC0960	20250509	1	11002000107	21002000101	11591002000104
VAC0961	20250509	1	11002000107	21002000101	11601002000105
VAC0962	20250509	1	11002000107	21002000101	11611002000108
VAC0963	20250509	1	11002000107	21002000101	11621002000102
VAC0964	20250509	1	11002000107	21002000101	11631002000104
VAC0965	20250509	1	11002000107	21002000101	11641002000107
VAC0966	20250509	1	11002000107	21002000101	11651002000109
VAC0967	20250509	1	11002000107	21002000101	11661002000106
VAC0968	20250509	1	11002000107	21002000101	11671002000101
VAC0969	20250509	1	11002000107	21002000101	11681002000103
VAC0970	20250509	1	11002000107	21002000101	11691002000100
VAC0971	20250509	1	11002000107	21002000101	11701002000100
VAC0972	20250509	1	11002000107	21002000101	11711002000102
VAC0973	20250509	1	11002000107	21002000101	11721002000108
VAC0974	20250509	1	11002000107	21002000101	11731002000106
VAC0975	20250509	1	11002000107	21002000101	11741002000103
VAC0976	20250509	1	11002000107	21002000101	11751002000101
VAC0977	20250509	1	11002000107	21002000101	11761002000104
VAC0978	20250509	1	11002000107	21002000101	11771002000109
VAC0979	20250509	1	11002000107	21002000101	11781002000107
VAC0980	20250509	1	11002000107	21002000101	11791002000105
VAC0981	20250509	1	11002000107	21002000101	11801002000106
VAC0982	20250509	1	11002000107	21002000101	11811002000109
VAC0983	20250509	1	11002000107	21002000101	11821002000103
VAC0984	20250509	1	11002000107	21002000101	11831002000100
VAC0985	20250509	1	11002000107	21002000101	11841002000108
VAC0986	20250509	1	11002000107	21002000101	11851002000105
VAC0987	20250509	1	11002000107	21002000101	11861002000107
VAC0988	20250509	1	11002000107	21002000101	11871002000102
VAC0989	20250509	1	11002000107	21002000101	11881002000104
VAC0990	20250509	1	11002000107	21002000101	11891002000101
VAC0991	20250509	1	11002000107	21002000101	11901002000102
VAC0992	20250509	1	11002000107	21002000101	11911002000104
VAC0993	20250509	1	11002000107	21002000101	11921002000105
VAC0994	20250509	1	11002000107	21002000101	11931002000108
VAC0995	20250509	1	11002000107	21002000101	11941002000100
VAC0996	20250509	1	11002000107	21002000101	11961002000101
VAC0997	20250509	1	11002000107	21002000101	11971002000106
VAC0998	20250509	1	11002000107	21002000101	11991002000107
VAC0999	20250509	1	11002000107	21002000101	12001002000109
VAC1000	20250509	1	11002000107	21002000101	12011002000107
VAC1001	20250509	1	11002000107	21002000101	12021002000101
VAC1002	20250509	1	11002000107	21002000101	12031002000103
VAC1003	20250509	1	11002000107	21002000101	12041002000106
VAC1004	20250509	1	11002000107	21002000101	12051002000108
VAC1005	20250509	1	11002000107	21002000101	12061002000105
VAC1006	20250509	1	11002000107	21002000101	12071002000100
VAC1007	20250509	1	11002000107	21002000101	12081002000102
VAC1008	20250509	1	11002000107	21002000101	12091002000104
VAC1009	20250509	1	11002000107	21002000101	12101002000108
VAC1010	20250509	1	11002000107	21002000101	12111002000106
VAC1011	20250509	1	11002000107	21002000101	12121002000100
VAC1012	20250509	1	11002000107	21002000101	12131002000102
VAC1013	20250509	1	11002000107	21002000101	12151002000107
VAC1014	20250509	1	11002000107	21002000101	12161002000109
VAC1015	20250509	1	11002000107	21002000101	12171002000104
VAC1016	20250509	1	11002000107	21002000101	12181002000101
VAC1017	20250509	1	11002000107	21002000101	12211002000102
VAC1018	20250509	1	11002000107	21002000101	12221002000108
VAC1019	20250509	1	11002000107	21002000101	12231002000106
VAC1020	20250509	1	11002000107	21002000101	12241002000103
VAC1021	20250509	1	11002000107	21002000101	12271002000109
VAC1022	20250509	1	11002000107	21002000101	12291002000105
VAC1023	20250509	1	11002000107	21002000101	12311002000109
VAC1024	20250509	1	11002000107	21002000101	12331002000100
VAC1025	20250509	1	11002000107	21002000101	12341002000108
VAC1026	20250509	1	11002000107	21002000101	12351002000105
VAC1027	20250509	1	11002000107	21002000101	12371002000102
VAC1028	20250509	1	11002000107	21002000101	12381002000104
VAC1029	20250509	1	11002000107	21002000101	12391002000101
VAC1030	20250509	1	11002000107	21002000101	12401002000104
VAC1031	20250509	1	11002000107	21002000101	12411002000101
VAC1032	20250509	1	11002000107	21002000101	12441002000102
VAC1033	20250509	1	11002000107	21002000101	12471002000108
VAC1034	20250509	1	11002000107	21002000101	12481002000106
VAC1035	20250509	1	11002000107	21002000101	12491002000109
VAC1036	20250509	1	11002000107	21002000101	12511002000100
VAC1037	20250509	1	11002000107	21002000101	12521002000106
VAC1038	20250509	1	11002000107	21002000101	12531002000109
VAC1039	20250509	1	11002000107	21002000101	12541002000101
VAC1040	20250509	1	11002000107	21002000101	12561002000102
VAC1041	20250509	1	11002000107	21002000101	12581002000105
VAC1042	20250509	1	11002000107	21002000101	12601002000102
VAC1043	20250509	1	11002000107	21002000101	12611002000104
VAC1044	20250509	1	11002000107	21002000101	12621002000105
VAC1045	20250509	1	11002000107	21002000101	12631002000108
VAC1046	20250509	1	11002000107	21002000101	12651002000103
VAC1047	20250509	1	11002000107	21002000101	12671002000106
VAC1048	20250509	1	11002000107	21002000101	12681002000109
VAC1049	20250509	1	11002000107	21002000101	12691002000107
VAC1050	20250509	1	11002000107	21002000101	12701002000107
VAC1051	20250509	1	11002000107	21002000101	12721002000104
VAC1052	20250509	1	11002000107	21002000101	12741002000109
VAC1053	20250509	1	11002000107	21002000101	12761002000108
VAC1054	20250509	1	11002000107	21002000101	12791002000102
VAC1055	20250509	1	11002000107	21002000101	12811002000103
VAC1056	20250509	1	11002000107	21002000101	12831002000107
VAC1057	20250509	1	11002000107	21002000101	12841002000104
VAC1058	20250509	1	11002000107	21002000101	12861002000100
VAC1059	20250509	1	11002000107	21002000101	12881002000108
VAC1060	20250509	1	11002000107	21002000101	12891002000106
VAC1061	20250509	1	11002000107	21002000101	12901002000105
VAC1062	20250509	1	11002000107	21002000101	12921002000102
VAC1063	20250509	1	11002000107	21002000101	12941002000107
VAC1064	20250509	1	11002000107	21002000101	12961002000106
VAC1065	20250509	1	11002000107	21002000101	12981002000103
VAC1066	20250509	1	11002000107	21002000101	13001002000104
VAC1067	20250509	1	11002000107	21002000101	13021002000107
VAC1068	20250509	1	11002000107	21002000101	13041002000102
VAC1069	20250509	1	11002000107	21002000101	13061002000103
VAC1070	20250509	1	11002000107	21002000101	13071002000108
VAC1071	20250509	1	11002000107	21002000101	13091002000109
VAC1072	20250509	1	11002000107	21002000101	13101002000100
VAC1073	20250509	1	11002000107	21002000101	13121002000108
VAC1074	20250509	1	11002000107	21002000101	13131002000106
VAC1075	20250509	1	11002000107	21002000101	13151002000101
VAC1076	20250509	1	11002000107	21002000101	13201002000108
VAC1077	20250509	1	11002000107	21002000101	13221002000100
VAC1078	20250509	1	11002000107	21002000101	13231002000102
VAC1079	20250509	1	11002000107	21002000101	13261002000109
VAC1080	20250509	1	11002000107	21002000101	13271002000104
VAC1081	20250509	1	11002000107	21002000101	13301002000102
VAC1082	20250509	1	11002000107	21002000101	13311002000104
VAC1083	20250509	1	11002000107	21002000101	13321002000105
VAC1084	20250509	1	11002000107	21002000101	13331002000108
VAC1085	20250509	1	11002000107	21002000101	13341002000100
VAC1086	20250509	1	11002000107	21002000101	13391002000107
VAC1087	20250509	1	11002000107	21002000101	13401002000109
VAC1088	20250509	1	11002000107	21002000101	13411002000107
VAC1089	20250509	1	11002000107	21002000101	13421002000101
VAC1090	20250509	1	11002000107	21002000101	13431002000103
VAC1091	20250509	1	11002000107	21002000101	13441002000106
VAC1092	20250509	1	11002000107	21002000101	13451002000108
VAC1093	20250509	1	11002000107	21002000101	13461002000105
VAC1094	20250509	1	11002000107	21002000101	13481002000102
VAC1095	20250509	1	11002000107	21002000101	13491002000104
VAC1096	20250509	1	11002000107	21002000101	13501002000105
VAC1097	20250509	1	11002000107	21002000101	13511002000108
VAC1098	20250509	1	11002000107	21002000101	13521002000102
VAC1099	20250509	1	11002000107	21002000101	13541002000107
VAC1100	20250509	1	11002000107	21002000101	13551002000109
VAC1101	20250509	1	11002000107	21002000101	13561002000106
VAC1102	20250509	1	11002000107	21002000101	13571002000101
VAC1103	20250509	1	11002000107	21002000101	13581002000103
VAC1104	20250509	1	11002000107	21002000101	13591002000100
VAC1105	20250509	1	11002000107	21002000101	13601002000106
VAC1106	20250509	1	11002000107	21002000101	13611002000109
VAC1107	20250509	1	11002000107	21002000101	13631002000100
VAC1108	20250509	1	11002000107	21002000101	13661002000107
VAC1109	20250509	1	11002000107	21002000101	13671002000102
VAC1110	20250509	1	11002000107	21002000101	13681002000104
VAC1111	20250509	1	11002000107	21002000101	13691002000101
VAC1112	20250509	1	11002000107	21002000101	13701002000101
VAC1113	20250509	1	11002000107	21002000101	13711002000103
VAC1114	20250509	1	11002000107	21002000101	13721002000109
VAC1115	20250509	1	11002000107	21002000101	13731002000107
VAC1116	20250509	1	11002000107	21002000101	13741002000104
VAC1117	20250509	1	11002000107	21002000101	13751002000102
VAC1118	20250509	1	11002000107	21002000101	13761002000100
VAC1119	20250509	1	11002000107	21002000101	13771002000105
VAC1120	20250509	1	11002000107	21002000101	13781002000108
VAC1121	20250509	1	11002000107	21002000101	13791002000106
VAC1122	20250509	1	11002000107	21002000101	13801002000107
VAC1123	20250509	1	11002000107	21002000101	13811002000105
VAC1124	20250509	1	11002000107	21002000101	13821002000104
VAC1125	20250509	1	11002000107	21002000101	13831002000101
VAC1126	20250509	1	11002000107	21002000101	13841002000109
VAC1127	20250509	1	11002000107	21002000101	13851002000106
VAC1128	20250509	1	11002000107	21002000101	13861002000108
VAC1129	20250509	1	11002000107	21002000101	13871002000103
VAC1130	20250509	1	11002000107	21002000101	13881002000100
VAC1131	20250509	1	11002000107	21002000101	13891002000102
VAC1132	20250509	1	11002000107	21002000101	13901002000103
VAC1133	20250509	1	11002000107	21002000101	13911002000100
VAC1134	20250509	1	11002000107	21002000101	13921002000106
VAC1135	20250509	1	11002000107	21002000101	13931002000109
VAC1136	20250509	1	11002000107	21002000101	13941002000101
VAC1137	20250509	1	11002000107	21002000101	13951002000104
VAC1138	20250509	1	11002000107	21002000101	13961002000102
VAC1139	20250509	1	11002000107	21002000101	13971002000107
VAC1140	20250509	1	11002000107	21002000101	13981002000105
VAC1141	20250509	1	11002000107	21002000101	14001002000101
VAC1142	20250509	1	11002000107	21002000101	14011002000103
VAC1143	20250509	1	11002000107	21002000101	14021002000109
VAC1144	20250509	1	11002000107	21002000101	14031002000107
VAC1145	20250509	1	11002000107	21002000101	14041002000104
VAC1146	20250509	1	11002000107	21002000101	14051002000102
VAC1147	20250509	1	11002000107	21002000101	14061002000100
VAC1148	20250509	1	11002000107	21002000101	14071002000105
VAC1149	20250509	1	11002000107	21002000101	14081002000108
VAC1150	20250509	1	11002000107	21002000101	14091002000106
VAC1151	20250509	1	11002000107	21002000101	14101002000102
VAC1152	20250509	1	11002000107	21002000101	14111002000104
VAC1153	20250509	1	11002000107	21002000101	14121002000105
VAC1154	20250509	1	11002000107	21002000101	14131002000108
VAC1155	20250509	1	11002000107	21002000101	14141002000100
VAC1156	20250509	1	11002000107	21002000101	14151002000103
VAC1157	20250509	1	11002000107	21002000101	14161002000101
VAC1158	20250509	1	11002000107	21002000101	14171002000106
VAC1159	20250509	1	11002000107	21002000101	14181002000109
VAC1160	20250509	1	11002000107	21002000101	14191002000107
VAC1161	20250509	1	11002000107	21002000101	14201002000105
VAC1162	20250509	1	11002000107	21002000101	14211002000108
VAC1163	20250509	1	11002000107	21002000101	14221002000102
VAC1164	20250509	1	11002000107	21002000101	14231002000104
VAC1165	20250509	1	11002000107	21002000101	14241002000107
VAC1166	20250509	1	11002000107	21002000101	14251002000109
VAC1167	20250509	1	11002000107	21002000101	14261002000106
VAC1168	20250509	1	11002000107	21002000101	14271002000101
VAC1169	20250509	1	11002000107	21002000101	14281002000103
VAC1170	20250509	1	11002000107	21002000101	14291002000100
VAC1171	20250509	1	11002000107	21002000101	14301002000104
VAC1172	20250509	1	11002000107	21002000101	14311002000101
VAC1173	20250509	1	11002000107	21002000101	14321002000107
VAC1174	20250509	1	11002000107	21002000101	14331002000105
VAC1175	20250509	1	11002000107	21002000101	14341002000102
VAC1176	20250509	1	11002000107	21002000101	14351002000100
VAC1177	20250509	1	11002000107	21002000101	14361002000103
VAC1178	20250509	1	11002000107	21002000101	14371002000108
VAC1179	20250509	1	11002000107	21002000101	14381002000106
VAC1180	20250509	1	11002000107	21002000101	14391002000109
VAC1181	20250509	1	11002000107	21002000101	14401002000106
VAC1182	20250509	1	11002000107	21002000101	14411002000109
VAC1183	20250509	1	11002000107	21002000101	14421002000103
VAC1184	20250509	1	11002000107	21002000101	14431002000100
VAC1185	20250509	1	11002000107	21002000101	14441002000108
VAC1186	20250509	1	11002000107	21002000101	14451002000105
VAC1187	20250509	1	11002000107	21002000101	14461002000107
VAC1188	20250509	1	11002000107	21002000101	14471002000102
VAC1189	20250509	1	11002000107	21002000101	14481002000104
VAC1190	20250509	1	11002000107	21002000101	14491002000101
VAC1191	20250509	1	11002000107	21002000101	14501002000107
VAC1192	20250509	1	11002000107	21002000101	14511002000105
VAC1193	20250509	1	11002000107	21002000101	14521002000104
VAC1194	20250509	1	11002000107	21002000101	14531002000101
VAC1195	20250509	1	11002000107	21002000101	14541002000109
VAC1196	20250509	1	11002000107	21002000101	14551002000106
VAC1197	20250509	1	11002000107	21002000101	14561002000108
VAC1198	20250509	1	11002000107	21002000101	14571002000103
VAC1199	20250509	1	11002000107	21002000101	14581002000100
VAC1200	20250509	1	11002000107	21002000101	14591002000102
VAC1201	20250509	1	11002000107	21002000101	14601002000108
VAC1202	20250509	1	11002000107	21002000101	14611002000106
VAC1203	20250509	1	11002000107	21002000101	14621002000100
VAC1204	20250509	1	11002000107	21002000101	14641002000105
VAC1205	20250509	1	11002000107	21002000101	14651002000107
VAC1206	20250509	1	11002000107	21002000101	14661002000109
VAC1207	20250509	1	11002000107	21002000101	14671002000104
VAC1208	20250509	1	11002000107	21002000101	14681002000101
VAC1209	20250509	1	11002000107	21002000101	14691002000103
VAC1210	20250509	1	11002000107	21002000101	14701002000103
VAC1211	20250509	1	11002000107	21002000101	14711002000100
VAC1212	20250509	1	11002000107	21002000101	14721002000106
VAC1213	20250509	1	11002000107	21002000101	14731002000109
VAC1214	20250509	1	11002000107	21002000101	14741002000101
VAC1215	20250509	1	11002000107	21002000101	14751002000104
VAC1216	20250509	1	11002000107	21002000101	14761002000102
VAC1217	20250509	1	11002000107	21002000101	14771002000107
VAC1218	20250509	1	11002000107	21002000101	14781002000105
VAC1219	20250509	1	11002000107	21002000101	14791002000108
VAC1220	20250509	1	11002000107	21002000101	14801002000109
VAC1221	20250509	1	11002000107	21002000101	14811002000107
VAC1222	20250509	1	11002000107	21002000101	14821002000101
VAC1223	20250509	1	11002000107	21002000101	14831002000103
VAC1224	20250509	1	11002000107	21002000101	14841002000106
VAC1225	20250509	1	11002000107	21002000101	14851002000108
VAC1226	20250509	1	11002000107	21002000101	14861002000105
VAC1227	20250509	1	11002000107	21002000101	14871002000100
VAC1228	20250509	1	11002000107	21002000101	14881002000102
VAC1229	20250509	1	11002000107	21002000101	14891002000104
VAC1230	20250509	1	11002000107	21002000101	14901002000100
VAC1231	20250509	1	11002000107	21002000101	14911002000102
VAC1232	20250509	1	11002000107	21002000101	14921002000108
VAC1233	20250509	1	11002000107	21002000101	14931002000106
VAC1234	20250509	1	11002000107	21002000101	14941002000103
VAC1235	20250509	1	11002000107	21002000101	14951002000101
VAC1236	20250509	1	11002000107	21002000101	14961002000104
VAC1237	20250509	1	11002000107	21002000101	14971002000109
VAC1238	20250509	1	11002000107	21002000101	14981002000107
VAC1239	20250509	1	11002000107	21002000101	14991002000105
VAC1240	20250509	1	11002000107	21002000101	15001002000100
VAC1241	20250509	1	11002000107	21002000101	15011002000102
VAC1242	20250509	1	11002000107	21002000101	15021002000108
VAC1243	20250509	1	11002000107	21002000101	15031002000106
VAC1244	20250509	1	11002000107	21002000101	15041002000103
VAC1245	20250509	1	11002000107	21002000101	15051002000101
VAC1246	20250509	1	11002000107	21002000101	15071002000109
VAC1247	20250509	1	11002000107	21002000101	15081002000107
VAC1248	20250509	1	11002000107	21002000101	15091002000105
VAC1249	20250509	1	11002000107	21002000101	15101002000101
VAC1250	20250509	1	11002000107	21002000101	15111002000103
VAC1251	20250509	1	11002000107	21002000101	15121002000109
VAC1252	20250509	1	11002000107	21002000101	15131002000107
VAC1253	20250509	1	11002000107	21002000101	15141002000104
VAC1254	20250509	1	11002000107	21002000101	15241002000106
VAC1255	20250509	1	11002000107	21002000101	15261002000105
VAC1256	20250509	1	11002000107	21002000101	15271002000100
VAC1257	20250509	1	11002000107	21002000101	15281002000102
VAC1258	20250509	1	11002000107	21002000101	15301002000103
VAC1259	20250509	1	11002000107	21002000101	15321002000106
VAC1260	20250509	1	11002000107	21002000101	15341002000101
VAC1261	20250509	1	11002000107	21002000101	15361002000102
VAC1262	20250509	1	11002000107	21002000101	15381002000105
VAC1263	20250509	1	11002000107	21002000101	15401002000105
VAC1264	20250509	1	11002000107	21002000101	15421002000102
VAC1265	20250509	1	11002000107	21002000101	15431002000104
VAC1266	20250509	1	11002000107	21002000101	15441002000107
VAC1267	20250509	1	11002000107	21002000101	15461002000106
VAC1268	20250509	1	11002000107	21002000101	15481002000103
VAC1269	20250509	1	11002000107	21002000101	15501002000106
VAC1270	20250509	1	11002000107	21002000101	15511002000109
VAC1271	20250509	1	11002000107	21002000101	15521002000103
VAC1272	20250509	1	11002000107	21002000101	15541002000108
VAC1273	20250509	1	11002000107	21002000101	15551002000105
VAC1274	20250509	1	11002000107	21002000101	15561002000107
VAC1275	20250509	1	11002000107	21002000101	15571002000102
VAC1276	20250509	1	11002000107	21002000101	15581002000104
VAC1277	20250509	1	11002000107	21002000101	15601002000107
VAC1278	20250509	1	11002000107	21002000101	15611002000105
VAC1279	20250509	1	11002000107	21002000101	15621002000104
VAC1280	20250509	1	11002000107	21002000101	15631002000101
VAC1281	20250509	1	11002000107	21002000101	15641002000109
VAC1282	20250509	1	11002000107	21002000101	15651002000106
VAC1283	20250509	1	11002000107	21002000101	15661002000108
VAC1284	20250509	1	11002000107	21002000101	15671002000103
VAC1285	20250509	1	11002000107	21002000101	15681002000100
VAC1286	20250509	1	11002000107	21002000101	15691002000102
VAC1287	20250509	1	11002000107	21002000101	15701002000102
VAC1288	20250509	1	11002000107	21002000101	15711002000104
VAC1289	20250509	1	11002000107	21002000101	15721002000105
VAC1290	20250509	1	11002000107	21002000101	15731002000108
VAC1291	20250509	1	11002000107	21002000101	15741002000100
VAC1292	20250509	1	11002000107	21002000101	15751002000103
VAC1293	20250509	1	11002000107	21002000101	15761002000101
VAC1294	20250509	1	11002000107	21002000101	15771002000106
VAC1295	20250509	1	11002000107	21002000101	15781002000109
VAC1296	20250509	1	11002000107	21002000101	15791002000107
VAC1297	20250509	1	11002000107	21002000101	15801002000108
VAC1298	20250509	1	11002000107	21002000101	15811002000106
VAC1299	20250509	1	11002000107	21002000101	15821002000100
VAC1300	20250509	1	11002000107	21002000101	15831002000102
VAC1301	20250509	1	11002000107	21002000101	15841002000105
VAC1302	20250509	1	11002000107	21002000101	15851002000107
VAC1303	20250509	1	11002000107	21002000101	15861002000109
VAC1304	20250509	1	11002000107	21002000101	15871002000104
VAC1305	20250509	1	11002000107	21002000101	15881002000101
VAC1306	20250509	1	11002000107	21002000101	15901002000104
VAC1307	20250509	1	11002000107	21002000101	15921002000107
VAC1308	20250509	1	11002000107	21002000101	15931002000105
VAC1309	20250509	1	11002000107	21002000101	15941002000102
VAC1310	20250509	1	11002000107	21002000101	15951002000100
VAC1311	20250509	1	11002000107	21002000101	15971002000108
VAC1312	20250509	1	11002000107	21002000101	15981002000106
VAC1313	20250509	1	11002000107	21002000101	15991002000109
VAC1314	20250509	1	11002000107	21002000101	16001002000105
VAC1315	20250509	1	11002000107	21002000101	16011002000108
VAC1316	20250509	1	11002000107	21002000101	16021002000102
VAC1317	20250509	1	11002000107	21002000101	16031002000104
VAC1318	20250509	1	11002000107	21002000101	16041002000107
VAC1319	20250509	1	11002000107	21002000101	16051002000109
VAC1320	20250509	1	11002000107	21002000101	16061002000106
VAC1321	20250509	1	11002000107	21002000101	16071002000101
VAC1322	20250509	1	11002000107	21002000101	16081002000103
VAC1323	20250509	1	11002000107	21002000101	16091002000100
VAC1324	20250509	1	11002000107	21002000101	16111002000107
VAC1325	20250509	1	11002000107	21002000101	16121002000101
VAC1326	20250509	1	11002000107	21002000101	16131002000103
VAC1327	20250509	1	11002000107	21002000101	16141002000106
VAC1328	20250509	1	11002000107	21002000101	16151002000108
VAC1329	20250509	1	11002000107	21002000101	16161002000105
VAC1330	20250509	1	11002000107	21002000101	16171002000100
VAC1331	20250509	1	11002000107	21002000101	16181002000102
VAC1332	20250509	1	11002000107	21002000101	16201002000101
VAC1333	20250509	1	11002000107	21002000101	16221002000109
VAC1334	20250509	1	11002000107	21002000101	16241002000104
VAC1335	20250509	1	11002000107	21002000101	16251002000102
VAC1336	20250509	1	11002000107	21002000101	16261002000100
VAC1337	20250509	1	11002000107	21002000101	16281002000108
VAC1338	20250509	1	11002000107	21002000101	16291002000106
VAC1339	20250509	1	11002000107	21002000101	16311002000105
VAC1340	20250509	1	11002000107	21002000101	16321002000104
VAC1341	20250509	1	11002000107	21002000101	16341002000109
VAC1342	20250509	1	11002000107	21002000101	16351002000106
VAC1343	20250509	1	11002000107	21002000101	16361002000108
VAC1344	20250509	1	11002000107	21002000101	16371002000103
VAC1345	20250509	1	11002000107	21002000101	16381002000100
VAC1346	20250509	1	11002000107	21002000101	16391002000102
VAC1347	20250509	1	11002000107	21002000101	16401002000100
VAC1348	20250509	1	11002000107	21002000101	16411002000102
VAC1349	20250509	1	11002000107	21002000101	16421002000108
VAC1350	20250509	1	11002000107	21002000101	16431002000106
VAC1351	20250509	1	11002000107	21002000101	16441002000103
VAC1352	20250509	1	11002000107	21002000101	16451002000101
VAC1353	20250509	1	11002000107	21002000101	16461002000104
VAC1354	20250509	1	11002000107	21002000101	16471002000109
VAC1355	20250509	1	11002000107	21002000101	16481002000107
VAC1356	20250509	1	11002000107	21002000101	16491002000105
VAC1357	20250509	1	11002000107	21002000101	16501002000104
VAC1358	20250509	1	11002000107	21002000101	16511002000101
VAC1359	20250509	1	11002000107	21002000101	16521002000107
VAC1360	20250509	1	11002000107	21002000101	16531002000105
VAC1361	20250509	1	11002000107	21002000101	16541002000102
VAC1362	20250509	1	11002000107	21002000101	16551002000100
VAC1363	20250509	1	11002000107	21002000101	16561002000103
VAC1364	20250509	1	11002000107	21002000101	16571002000108
VAC1365	20250509	1	11002000107	21002000101	16581002000106
VAC1366	20250509	1	11002000107	21002000101	16591002000109
VAC1367	20250509	1	11002000107	21002000101	16601002000103
VAC1368	20250509	1	11002000107	21002000101	16611002000100
VAC1369	20250509	1	11002000107	21002000101	16621002000106
VAC1370	20250509	1	11002000107	21002000101	16631002000109
VAC1371	20250509	1	11002000107	21002000101	16641002000101
VAC1372	20250509	1	11002000107	21002000101	16651002000104
VAC1373	20250509	1	11002000107	21002000101	16661002000102
VAC1374	20250509	1	11002000107	21002000101	16671002000107
VAC1375	20250509	1	11002000107	21002000101	16681002000105
VAC1376	20250509	1	11002000107	21002000101	16691002000108
VAC1377	20250509	1	11002000107	21002000101	16711002000106
VAC1378	20250509	1	11002000107	21002000101	16721002000100
VAC1379	20250509	1	11002000107	21002000101	16731002000102
VAC1380	20250509	1	11002000107	21002000101	16741002000105
VAC1381	20250509	1	11002000107	21002000101	16751002000107
VAC1382	20250509	1	11002000107	21002000101	16771002000104
VAC1383	20250509	1	11002000107	21002000101	16781002000101
VAC1384	20250509	1	11002000107	21002000101	16791002000103
VAC1385	20250509	1	11002000107	21002000101	16801002000102
VAC1386	20250509	1	11002000107	21002000101	16811002000104
VAC1387	20250509	1	11002000107	21002000101	16821002000105
VAC1388	20250509	1	11002000107	21002000101	16831002000108
VAC1389	20250509	1	11002000107	21002000101	16841002000100
VAC1390	20250509	1	11002000107	21002000101	16851002000103
VAC1391	20250509	1	11002000107	21002000101	16861002000101
VAC1392	20250509	1	11002000107	21002000101	16871002000106
VAC1393	20250509	1	11002000107	21002000101	16881002000109
VAC1394	20250509	1	11002000107	21002000101	16891002000107
VAC1395	20250509	1	11002000107	21002000101	16901002000106
VAC1396	20250509	1	11002000107	21002000101	16911002000109
VAC1397	20250509	1	11002000107	21002000101	16921002000103
VAC1398	20250509	1	11002000107	21002000101	16931002000100
VAC1399	20250509	1	11002000107	21002000101	16941002000108
VAC1400	20250509	1	11002000107	21002000101	16951002000105
VAC1401	20250509	1	11002000107	21002000101	16961002000107
VAC1402	20250509	1	11002000107	21002000101	16971002000102
VAC1403	20250509	1	11002000107	21002000101	16981002000104
VAC1404	20250509	1	11002000107	21002000101	16991002000101
VAC1405	20250509	1	11002000107	21002000101	17001002000107
VAC1406	20250509	1	11002000107	21002000101	17011002000105
VAC1407	20250509	1	11002000107	21002000101	17021002000104
VAC1408	20250509	1	11002000107	21002000101	17031002000101
VAC1409	20250509	1	11002000107	21002000101	17041002000109
VAC1410	20250509	1	11002000107	21002000101	17051002000106
VAC1411	20250509	1	11002000107	21002000101	17061002000108
VAC1412	20250509	1	11002000107	21002000101	17071002000103
VAC1413	20250509	1	11002000107	21002000101	17081002000100
VAC1414	20250509	1	11002000107	21002000101	17091002000102
VAC1415	20250509	1	11002000107	21002000101	17101002000106
VAC1416	20250509	1	11002000107	21002000101	17111002000109
VAC1417	20250509	1	11002000107	21002000101	17121002000103
VAC1418	20250509	1	11002000107	21002000101	17131002000100
VAC1419	20250509	1	11002000107	21002000101	17141002000108
VAC1420	20250509	1	11002000107	21002000101	17151002000105
VAC1421	20250509	1	11002000107	21002000101	17161002000107
VAC1422	20250509	1	11002000107	21002000101	17171002000102
VAC1423	20250509	1	11002000107	21002000101	17181002000104
VAC1424	20250509	1	11002000107	21002000101	17191002000101
VAC1425	20250509	1	11002000107	21002000101	17201002000103
VAC1426	20250509	1	11002000107	21002000101	17211002000100
VAC1427	20250509	1	11002000107	21002000101	17221002000106
VAC1428	20250509	1	11002000107	21002000101	17231002000109
VAC1429	20250509	1	11002000107	21002000101	17241002000101
VAL001	20250509	1	11002000107	21002000101	2861002000102
VAL002	20250509	1	11002000107	21002000101	16761002000109
VAL003	20250509	1	11002000107	21002000101	2371002000104
VAL004	20250509	1	11002000107	21002000101	1751002000103
VAL005	20250509	1	11002000107	21002000101	391002000107
VAL006	20250509	1	11002000107	21002000101	2751002000108
VAL007	20250509	1	11002000107	21002000101	7151002000107
VAL008	20250509	1	11002000107	21002000101	331002000108
VAL009	20250509	1	11002000107	21002000101	6661002000104
VAL010	20250509	1	11002000107	21002000101	1391002000108
VAL011	20250509	1	11002000107	21002000101	7881002000108
VAL012	20250509	1	11002000107	21002000101	271002000104
VAL013	20250509	1	11002000107	21002000101	6991002000103
VAL014	20250509	1	11002000107	21002000101	2071002000102
VAL015	20250509	1	11002000107	21002000101	71002000100
VAL016	20250509	1	11002000107	21002000101	6291002000108
VAL017	20250509	1	11002000107	21002000101	891002000102
VAL018	20250509	1	11002000107	21002000101	11981002000109
VAL019	20250509	1	11002000107	21002000101	5811002000108
VAL020	20250509	1	11002000107	21002000101	2721002000101
VAL021	20250509	1	11002000107	21002000101	11411002000106
VAL022	20250509	1	11002000107	21002000101	2301002000108
VAL023	20250509	1	11002000107	21002000101	11111002000101
VAL024	20250509	1	11002000107	21002000101	17281002000105
VAL025	20250509	1	11002000107	21002000101	2621002000107
VAL026	20250509	1	11002000107	21002000101	1591002000101
VAL027	20250509	1	11002000107	21002000101	7971002000101
VAL028	20250509	1	11002000107	21002000101	17261002000102
VAL029	20250509	1	11002000107	21002000101	9841002000109
VAL030	20250509	1	11002000107	21002000101	4011002000100
VAL031	20250509	1	11002000107	21002000101	2501002000100
VAL032	20250509	1	11002000107	21002000101	1071002000109
VAL033	20250509	1	11002000107	21002000101	1801002000108
VAL034	20250509	1	11002000107	21002000101	901002000103
VAL035	20250509	1	11002000107	21002000101	7911002000108
VAL036	20250509	1	11002000107	21002000101	6591002000106
VAL037	20250509	1	11002000107	21002000101	411002000107
VAL038	20250509	1	11002000107	21002000101	8101002000107
VAL039	20250509	1	11002000107	21002000101	8151002000106
VAL040	20250509	1	11002000107	21002000101	6471002000106
VAL041	20250509	1	11002000107	21002000101	7611002000104
VAL042	20250509	1	11002000107	21002000101	2331002000102
VAL043	20250509	1	11002000107	21002000101	15391002000108
VAL044	20250509	1	11002000107	21002000101	1351002000104
VAL045	20250509	1	11002000107	21002000101	1781002000109
VAL046	20250509	1	11002000107	21002000101	6401002000102
VAL047	20250509	1	11002000107	21002000101	4391002000106
VAL048	20250509	1	11002000107	21002000101	4361002000100
VAL049	20250509	1	11002000107	21002000101	3081002000108
VAL050	20250509	1	11002000107	21002000101	7771002000103
VAL051	20250509	1	11002000107	21002000101	1651002000106
VAL052	20250509	1	11002000107	21002000101	211002000106
VAL053	20250509	1	11002000107	21002000101	8221002000107
VAL054	20250509	1	11002000107	21002000101	8351002000109
VAL055	20250509	1	11002000107	21002000101	4301002000101
VAL056	20250509	1	11002000107	21002000101	121002000108
VAL057	20250509	1	11002000107	21002000101	2571002000109
VAL058	20250509	1	11002000107	21002000101	9801002000107
VAL059	20250509	1	11002000107	21002000101	6521002000109
VAL060	20250509	1	11002000107	21002000101	7361002000107
VAL061	20250509	1	11002000107	21002000101	8171002000103
VAL062	20250509	1	11002000107	21002000101	151002000101
VAL063	20250509	1	11002000107	21002000101	3171002000106
VAL064	20250509	1	11002000107	21002000101	17341002000106
VAL065	20250509	1	11002000107	21002000101	7651002000103
VAL066	20250509	1	11002000107	21002000101	8281002000106
VAL067	20250509	1	11002000107	21002000101	131002000106
VAL068	20250509	1	11002000107	21002000101	2211002000104
VAL069	20250509	1	11002000107	21002000101	7731002000101
VAL070	20250509	1	11002000107	21002000101	8041002000105
VAL071	20250509	1	11002000107	21002000101	1771002000106
VAL072	20250509	1	11002000107	21002000101	7121002000100
VAL073	20250509	1	11002000107	21002000101	8711002000109
VAL074	20250509	1	11002000107	21002000101	7591002000108
VAL075	20250509	1	11002000107	21002000101	971002000107
VAL076	20250509	1	11002000107	21002000101	12361002000107
VAL077	20250509	1	11002000107	21002000101	371002000106
VAL078	20250509	1	11002000107	21002000101	7621002000105
VAL079	20250509	1	11002000107	21002000101	381002000109
VAL080	20250509	1	11002000107	21002000101	2271002000106
VAL081	20250509	1	11002000107	21002000101	2481002000108
VAL082	20250509	1	11002000107	21002000101	2661002000103
VAL083	20250509	1	11002000107	21002000101	2381002000101
VAL084	20250509	1	11002000107	21002000101	8391002000100
VAL085	20250509	1	11002000107	21002000101	1811002000106
VAL086	20250509	1	11002000107	21002000101	8501002000102
VAL087	20250509	1	11002000107	21002000101	6751002000109
VAL088	20250509	1	11002000107	21002000101	5651002000108
VAL089	20250509	1	11002000107	21002000101	9771002000105
VAL090	20250509	1	11002000107	21002000101	1891002000103
VAL091	20250509	1	11002000107	21002000101	5471002000103
VAL092	20250509	1	11002000107	21002000101	991002000108
VAL093	20250509	1	11002000107	21002000101	4541002000106
VAL094	20250509	1	11002000107	21002000101	3541002000109
VAL095	20250509	1	11002000107	21002000101	9101002000100
VAL096	20250509	1	11002000107	21002000101	1111002000103
VAL097	20250509	1	11002000107	21002000101	111002000102
VAL098	20250509	1	11002000107	21002000101	6201002000103
VAL099	20250509	1	11002000107	21002000101	1971002000108
VAL100	20250509	1	11002000107	21002000101	2521002000108
VAL101	20250509	1	11002000107	21002000101	9071002000108
VAL102	20250509	1	11002000107	21002000101	6631002000106
VAL103	20250509	1	11002000107	21002000101	2461002000100
VAL104	20250509	1	11002000107	21002000101	8061002000109
VAL105	20250509	1	11002000107	21002000101	1731002000108
VAL106	20250509	1	11002000107	21002000101	2691002000109
VAL107	20250509	1	11002000107	21002000101	7991002000100
VAL108	20250509	1	11002000107	21002000101	7481002000106
VAL109	20250509	1	11002000107	21002000101	7501002000103
VAL110	20250509	1	11002000107	21002000101	5191002000108
VAL111	20250509	1	11002000107	21002000101	13141002000103
VAL112	20250509	1	11002000107	21002000101	6921002000100
VAL113	20250509	1	11002000107	21002000101	1141002000104
VAL114	20250509	1	11002000107	21002000101	251002000107
VAL115	20250509	1	11002000107	21002000101	1171002000105
VAL116	20250509	1	11002000107	21002000101	5031002000108
VAL117	20250509	1	11002000107	21002000101	9441002000106
VAL118	20250509	1	11002000107	21002000101	9651002000105
VAL119	20250509	1	11002000107	21002000101	9611002000109
VAL120	20250509	1	11002000107	21002000101	9631002000100
VAL121	20250509	1	11002000107	21002000101	10111002000105
VAL122	20250509	1	11002000107	21002000101	17251002000104
VAL123	20250509	1	11002000107	21002000101	931002000109
VAL124	20250509	1	11002000107	21002000101	9191002000105
VAL125	20250509	1	11002000107	21002000101	1081002000107
VAL126	20250509	1	11002000107	21002000101	9941002000101
VAL127	20250509	1	11002000107	21002000101	17401002000102
VAL128	20250509	1	11002000107	21002000101	2041002000108
VAL129	20250509	1	11002000107	21002000101	9961002000102
VAL130	20250509	1	11002000107	21002000101	3431002000100
VAL131	20250509	1	11002000107	21002000101	9671002000102
VAL132	20250509	1	11002000107	21002000101	1821002000100
VAL133	20250509	1	11002000107	21002000101	9521002000102
VAL135	20250509	1	11002000107	21002000101	8021002000100
VAL136	20250509	1	11002000107	21002000101	7631002000108
VAL137	20250509	1	11002000107	21002000101	441002000106
VAL138	20250509	1	11002000107	21002000101	431002000103
VAL139	20250509	1	11002000107	21002000101	421002000101
VAL140	20250509	1	11002000107	21002000101	9821002000104
VAL141	20250509	1	11002000107	21002000101	6431002000108
VAL142	20250509	1	11002000107	21002000101	1221002000101
VAL143	20250509	1	11002000107	21002000101	1321002000106
VAL144	20250509	1	11002000107	21002000101	91002000104
VAL145	20250509	1	11002000107	21002000101	1301002000103
VAL146	20250509	1	11002000107	21002000101	10041002000105
VAL147	20250509	1	11002000107	21002000101	1711002000104
VAL148	20250509	1	11002000107	21002000101	4781002000107
VAL149	20250509	1	11002000107	21002000101	17491002000107
VAL150	20250509	1	11002000107	21002000101	2641002000102
VAL151	20250509	1	11002000107	21002000101	10161002000108
VAL152	20250509	1	11002000107	21002000101	3511002000105
VAL153	20250509	1	11002000107	21002000101	4631002000104
VAL154	20250509	1	11002000107	21002000101	3651002000107
VAL155	20250509	1	11002000107	21002000101	3251002000109
VAL156	20250509	1	11002000107	21002000101	51002000108
VAL157	20250509	1	11002000107	21002000101	7701002000107
VAL158	20250509	1	11002000107	21002000101	3621002000100
VAL159	20250509	1	11002000107	21002000101	9921002000106
VAL160	20250509	1	11002000107	21002000101	10871002000109
VAL161	20250509	1	11002000107	21002000101	10291002000109
VAL162	20250509	1	11002000107	21002000101	17411002000104
VAL163	20250509	1	11002000107	21002000101	12591002000108
VAL164	20250509	1	11002000107	21002000101	17301002000109
VAL165	20250509	1	11002000107	21002000101	17431002000108
VAL166	20250509	1	11002000107	21002000101	3701002000103
VAL167	20250509	1	11002000107	21002000101	8731002000100
VAL168	20250509	1	11002000107	21002000101	12571002000107
VAL169	20250509	1	11002000107	21002000101	9001002000104
VAL170	20250509	1	11002000107	21002000101	291002000103
VAL171	20250509	1	11002000107	21002000101	10671002000105
VAL172	20250509	1	11002000107	21002000101	10691002000106
VAL173	20250509	1	11002000107	21002000101	10521002000105
VAL174	20250509	1	11002000107	21002000101	10711002000109
VAL175	20250509	1	11002000107	21002000101	10731002000100
VAL176	20250509	1	11002000107	21002000101	10751002000105
VAL177	20250509	1	11002000107	21002000101	17361002000105
VAL178	20250509	1	11002000107	21002000101	12421002000107
VAL180	20250509	1	11002000107	21002000101	7821002000109
VAL181	20250509	1	11002000107	21002000101	12431002000105
VAL182	20250509	1	11002000107	21002000101	13281002000101
VAL183	20250509	1	11002000107	21002000101	17351002000108
VAL184	20250509	1	11002000107	21002000101	9711002000103
VAL185	20250509	1	11002000107	21002000101	9691002000101
VAL186	20250509	1	11002000107	21002000101	1631002000101
VAL187	20250509	1	11002000107	21002000101	2151002000109
VAL188	20250509	1	11002000107	21002000101	791002000106
VAL189	20250509	1	11002000107	21002000101	1621002000104
VAL190	20250509	1	11002000107	21002000101	2171002000101
VAL191	20250509	1	11002000107	21002000101	821002000104
VAL192	20250509	1	11002000107	21002000101	1611002000105
VAL193	20250509	1	11002000107	21002000101	9331002000108
VAL194	20250509	1	11002000107	21002000101	831002000101
VAL195	20250509	1	11002000107	21002000101	9301002000102
VAL196	20250509	1	11002000107	21002000101	9321002000105
VAL197	20250509	1	11002000107	21002000101	9311002000104
VAL198	20250509	1	11002000107	21002000101	811002000105
VAL199	20250509	1	11002000107	21002000101	9341002000100
VAL200	20250509	1	11002000107	21002000101	801002000107
VAL201	20250509	1	11002000107	21002000101	2161002000106
VAL202	20250509	1	11002000107	21002000101	781002000108
VAL203	20250509	1	11002000107	21002000101	9221002000100
VAL204	20250509	1	11002000107	21002000101	771002000105
VAL205	20250509	1	11002000107	21002000101	9231002000102
VAL206	20250509	1	11002000107	21002000101	651002000105
VAL207	20250509	1	11002000107	21002000101	601002000106
VAL208	20250509	1	11002000107	21002000101	721002000109
VAL209	20250509	1	11002000107	21002000101	561002000106
VAL210	20250509	1	11002000107	21002000101	701002000101
VAL211	20250509	1	11002000107	21002000101	571002000101
VAL212	20250509	1	11002000107	21002000101	661002000107
VAL213	20250509	1	11002000107	21002000101	531002000104
VAL214	20250509	1	11002000107	21002000101	741002000104
VAL215	20250509	1	11002000107	21002000101	691002000101
VAL216	20250509	1	11002000107	21002000101	751002000102
VAL217	20250509	1	11002000107	21002000101	641002000108
VAL218	20250509	1	11002000107	21002000101	611002000109
VAL219	20250509	1	11002000107	21002000101	631002000100
VAL220	20250509	1	11002000107	21002000101	711002000103
VAL221	20250509	1	11002000107	21002000101	4241002000109
VAL222	20250509	1	11002000107	21002000101	551002000109
VAL223	20250509	1	11002000107	21002000101	541002000107
VAL224	20250509	1	11002000107	21002000101	671002000102
VAL225	20250509	1	11002000107	21002000101	731002000107
VAL226	20250509	1	11002000107	21002000101	581002000103
VAL227	20250509	1	11002000107	21002000101	621002000103
VAL228	20250509	1	11002000107	21002000101	681002000104
VAL229	20250509	1	11002000107	21002000101	591002000100
VAL230	20250509	1	11002000107	21002000101	16701002000108
VAL231	20250509	1	11002000107	21002000101	17451002000103
VAL232	20250509	1	11002000107	21002000101	4231002000101
VAL233	20250509	1	11002000107	21002000101	4221002000104
VAL234	20250509	1	11002000107	21002000101	11431002000102
VAL236	20250509	1	11002000107	21002000101	17501002000101
VAL237	20250509	1	11002000107	21002000101	17311002000107
VAL238	20250509	1	11002000107	21002000101	221002000100
VAL239	20250509	1	11002000107	21002000101	181002000107
VAL240	20250509	1	11002000107	21002000101	191002000105
VAL241	20250509	1	11002000107	21002000101	201002000108
VAL242	20250509	1	11002000107	21002000101	6561002000100
VAL243	20250509	1	11002000107	21002000101	6541002000104
VAL244	20250509	1	11002000107	21002000101	6571002000105
VAL245	20250509	1	11002000107	21002000101	6581002000108
VAL246	20250509	1	11002000107	21002000101	6551002000102
VAL247	20250509	1	11002000107	21002000101	6941002000105
VAL248	20250509	1	11002000107	21002000101	10501002000102
VAL249	20250509	1	11002000107	21002000101	11061002000102
VAL250	20250509	1	11002000107	21002000101	1481002000103
VAL251	20250509	1	11002000107	21002000101	1501002000106
VAL252	20250509	1	11002000107	21002000101	4801002000106
VAL253	20250509	1	11002000107	21002000101	6261002000102
VAL254	20250509	1	11002000107	21002000101	10791002000101
VAL255	20250509	1	11002000107	21002000101	10811002000102
VAL256	20250509	1	11002000107	21002000101	17511002000103
VAL257	20250509	1	11002000107	21002000101	17521002000109
VAL258	20250509	1	11002000107	21002000101	3781002000105
VAL259	20250509	1	11002000107	21002000101	871002000103
VAL260	20250509	1	11002000107	21002000101	1271002000100
VAL261	20250509	1	11002000107	21002000101	10851002000101
VAL262	20250509	1	11002000107	21002000101	17531002000107
VAL263	20250509	1	11002000107	21002000101	10831002000106
VAL264	20250509	1	11002000107	21002000101	7751002000106
VAL265	20250509	1	11002000107	21002000101	7841002000104
VAL266	20250509	1	11002000107	21002000101	501002000105
VAL267	20250509	1	11002000107	21002000101	1951002000100
VAL268	20250509	1	11002000107	21002000101	461002000105
VAL269	20250509	1	11002000107	21002000101	2441002000104
VAL270	20250509	1	11002000107	21002000101	1931002000105
VAL271	20250509	1	11002000107	21002000101	4121002000107
VAL272	20250509	1	11002000107	21002000101	6111002000109
VAL273	20250509	1	11002000107	21002000101	1921002000107
VAL274	20250509	1	11002000107	21002000101	2421002000109
VAL275	20250509	1	11002000107	21002000101	2431002000107
VAL276	20250509	1	11002000107	21002000101	6101002000106
VAL277	20250509	1	11002000107	21002000101	1941002000102
VAL278	20250509	1	11002000107	21002000101	10651002000102
VAL279	20250509	1	11002000107	21002000101	11191002000109
VAL280	20250509	1	11002000107	21002000101	11301002000101
VAL281	20250509	1	11002000107	21002000101	10911002000107
VAL282	20250509	1	11002000107	21002000101	10891002000105
VAL283	20250509	1	11002000107	21002000101	10961002000105
VAL284	20250509	1	11002000107	21002000101	17471002000106
VAL285	20250509	1	11002000107	21002000101	11141002000102
VAL286	20250509	1	11002000107	21002000101	11171002000108
VAL287	20250509	1	11002000107	21002000101	11231002000101
VAL288	20250509	1	11002000107	21002000101	13291002000103
VAL289	20250509	1	11002000107	21002000101	9981002000105
VAL290	20250509	1	11002000107	21002000101	7861002000100
VAL291	20250509	1	11002000107	21002000101	11331002000107
VAL292	20250509	1	11002000107	21002000101	11351002000102
VAL293	20250509	1	11002000107	21002000101	11371002000105
VAL294	20250509	1	11002000107	21002000101	3351002000100
VAL295	20250509	1	11002000107	21002000101	11951002000103
VAL296	20250509	1	11002000107	21002000101	6501002000101
VAL297	20250509	1	11002000107	21002000101	17321002000101
VAL298	20250509	1	11002000107	21002000101	17381002000102
VAL299	20250509	1	11002000107	21002000101	17421002000105
VAL300	20250509	1	11002000107	21002000101	17461002000101
VAL301	20250509	1	11002000107	21002000101	12141002000105
VAL302	20250509	1	11002000107	21002000101	12201002000100
VAL303	20250509	1	11002000107	21002000101	13641002000108
VAL304	20250509	1	11002000107	21002000101	12251002000101
VAL305	20250509	1	11002000107	21002000101	12261002000104
VAL306	20250509	1	11002000107	21002000101	12281002000107
VAL307	20250509	1	11002000107	21002000101	12301002000106
VAL308	20250509	1	11002000107	21002000101	12501002000103
VAL309	20250509	1	11002000107	21002000101	12451002000100
VAL310	20250509	1	11002000107	21002000101	12461002000103
VAL311	20250509	1	11002000107	21002000101	12821002000109
VAL312	20250509	1	11002000107	21002000101	1561002000107
VAL313	20250509	1	11002000107	21002000101	17561002000100
VAL314	20250509	1	11002000107	21002000101	1031002000106
VAL315	20250509	1	11002000107	21002000101	1051002000101
VAL316	20250509	1	11002000107	21002000101	12551002000104
VAL317	20250509	1	11002000107	21002000101	17481002000109
VAL318	20250509	1	11002000107	21002000101	17571002000105
VAL319	20250509	1	11002000107	21002000101	11211002000105
VAL320	20250509	1	11002000107	21002000101	11091002000108
VAL321	20250509	1	11002000107	21002000101	12641002000100
VAL322	20250509	1	11002000107	21002000101	12661002000101
VAL323	20250509	1	11002000107	21002000101	12711002000105
VAL324	20250509	1	11002000107	21002000101	12731002000101
VAL325	20250509	1	11002000107	21002000101	12751002000106
VAL326	20250509	1	11002000107	21002000101	12771002000103
VAL327	20250509	1	11002000107	21002000101	12781002000100
VAL328	20250509	1	11002000107	21002000101	12801002000101
VAL329	20250509	1	11002000107	21002000101	12851002000102
VAL330	20250509	1	11002000107	21002000101	12871002000105
VAL331	20250509	1	11002000107	21002000101	12911002000108
VAL332	20250509	1	11002000107	21002000101	12931002000104
VAL333	20250509	1	11002000107	21002000101	12951002000109
VAL334	20250509	1	11002000107	21002000101	12991002000100
VAL335	20250509	1	11002000107	21002000101	13011002000101
VAL336	20250509	1	11002000107	21002000101	13031002000105
VAL337	20250509	1	11002000107	21002000101	13051002000100
VAL338	20250509	1	11002000107	21002000101	13081002000106
VAL339	20250509	1	11002000107	21002000101	13111002000102
VAL340	20250509	1	11002000107	21002000101	9551002000109
VAL341	20250509	1	11002000107	21002000101	13181002000107
VAL342	20250509	1	11002000107	21002000101	13161002000104
VAL343	20250509	1	11002000107	21002000101	13191002000105
VAL344	20250509	1	11002000107	21002000101	13171002000109
VAL345	20250509	1	11002000107	21002000101	17581002000108
VAL346	20250509	1	11002000107	21002000101	13211002000106
VAL347	20250509	1	11002000107	21002000101	13241002000105
VAL348	20250509	1	11002000107	21002000101	13251002000107
VAL353	20250509	1	11002000107	21002000101	13371002000106
VAL354	20250509	1	11002000107	21002000101	13351002000103
VAL355	20250509	1	11002000107	21002000101	13381002000109
VAL356	20250509	1	11002000107	21002000101	13361002000101
VAL357	20250509	1	11002000107	21002000101	13471002000100
VAL358	20250509	1	11002000107	21002000101	13531002000104
VAL359	20250509	1	11002000107	21002000101	13621002000103
VAL360	20250509	1	11002000107	21002000101	17441002000100
VAL361	20250509	1	11002000107	21002000101	17541002000104
VAL364	20250509	1	11002000107	21002000101	17291002000108
VAL365	20250509	1	11002000107	21002000101	17391002000104
VAL366	20250509	1	11002000107	21002000101	15061002000104
VAL367	20250509	1	11002000107	21002000101	5001002000102
VAL368	20250509	1	11002000107	21002000101	4991002000107
VAL369	20250509	1	11002000107	21002000101	15211002000107
VAL370	20250509	1	11002000107	21002000101	15191002000106
VAL371	20250509	1	11002000107	21002000101	15201002000109
VAL372	20250509	1	11002000107	21002000101	15151002000102
VAL373	20250509	1	11002000107	21002000101	15231002000103
VAL374	20250509	1	11002000107	21002000101	15221002000101
VAL375	20250509	1	11002000107	21002000101	15171002000105
VAL376	20250509	1	11002000107	21002000101	15161002000100
VAL377	20250509	1	11002000107	21002000101	15181002000108
VAL378	20250509	1	11002000107	21002000101	15251002000108
VAL379	20250509	1	11002000107	21002000101	15291002000104
VAL380	20250509	1	11002000107	21002000101	15311002000100
VAL381	20250509	1	11002000107	21002000101	15331002000109
VAL382	20250509	1	11002000107	21002000101	15351002000104
VAL383	20250509	1	11002000107	21002000101	15371002000107
VAL384	20250509	1	11002000107	21002000101	12971002000101
VAL385	20250509	1	11002000107	21002000101	13991002000108
VAL386	20250509	1	11002000107	21002000101	15411002000108
VAL387	20250509	1	11002000107	21002000101	15491002000100
VAL388	20250509	1	11002000107	21002000101	15471002000101
VAL389	20250509	1	11002000107	21002000101	15531002000100
VAL390	20250509	1	11002000107	21002000101	15591002000101
VAL391	20250509	1	11002000107	21002000101	15451002000109
VAL393	20250509	1	11002000107	21002000101	13651002000105
VAL394	20250509	1	11002000107	21002000101	17551002000102
VAL395	20250509	1	11002000107	21002000101	17591002000106
VAL396	20250509	1	11002000107	21002000101	16331002000101
VAL397	20250509	1	11002000107	21002000101	17371002000100
VAL398	20250509	1	11002000107	21002000101	17331002000103
VAL399	20250509	1	11002000107	21002000101	8531002000108
VAL400	20250509	1	11002000107	21002000101	15891002000103
VAL402	20250509	1	11002000107	21002000101	15911002000101
VAL403	20250509	1	11002000107	21002000101	17611002000102
VAL404	20250509	1	11002000107	21002000101	15961002000103
VAL405	20250509	1	11002000107	21002000101	16101002000109
VAL406	20250509	1	11002000107	21002000101	17621002000108
VAL407	20250509	1	11002000107	21002000101	16191002000104
VAL408	20250509	1	11002000107	21002000101	16211002000103
VAL409	20250509	1	11002000107	21002000101	16231002000107
VAL410	20250509	1	11002000107	21002000101	16271002000105
VAL411	20250509	1	11002000107	21002000101	12321002000103
VAL412	20250509	1	11002000107	21002000101	12191002000103
VAL413	20250509	1	11002000107	21002000101	16301002000107
VAL414	20250509	1	11002000107	21002000101	17271002000107
VAL415	20250509	1	11002000107	21002000101	3061002000100
VAL416	20250509	1	11002000107	21002000101	14631002000102
VAL417	20250509	1	11002000107	21002000101	17601002000100
