id	effectiveTime	active	moduleId	sourceId	destinationId	relationshipGroup	typeId	characteristicTypeId	modifierId
40061002000127	20250509	1	11002000107	61002000105	318331000221102	0	766939001	900000000000011006	900000000000451002
40081002000124	20250509	1	11002000107	61002000105	51002000108	1	41002000106	900000000000011006	900000000000451002
40091002000122	20250509	1	11002000107	81002000102	318331000221102	0	766939001	900000000000011006	900000000000451002
40111002000126	20250509	1	11002000107	81002000102	71002000100	1	41002000106	900000000000011006	900000000000451002
40121002000121	20250509	1	11002000107	101002000100	91002000104	1	41002000106	900000000000011006	900000000000451002
40131002000124	20250509	1	11002000107	101002000100	318331000221102	0	766939001	900000000000011006	900000000000451002
40151002000125	20250509	1	11002000107	141002000103	121002000108	1	41002000106	900000000000011006	900000000000451002
40161002000128	20250509	1	11002000107	141002000103	131002000106	1	41002000106	900000000000011006	900000000000451002
40171002000122	20250509	1	11002000107	141002000103	111002000102	1	41002000106	900000000000011006	900000000000451002
40181002000120	20250509	1	11002000107	141002000103	318331000221102	0	766939001	900000000000011006	900000000000451002
40201002000121	20250509	1	11002000107	161002000104	318331000221102	0	766939001	900000000000011006	900000000000451002
40221002000129	20250509	1	11002000107	161002000104	151002000101	1	41002000106	900000000000011006	900000000000451002
40231002000126	20250509	1	11002000107	171002000109	318331000221102	0	766939001	900000000000011006	900000000000451002
40251002000120	20250509	1	11002000107	171002000109	71002000100	1	41002000106	900000000000011006	900000000000451002
40261002000122	20250509	1	11002000107	231002000102	191002000105	1	41002000106	900000000000011006	900000000000451002
40281002000125	20250509	1	11002000107	231002000102	181002000107	1	41002000106	900000000000011006	900000000000451002
40291002000127	20250509	1	11002000107	231002000102	211002000106	1	41002000106	900000000000011006	900000000000451002
40301002000126	20250509	1	11002000107	231002000102	201002000108	1	41002000106	900000000000011006	900000000000451002
40311002000128	20250509	1	11002000107	231002000102	318331000221102	0	766939001	900000000000011006	900000000000451002
40321002000123	20250509	1	11002000107	231002000102	221002000100	1	41002000106	900000000000011006	900000000000451002
40331002000121	20250509	1	11002000107	241002000105	318331000221102	0	766939001	900000000000011006	900000000000451002
40351002000127	20250509	1	11002000107	241002000105	71002000100	1	41002000106	900000000000011006	900000000000451002
40361002000125	20250509	1	11002000107	261002000109	251002000107	1	41002000106	900000000000011006	900000000000451002
40371002000124	20250509	1	11002000107	261002000109	318331000221102	0	766939001	900000000000011006	900000000000451002
40391002000120	20250509	1	11002000107	281002000101	318331000221102	0	766939001	900000000000011006	900000000000451002
40411002000120	20250509	1	11002000107	281002000101	271002000104	1	41002000106	900000000000011006	900000000000451002
40421002000125	20250509	1	11002000107	301002000102	291002000103	1	41002000106	900000000000011006	900000000000451002
40431002000127	20250509	1	11002000107	301002000102	318331000221102	0	766939001	900000000000011006	900000000000451002
40451002000121	20250509	1	11002000107	311002000104	318331000221102	0	766939001	900000000000011006	900000000000451002
40471002000129	20250509	1	11002000107	311002000104	71002000100	1	41002000106	900000000000011006	900000000000451002
40481002000126	20250509	1	11002000107	321002000105	121002000108	1	41002000106	900000000000011006	900000000000451002
40491002000128	20250509	1	11002000107	321002000105	318331000221102	0	766939001	900000000000011006	900000000000451002
40511002000121	20250509	1	11002000107	341002000100	121002000108	1	41002000106	900000000000011006	900000000000451002
40521002000126	20250509	1	11002000107	341002000100	251002000107	1	41002000106	900000000000011006	900000000000451002
40531002000128	20250509	1	11002000107	341002000100	131002000106	1	41002000106	900000000000011006	900000000000451002
40541002000120	20250509	1	11002000107	341002000100	111002000102	1	41002000106	900000000000011006	900000000000451002
40561002000124	20250509	1	11002000107	341002000100	51002000108	1	41002000106	900000000000011006	900000000000451002
40571002000125	20250509	1	11002000107	341002000100	318331000221102	0	766939001	900000000000011006	900000000000451002
40581002000127	20250509	1	11002000107	341002000100	331002000108	1	41002000106	900000000000011006	900000000000451002
40591002000129	20250509	1	11002000107	351002000103	121002000108	1	41002000106	900000000000011006	900000000000451002
40601002000124	20250509	1	11002000107	351002000103	131002000106	1	41002000106	900000000000011006	900000000000451002
40611002000122	20250509	1	11002000107	351002000103	111002000102	1	41002000106	900000000000011006	900000000000451002
40631002000129	20250509	1	11002000107	351002000103	51002000108	1	41002000106	900000000000011006	900000000000451002
40641002000121	20250509	1	11002000107	351002000103	318331000221102	0	766939001	900000000000011006	900000000000451002
40651002000123	20250509	1	11002000107	351002000103	331002000108	1	41002000106	900000000000011006	900000000000451002
40661002000120	20250509	1	11002000107	361002000101	318331000221102	0	766939001	900000000000011006	900000000000451002
40681002000128	20250509	1	11002000107	361002000101	71002000100	1	41002000106	900000000000011006	900000000000451002
40691002000125	20250509	1	11002000107	401002000109	391002000107	1	41002000106	900000000000011006	900000000000451002
40701002000125	20250509	1	11002000107	401002000109	381002000109	1	41002000106	900000000000011006	900000000000451002
40711002000127	20250509	1	11002000107	401002000109	318331000221102	0	766939001	900000000000011006	900000000000451002
40731002000120	20250509	1	11002000107	401002000109	371002000106	1	41002000106	900000000000011006	900000000000451002
40741002000128	20250509	1	11002000107	451002000108	431002000103	1	41002000106	900000000000011006	900000000000451002
40751002000126	20250509	1	11002000107	451002000108	318331000221102	0	766939001	900000000000011006	900000000000451002
40771002000123	20250509	1	11002000107	451002000108	441002000106	1	41002000106	900000000000011006	900000000000451002
40781002000121	20250509	1	11002000107	451002000108	421002000101	1	41002000106	900000000000011006	900000000000451002
40791002000124	20250509	1	11002000107	451002000108	411002000107	1	41002000106	900000000000011006	900000000000451002
40801002000120	20250509	1	11002000107	471002000100	318331000221102	0	766939001	900000000000011006	900000000000451002
40821002000128	20250509	1	11002000107	471002000100	461002000105	1	41002000106	900000000000011006	900000000000451002
40831002000125	20250509	1	11002000107	481002000102	318331000221102	0	766939001	900000000000011006	900000000000451002
40851002000124	20250509	1	11002000107	481002000102	461002000105	1	41002000106	900000000000011006	900000000000451002
40861002000121	20250509	1	11002000107	491002000104	318331000221102	0	766939001	900000000000011006	900000000000451002
40881002000129	20250509	1	11002000107	491002000104	71002000100	1	41002000106	900000000000011006	900000000000451002
40891002000126	20250509	1	11002000107	511002000108	501002000105	1	41002000106	900000000000011006	900000000000451002
40901002000127	20250509	1	11002000107	511002000108	318331000221102	0	766939001	900000000000011006	900000000000451002
40921002000124	20250509	1	11002000107	521002000102	121002000108	1	41002000106	900000000000011006	900000000000451002
40931002000122	20250509	1	11002000107	521002000102	131002000106	1	41002000106	900000000000011006	900000000000451002
40941002000125	20250509	1	11002000107	521002000102	111002000102	1	41002000106	900000000000011006	900000000000451002
40961002000126	20250509	1	11002000107	521002000102	51002000108	1	41002000106	900000000000011006	900000000000451002
40971002000120	20250509	1	11002000107	521002000102	318331000221102	0	766939001	900000000000011006	900000000000451002
40981002000123	20250509	1	11002000107	521002000102	331002000108	1	41002000106	900000000000011006	900000000000451002
40991002000121	20250509	1	11002000107	761002000100	751002000102	1	41002000106	900000000000011006	900000000000451002
41001002000122	20250509	1	11002000107	761002000100	561002000106	1	41002000106	900000000000011006	900000000000451002
41011002000120	20250509	1	11002000107	761002000100	641002000108	1	41002000106	900000000000011006	900000000000451002
41021002000125	20250509	1	11002000107	761002000100	591002000100	1	41002000106	900000000000011006	900000000000451002
41031002000127	20250509	1	11002000107	761002000100	601002000106	1	41002000106	900000000000011006	900000000000451002
41041002000124	20250509	1	11002000107	761002000100	671002000102	1	41002000106	900000000000011006	900000000000451002
41051002000121	20250509	1	11002000107	761002000100	711002000103	1	41002000106	900000000000011006	900000000000451002
41061002000123	20250509	1	11002000107	761002000100	551002000109	1	41002000106	900000000000011006	900000000000451002
41071002000129	20250509	1	11002000107	761002000100	611002000109	1	41002000106	900000000000011006	900000000000451002
41081002000126	20250509	1	11002000107	761002000100	681002000104	1	41002000106	900000000000011006	900000000000451002
41091002000128	20250509	1	11002000107	761002000100	741002000104	1	41002000106	900000000000011006	900000000000451002
41101002000121	20250509	1	11002000107	761002000100	621002000103	1	41002000106	900000000000011006	900000000000451002
41111002000124	20250509	1	11002000107	761002000100	691002000101	1	41002000106	900000000000011006	900000000000451002
41121002000129	20250509	1	11002000107	761002000100	581002000103	1	41002000106	900000000000011006	900000000000451002
41131002000126	20250509	1	11002000107	761002000100	701002000101	1	41002000106	900000000000011006	900000000000451002
41141002000123	20250509	1	11002000107	761002000100	651002000105	1	41002000106	900000000000011006	900000000000451002
41151002000120	20250509	1	11002000107	761002000100	731002000107	1	41002000106	900000000000011006	900000000000451002
41161002000122	20250509	1	11002000107	761002000100	541002000107	1	41002000106	900000000000011006	900000000000451002
41181002000125	20250509	1	11002000107	761002000100	571002000101	1	41002000106	900000000000011006	900000000000451002
41191002000127	20250509	1	11002000107	761002000100	721002000109	1	41002000106	900000000000011006	900000000000451002
41201002000129	20250509	1	11002000107	761002000100	531002000104	1	41002000106	900000000000011006	900000000000451002
41211002000126	20250509	1	11002000107	761002000100	318331000221102	0	766939001	900000000000011006	900000000000451002
41221002000121	20250509	1	11002000107	761002000100	631002000100	1	41002000106	900000000000011006	900000000000451002
41231002000124	20250509	1	11002000107	761002000100	661002000107	1	41002000106	900000000000011006	900000000000451002
41251002000125	20250509	1	11002000107	841002000109	771002000105	1	41002000106	900000000000011006	900000000000451002
41261002000128	20250509	1	11002000107	841002000109	831002000101	1	41002000106	900000000000011006	900000000000451002
41271002000122	20250509	1	11002000107	841002000109	318331000221102	0	766939001	900000000000011006	900000000000451002
41281002000120	20250509	1	11002000107	841002000109	821002000104	1	41002000106	900000000000011006	900000000000451002
41291002000123	20250509	1	11002000107	841002000109	781002000108	1	41002000106	900000000000011006	900000000000451002
41301002000124	20250509	1	11002000107	841002000109	791002000106	1	41002000106	900000000000011006	900000000000451002
41311002000122	20250509	1	11002000107	841002000109	801002000107	1	41002000106	900000000000011006	900000000000451002
41321002000127	20250509	1	11002000107	841002000109	811002000105	1	41002000106	900000000000011006	900000000000451002
41331002000129	20250509	1	11002000107	851002000106	318331000221102	0	766939001	900000000000011006	900000000000451002
41351002000123	20250509	1	11002000107	851002000106	71002000100	1	41002000106	900000000000011006	900000000000451002
41361002000120	20250509	1	11002000107	861002000108	391002000107	1	41002000106	900000000000011006	900000000000451002
41371002000126	20250509	1	11002000107	861002000108	381002000109	1	41002000106	900000000000011006	900000000000451002
41381002000128	20250509	1	11002000107	861002000108	318331000221102	0	766939001	900000000000011006	900000000000451002
41401002000128	20250509	1	11002000107	861002000108	371002000106	1	41002000106	900000000000011006	900000000000451002
41411002000125	20250509	1	11002000107	881002000100	318331000221102	0	766939001	900000000000011006	900000000000451002
41431002000123	20250509	1	11002000107	881002000100	871002000103	1	41002000106	900000000000011006	900000000000451002
41441002000126	20250509	1	11002000107	911002000100	121002000108	1	41002000106	900000000000011006	900000000000451002
41451002000129	20250509	1	11002000107	911002000100	891002000102	1	41002000106	900000000000011006	900000000000451002
41461002000127	20250509	1	11002000107	911002000100	901002000103	1	41002000106	900000000000011006	900000000000451002
41471002000121	20250509	1	11002000107	911002000100	131002000106	1	41002000106	900000000000011006	900000000000451002
41481002000124	20250509	1	11002000107	911002000100	318331000221102	0	766939001	900000000000011006	900000000000451002
41501002000127	20250509	1	11002000107	921002000106	121002000108	1	41002000106	900000000000011006	900000000000451002
41511002000129	20250509	1	11002000107	921002000106	901002000103	1	41002000106	900000000000011006	900000000000451002
41521002000124	20250509	1	11002000107	921002000106	131002000106	1	41002000106	900000000000011006	900000000000451002
41531002000122	20250509	1	11002000107	921002000106	318331000221102	0	766939001	900000000000011006	900000000000451002
41551002000128	20250509	1	11002000107	941002000101	318331000221102	0	766939001	900000000000011006	900000000000451002
41561002000126	20250509	1	11002000107	941002000101	931002000109	1	41002000106	900000000000011006	900000000000451002
41581002000123	20250509	1	11002000107	951002000104	391002000107	1	41002000106	900000000000011006	900000000000451002
41591002000121	20250509	1	11002000107	951002000104	318331000221102	0	766939001	900000000000011006	900000000000451002
41611002000128	20250509	1	11002000107	961002000102	381002000109	1	41002000106	900000000000011006	900000000000451002
41621002000123	20250509	1	11002000107	961002000102	318331000221102	0	766939001	900000000000011006	900000000000451002
41641002000129	20250509	1	11002000107	981002000105	318331000221102	0	766939001	900000000000011006	900000000000451002
41651002000127	20250509	1	11002000107	981002000105	971002000107	1	41002000106	900000000000011006	900000000000451002
41671002000124	20250509	1	11002000107	1001002000100	991002000108	1	41002000106	900000000000011006	900000000000451002
41681002000122	20250509	1	11002000107	1001002000100	318331000221102	0	766939001	900000000000011006	900000000000451002
41701002000120	20250509	1	11002000107	1011002000102	131002000106	1	41002000106	900000000000011006	900000000000451002
41711002000123	20250509	1	11002000107	1011002000102	318331000221102	0	766939001	900000000000011006	900000000000451002
41731002000125	20250509	1	11002000107	1011002000102	71002000100	1	41002000106	900000000000011006	900000000000451002
41741002000122	20250509	1	11002000107	1021002000108	121002000108	1	41002000106	900000000000011006	900000000000451002
41751002000124	20250509	1	11002000107	1021002000108	131002000106	1	41002000106	900000000000011006	900000000000451002
41761002000121	20250509	1	11002000107	1021002000108	111002000102	1	41002000106	900000000000011006	900000000000451002
41771002000127	20250509	1	11002000107	1021002000108	318331000221102	0	766939001	900000000000011006	900000000000451002
41791002000126	20250509	1	11002000107	1021002000108	331002000108	1	41002000106	900000000000011006	900000000000451002
41801002000125	20250509	1	11002000107	1041002000103	318331000221102	0	766939001	900000000000011006	900000000000451002
41821002000122	20250509	1	11002000107	1041002000103	1031002000106	1	41002000106	900000000000011006	900000000000451002
41831002000120	20250509	1	11002000107	1061002000104	1051002000101	1	41002000106	900000000000011006	900000000000451002
41841002000128	20250509	1	11002000107	1061002000104	318331000221102	0	766939001	900000000000011006	900000000000451002
41861002000129	20250509	1	11002000107	1091002000105	1071002000109	1	41002000106	900000000000011006	900000000000451002
41871002000123	20250509	1	11002000107	1091002000105	318331000221102	0	766939001	900000000000011006	900000000000451002
41881002000121	20250509	1	11002000107	1091002000105	1081002000107	1	41002000106	900000000000011006	900000000000451002
41901002000123	20250509	1	11002000107	1101002000101	1071002000109	1	41002000106	900000000000011006	900000000000451002
41911002000121	20250509	1	11002000107	1101002000101	318331000221102	0	766939001	900000000000011006	900000000000451002
41931002000128	20250509	1	11002000107	1121002000109	318331000221102	0	766939001	900000000000011006	900000000000451002
41951002000122	20250509	1	11002000107	1121002000109	1111002000103	1	41002000106	900000000000011006	900000000000451002
41961002000124	20250509	1	11002000107	1131002000107	121002000108	1	41002000106	900000000000011006	900000000000451002
41971002000125	20250509	1	11002000107	1131002000107	891002000102	1	41002000106	900000000000011006	900000000000451002
41981002000127	20250509	1	11002000107	1131002000107	901002000103	1	41002000106	900000000000011006	900000000000451002
41991002000129	20250509	1	11002000107	1131002000107	131002000106	1	41002000106	900000000000011006	900000000000451002
42001002000127	20250509	1	11002000107	1131002000107	318331000221102	0	766939001	900000000000011006	900000000000451002
42021002000124	20250509	1	11002000107	1151002000102	201002000108	1	41002000106	900000000000011006	900000000000451002
42031002000122	20250509	1	11002000107	1151002000102	191002000105	1	41002000106	900000000000011006	900000000000451002
42041002000125	20250509	1	11002000107	1151002000102	318331000221102	0	766939001	900000000000011006	900000000000451002
42061002000126	20250509	1	11002000107	1151002000102	1141002000104	1	41002000106	900000000000011006	900000000000451002
42071002000120	20250509	1	11002000107	1161002000100	251002000107	1	41002000106	900000000000011006	900000000000451002
42081002000123	20250509	1	11002000107	1161002000100	318331000221102	0	766939001	900000000000011006	900000000000451002
42101002000128	20250509	1	11002000107	1181002000108	318331000221102	0	766939001	900000000000011006	900000000000451002
42121002000120	20250509	1	11002000107	1181002000108	1171002000105	1	41002000106	900000000000011006	900000000000451002
42131002000123	20250509	1	11002000107	1191002000106	318331000221102	0	766939001	900000000000011006	900000000000451002
42151002000129	20250509	1	11002000107	1191002000106	71002000100	1	41002000106	900000000000011006	900000000000451002
42161002000127	20250509	1	11002000107	1201002000109	318331000221102	0	766939001	900000000000011006	900000000000451002
42181002000124	20250509	1	11002000107	1201002000109	1171002000105	1	41002000106	900000000000011006	900000000000451002
42191002000122	20250509	1	11002000107	1211002000107	91002000104	1	41002000106	900000000000011006	900000000000451002
42201002000120	20250509	1	11002000107	1211002000107	318331000221102	0	766939001	900000000000011006	900000000000451002
42221002000128	20250509	1	11002000107	1231002000103	1221002000101	1	41002000106	900000000000011006	900000000000451002
42231002000125	20250509	1	11002000107	1231002000103	318331000221102	0	766939001	900000000000011006	900000000000451002
42251002000124	20250509	1	11002000107	1241002000106	121002000108	1	41002000106	900000000000011006	900000000000451002
42261002000121	20250509	1	11002000107	1241002000106	131002000106	1	41002000106	900000000000011006	900000000000451002
42271002000127	20250509	1	11002000107	1241002000106	111002000102	1	41002000106	900000000000011006	900000000000451002
42281002000129	20250509	1	11002000107	1241002000106	318331000221102	0	766939001	900000000000011006	900000000000451002
42301002000125	20250509	1	11002000107	1241002000106	331002000108	1	41002000106	900000000000011006	900000000000451002
42311002000127	20250509	1	11002000107	1251002000108	318331000221102	0	766939001	900000000000011006	900000000000451002
42331002000120	20250509	1	11002000107	1251002000108	441002000106	1	41002000106	900000000000011006	900000000000451002
42341002000128	20250509	1	11002000107	1251002000108	411002000107	1	41002000106	900000000000011006	900000000000451002
42351002000126	20250509	1	11002000107	1261002000105	391002000107	1	41002000106	900000000000011006	900000000000451002
42361002000129	20250509	1	11002000107	1261002000105	381002000109	1	41002000106	900000000000011006	900000000000451002
42371002000123	20250509	1	11002000107	1261002000105	318331000221102	0	766939001	900000000000011006	900000000000451002
42391002000124	20250509	1	11002000107	1261002000105	371002000106	1	41002000106	900000000000011006	900000000000451002
42401002000121	20250509	1	11002000107	1281002000102	1271002000100	1	41002000106	900000000000011006	900000000000451002
42411002000124	20250509	1	11002000107	1281002000102	318331000221102	0	766939001	900000000000011006	900000000000451002
42431002000126	20250509	1	11002000107	1291002000104	131002000106	1	41002000106	900000000000011006	900000000000451002
42441002000123	20250509	1	11002000107	1291002000104	318331000221102	0	766939001	900000000000011006	900000000000451002
42461002000122	20250509	1	11002000107	1311002000100	318331000221102	0	766939001	900000000000011006	900000000000451002
42481002000125	20250509	1	11002000107	1311002000100	1301002000103	1	41002000106	900000000000011006	900000000000451002
42491002000127	20250509	1	11002000107	1311002000100	1171002000105	1	41002000106	900000000000011006	900000000000451002
42501002000122	20250509	1	11002000107	1331002000109	251002000107	1	41002000106	900000000000011006	900000000000451002
42511002000120	20250509	1	11002000107	1331002000109	1321002000106	1	41002000106	900000000000011006	900000000000451002
42521002000125	20250509	1	11002000107	1331002000109	318331000221102	0	766939001	900000000000011006	900000000000451002
42541002000124	20250509	1	11002000107	1341002000101	1071002000109	1	41002000106	900000000000011006	900000000000451002
42551002000121	20250509	1	11002000107	1341002000101	318331000221102	0	766939001	900000000000011006	900000000000451002
42571002000129	20250509	1	11002000107	1361002000102	1351002000104	1	41002000106	900000000000011006	900000000000451002
42581002000126	20250509	1	11002000107	1361002000102	318331000221102	0	766939001	900000000000011006	900000000000451002
42601002000123	20250509	1	11002000107	1371002000107	1351002000104	1	41002000106	900000000000011006	900000000000451002
42611002000121	20250509	1	11002000107	1371002000107	318331000221102	0	766939001	900000000000011006	900000000000451002
42631002000128	20250509	1	11002000107	1381002000105	318331000221102	0	766939001	900000000000011006	900000000000451002
42651002000122	20250509	1	11002000107	1381002000105	71002000100	1	41002000106	900000000000011006	900000000000451002
42661002000124	20250509	1	11002000107	1401002000105	121002000108	1	41002000106	900000000000011006	900000000000451002
42671002000125	20250509	1	11002000107	1401002000105	1391002000108	1	41002000106	900000000000011006	900000000000451002
42681002000127	20250509	1	11002000107	1401002000105	131002000106	1	41002000106	900000000000011006	900000000000451002
42691002000129	20250509	1	11002000107	1401002000105	111002000102	1	41002000106	900000000000011006	900000000000451002
42701002000129	20250509	1	11002000107	1401002000105	318331000221102	0	766939001	900000000000011006	900000000000451002
42721002000121	20250509	1	11002000107	1411002000108	121002000108	1	41002000106	900000000000011006	900000000000451002
42731002000124	20250509	1	11002000107	1411002000108	1391002000108	1	41002000106	900000000000011006	900000000000451002
42741002000127	20250509	1	11002000107	1411002000108	131002000106	1	41002000106	900000000000011006	900000000000451002
42751002000125	20250509	1	11002000107	1411002000108	111002000102	1	41002000106	900000000000011006	900000000000451002
42771002000122	20250509	1	11002000107	1411002000108	51002000108	1	41002000106	900000000000011006	900000000000451002
42781002000120	20250509	1	11002000107	1411002000108	318331000221102	0	766939001	900000000000011006	900000000000451002
42791002000123	20250509	1	11002000107	1421002000102	121002000108	1	41002000106	900000000000011006	900000000000451002
42801002000124	20250509	1	11002000107	1421002000102	131002000106	1	41002000106	900000000000011006	900000000000451002
42811002000122	20250509	1	11002000107	1421002000102	111002000102	1	41002000106	900000000000011006	900000000000451002
42821002000127	20250509	1	11002000107	1421002000102	318331000221102	0	766939001	900000000000011006	900000000000451002
42841002000121	20250509	1	11002000107	1421002000102	331002000108	1	41002000106	900000000000011006	900000000000451002
42851002000123	20250509	1	11002000107	1431002000104	1221002000101	1	41002000106	900000000000011006	900000000000451002
42861002000120	20250509	1	11002000107	1431002000104	318331000221102	0	766939001	900000000000011006	900000000000451002
42881002000128	20250509	1	11002000107	1441002000107	318331000221102	0	766939001	900000000000011006	900000000000451002
42901002000126	20250509	1	11002000107	1441002000107	1111002000103	1	41002000106	900000000000011006	900000000000451002
42911002000128	20250509	1	11002000107	1451002000109	431002000103	1	41002000106	900000000000011006	900000000000451002
42921002000123	20250509	1	11002000107	1451002000109	318331000221102	0	766939001	900000000000011006	900000000000451002
42941002000129	20250509	1	11002000107	1451002000109	441002000106	1	41002000106	900000000000011006	900000000000451002
42951002000127	20250509	1	11002000107	1451002000109	421002000101	1	41002000106	900000000000011006	900000000000451002
42961002000125	20250509	1	11002000107	1451002000109	411002000107	1	41002000106	900000000000011006	900000000000451002
42971002000124	20250509	1	11002000107	1461002000106	131002000106	1	41002000106	900000000000011006	900000000000451002
42981002000122	20250509	1	11002000107	1461002000106	111002000102	1	41002000106	900000000000011006	900000000000451002
42991002000120	20250509	1	11002000107	1461002000106	318331000221102	0	766939001	900000000000011006	900000000000451002
43011002000124	20250509	1	11002000107	1471002000101	131002000106	1	41002000106	900000000000011006	900000000000451002
43021002000129	20250509	1	11002000107	1471002000101	111002000102	1	41002000106	900000000000011006	900000000000451002
43031002000126	20250509	1	11002000107	1471002000101	381002000109	1	41002000106	900000000000011006	900000000000451002
43041002000123	20250509	1	11002000107	1471002000101	318331000221102	0	766939001	900000000000011006	900000000000451002
43061002000122	20250509	1	11002000107	1491002000100	1481002000103	1	41002000106	900000000000011006	900000000000451002
43071002000128	20250509	1	11002000107	1491002000100	318331000221102	0	766939001	900000000000011006	900000000000451002
43091002000127	20250509	1	11002000107	1511002000109	318331000221102	0	766939001	900000000000011006	900000000000451002
43101002000120	20250509	1	11002000107	1511002000109	1501002000106	1	41002000106	900000000000011006	900000000000451002
43121002000128	20250509	1	11002000107	1521002000103	1391002000108	1	41002000106	900000000000011006	900000000000451002
43131002000125	20250509	1	11002000107	1521002000103	131002000106	1	41002000106	900000000000011006	900000000000451002
43141002000122	20250509	1	11002000107	1521002000103	111002000102	1	41002000106	900000000000011006	900000000000451002
43151002000124	20250509	1	11002000107	1521002000103	318331000221102	0	766939001	900000000000011006	900000000000451002
43171002000127	20250509	1	11002000107	1531002000100	131002000106	1	41002000106	900000000000011006	900000000000451002
43181002000129	20250509	1	11002000107	1531002000100	111002000102	1	41002000106	900000000000011006	900000000000451002
43191002000126	20250509	1	11002000107	1531002000100	318331000221102	0	766939001	900000000000011006	900000000000451002
43211002000125	20250509	1	11002000107	1541002000108	318331000221102	0	766939001	900000000000011006	900000000000451002
43231002000123	20250509	1	11002000107	1541002000108	371002000106	1	41002000106	900000000000011006	900000000000451002
43241002000126	20250509	1	11002000107	1551002000105	391002000107	1	41002000106	900000000000011006	900000000000451002
43251002000129	20250509	1	11002000107	1551002000105	381002000109	1	41002000106	900000000000011006	900000000000451002
43261002000127	20250509	1	11002000107	1551002000105	318331000221102	0	766939001	900000000000011006	900000000000451002
43281002000124	20250509	1	11002000107	1571002000102	318331000221102	0	766939001	900000000000011006	900000000000451002
43301002000123	20250509	1	11002000107	1571002000102	1561002000107	1	41002000106	900000000000011006	900000000000451002
43311002000121	20250509	1	11002000107	1581002000104	318331000221102	0	766939001	900000000000011006	900000000000451002
43331002000128	20250509	1	11002000107	1581002000104	1111002000103	1	41002000106	900000000000011006	900000000000451002
43341002000120	20250509	1	11002000107	1601002000107	1591002000101	1	41002000106	900000000000011006	900000000000451002
43351002000122	20250509	1	11002000107	1601002000107	318331000221102	0	766939001	900000000000011006	900000000000451002
43371002000125	20250509	1	11002000107	1641002000109	1611002000105	1	41002000106	900000000000011006	900000000000451002
43381002000127	20250509	1	11002000107	1641002000109	1621002000104	1	41002000106	900000000000011006	900000000000451002
43401002000127	20250509	1	11002000107	1641002000109	1631002000101	1	41002000106	900000000000011006	900000000000451002
43411002000129	20250509	1	11002000107	1641002000109	771002000105	1	41002000106	900000000000011006	900000000000451002
43421002000124	20250509	1	11002000107	1641002000109	831002000101	1	41002000106	900000000000011006	900000000000451002
43431002000122	20250509	1	11002000107	1641002000109	318331000221102	0	766939001	900000000000011006	900000000000451002
43441002000125	20250509	1	11002000107	1641002000109	821002000104	1	41002000106	900000000000011006	900000000000451002
43451002000128	20250509	1	11002000107	1641002000109	781002000108	1	41002000106	900000000000011006	900000000000451002
43461002000126	20250509	1	11002000107	1641002000109	791002000106	1	41002000106	900000000000011006	900000000000451002
43471002000120	20250509	1	11002000107	1641002000109	801002000107	1	41002000106	900000000000011006	900000000000451002
43481002000123	20250509	1	11002000107	1641002000109	811002000105	1	41002000106	900000000000011006	900000000000451002
43491002000121	20250509	1	11002000107	1661002000108	1651002000106	1	41002000106	900000000000011006	900000000000451002
43501002000126	20250509	1	11002000107	1661002000108	318331000221102	0	766939001	900000000000011006	900000000000451002
43521002000123	20250509	1	11002000107	1671002000103	121002000108	1	41002000106	900000000000011006	900000000000451002
43531002000121	20250509	1	11002000107	1671002000103	131002000106	1	41002000106	900000000000011006	900000000000451002
43541002000129	20250509	1	11002000107	1671002000103	318331000221102	0	766939001	900000000000011006	900000000000451002
43561002000125	20250509	1	11002000107	1681002000100	131002000106	1	41002000106	900000000000011006	900000000000451002
43571002000124	20250509	1	11002000107	1681002000100	318331000221102	0	766939001	900000000000011006	900000000000451002
43591002000120	20250509	1	11002000107	1691002000102	1391002000108	1	41002000106	900000000000011006	900000000000451002
43601002000125	20250509	1	11002000107	1691002000102	318331000221102	0	766939001	900000000000011006	900000000000451002
43621002000122	20250509	1	11002000107	1701002000102	121002000108	1	41002000106	900000000000011006	900000000000451002
43631002000120	20250509	1	11002000107	1701002000102	131002000106	1	41002000106	900000000000011006	900000000000451002
43641002000128	20250509	1	11002000107	1701002000102	111002000102	1	41002000106	900000000000011006	900000000000451002
43651002000126	20250509	1	11002000107	1701002000102	318331000221102	0	766939001	900000000000011006	900000000000451002
43671002000123	20250509	1	11002000107	1721002000105	1711002000104	1	41002000106	900000000000011006	900000000000451002
43681002000121	20250509	1	11002000107	1721002000105	318331000221102	0	766939001	900000000000011006	900000000000451002
43701002000124	20250509	1	11002000107	1741002000100	318331000221102	0	766939001	900000000000011006	900000000000451002
43721002000127	20250509	1	11002000107	1741002000100	1731002000108	1	41002000106	900000000000011006	900000000000451002
43731002000129	20250509	1	11002000107	1761002000101	1751002000103	1	41002000106	900000000000011006	900000000000451002
43741002000121	20250509	1	11002000107	1761002000101	318331000221102	0	766939001	900000000000011006	900000000000451002
43761002000120	20250509	1	11002000107	1791002000107	131002000106	1	41002000106	900000000000011006	900000000000451002
43771002000126	20250509	1	11002000107	1791002000107	111002000102	1	41002000106	900000000000011006	900000000000451002
43781002000128	20250509	1	11002000107	1791002000107	1771002000106	1	41002000106	900000000000011006	900000000000451002
43791002000125	20250509	1	11002000107	1791002000107	318331000221102	0	766939001	900000000000011006	900000000000451002
43801002000129	20250509	1	11002000107	1791002000107	1781002000109	1	41002000106	900000000000011006	900000000000451002
43821002000121	20250509	1	11002000107	1831002000102	1801002000108	1	41002000106	900000000000011006	900000000000451002
43831002000124	20250509	1	11002000107	1831002000102	1811002000106	1	41002000106	900000000000011006	900000000000451002
43841002000127	20250509	1	11002000107	1831002000102	1821002000100	1	41002000106	900000000000011006	900000000000451002
43851002000125	20250509	1	11002000107	1831002000102	318331000221102	0	766939001	900000000000011006	900000000000451002
43871002000122	20250509	1	11002000107	1841002000105	1771002000106	1	41002000106	900000000000011006	900000000000451002
43881002000120	20250509	1	11002000107	1841002000105	318331000221102	0	766939001	900000000000011006	900000000000451002
43891002000123	20250509	1	11002000107	1841002000105	1781002000109	1	41002000106	900000000000011006	900000000000451002
43911002000120	20250509	1	11002000107	1851002000107	318331000221102	0	766939001	900000000000011006	900000000000451002
43931002000127	20250509	1	11002000107	1851002000107	71002000100	1	41002000106	900000000000011006	900000000000451002
43941002000124	20250509	1	11002000107	1861002000109	318331000221102	0	766939001	900000000000011006	900000000000451002
43951002000121	20250509	1	11002000107	1861002000109	971002000107	1	41002000106	900000000000011006	900000000000451002
43971002000129	20250509	1	11002000107	1871002000104	121002000108	1	41002000106	900000000000011006	900000000000451002
43981002000126	20250509	1	11002000107	1871002000104	251002000107	1	41002000106	900000000000011006	900000000000451002
43991002000128	20250509	1	11002000107	1871002000104	131002000106	1	41002000106	900000000000011006	900000000000451002
44001002000124	20250509	1	11002000107	1871002000104	111002000102	1	41002000106	900000000000011006	900000000000451002
44021002000127	20250509	1	11002000107	1871002000104	51002000108	1	41002000106	900000000000011006	900000000000451002
44031002000129	20250509	1	11002000107	1871002000104	318331000221102	0	766939001	900000000000011006	900000000000451002
44041002000121	20250509	1	11002000107	1871002000104	331002000108	1	41002000106	900000000000011006	900000000000451002
44051002000123	20250509	1	11002000107	1881002000101	318331000221102	0	766939001	900000000000011006	900000000000451002
44071002000126	20250509	1	11002000107	1881002000101	461002000105	1	41002000106	900000000000011006	900000000000451002
44081002000128	20250509	1	11002000107	1901002000104	318331000221102	0	766939001	900000000000011006	900000000000451002
44101002000123	20250509	1	11002000107	1901002000104	1891002000103	1	41002000106	900000000000011006	900000000000451002
44111002000121	20250509	1	11002000107	1911002000101	318331000221102	0	766939001	900000000000011006	900000000000451002
44121002000126	20250509	1	11002000107	1911002000101	1081002000107	1	41002000106	900000000000011006	900000000000451002
44141002000120	20250509	1	11002000107	1961002000103	1931002000105	1	41002000106	900000000000011006	900000000000451002
44151002000122	20250509	1	11002000107	1961002000103	318331000221102	0	766939001	900000000000011006	900000000000451002
44161002000124	20250509	1	11002000107	1961002000103	1951002000100	1	41002000106	900000000000011006	900000000000451002
44181002000127	20250509	1	11002000107	1961002000103	1921002000107	1	41002000106	900000000000011006	900000000000451002
44191002000129	20250509	1	11002000107	1961002000103	1941002000102	1	41002000106	900000000000011006	900000000000451002
44201002000126	20250509	1	11002000107	1981002000106	318331000221102	0	766939001	900000000000011006	900000000000451002
44221002000123	20250509	1	11002000107	1981002000106	1971002000108	1	41002000106	900000000000011006	900000000000451002
44231002000121	20250509	1	11002000107	1991002000109	318331000221102	0	766939001	900000000000011006	900000000000451002
44251002000127	20250509	1	11002000107	1991002000109	1971002000108	1	41002000106	900000000000011006	900000000000451002
44261002000125	20250509	1	11002000107	2001002000106	318331000221102	0	766939001	900000000000011006	900000000000451002
44281002000122	20250509	1	11002000107	2001002000106	1971002000108	1	41002000106	900000000000011006	900000000000451002
44291002000120	20250509	1	11002000107	2011002000109	318331000221102	0	766939001	900000000000011006	900000000000451002
44311002000124	20250509	1	11002000107	2011002000109	1971002000108	1	41002000106	900000000000011006	900000000000451002
44321002000129	20250509	1	11002000107	2021002000103	318331000221102	0	766939001	900000000000011006	900000000000451002
44341002000123	20250509	1	11002000107	2021002000103	1971002000108	1	41002000106	900000000000011006	900000000000451002
44351002000120	20250509	1	11002000107	2031002000100	318331000221102	0	766939001	900000000000011006	900000000000451002
44371002000128	20250509	1	11002000107	2031002000100	1971002000108	1	41002000106	900000000000011006	900000000000451002
44381002000125	20250509	1	11002000107	2051002000105	2041002000108	1	41002000106	900000000000011006	900000000000451002
44391002000127	20250509	1	11002000107	2051002000105	318331000221102	0	766939001	900000000000011006	900000000000451002
44411002000127	20250509	1	11002000107	2061002000107	991002000108	1	41002000106	900000000000011006	900000000000451002
44421002000122	20250509	1	11002000107	2061002000107	318331000221102	0	766939001	900000000000011006	900000000000451002
44441002000128	20250509	1	11002000107	2081002000104	318331000221102	0	766939001	900000000000011006	900000000000451002
44461002000129	20250509	1	11002000107	2081002000104	2071002000102	1	41002000106	900000000000011006	900000000000451002
44471002000123	20250509	1	11002000107	2091002000101	381002000109	1	41002000106	900000000000011006	900000000000451002
44481002000121	20250509	1	11002000107	2091002000101	318331000221102	0	766939001	900000000000011006	900000000000451002
44501002000129	20250509	1	11002000107	2101002000105	391002000107	1	41002000106	900000000000011006	900000000000451002
44511002000126	20250509	1	11002000107	2101002000105	318331000221102	0	766939001	900000000000011006	900000000000451002
44531002000124	20250509	1	11002000107	2111002000108	1221002000101	1	41002000106	900000000000011006	900000000000451002
44541002000127	20250509	1	11002000107	2111002000108	318331000221102	0	766939001	900000000000011006	900000000000451002
44561002000128	20250509	1	11002000107	2121002000102	391002000107	1	41002000106	900000000000011006	900000000000451002
44571002000122	20250509	1	11002000107	2121002000102	381002000109	1	41002000106	900000000000011006	900000000000451002
44581002000120	20250509	1	11002000107	2121002000102	318331000221102	0	766939001	900000000000011006	900000000000451002
44601002000128	20250509	1	11002000107	2121002000102	371002000106	1	41002000106	900000000000011006	900000000000451002
44611002000125	20250509	1	11002000107	2131002000104	1351002000104	1	41002000106	900000000000011006	900000000000451002
44621002000120	20250509	1	11002000107	2131002000104	318331000221102	0	766939001	900000000000011006	900000000000451002
44641002000126	20250509	1	11002000107	2141002000107	391002000107	1	41002000106	900000000000011006	900000000000451002
44651002000129	20250509	1	11002000107	2141002000107	381002000109	1	41002000106	900000000000011006	900000000000451002
44661002000127	20250509	1	11002000107	2141002000107	1351002000104	1	41002000106	900000000000011006	900000000000451002
44671002000121	20250509	1	11002000107	2141002000107	318331000221102	0	766939001	900000000000011006	900000000000451002
44691002000122	20250509	1	11002000107	2141002000107	371002000106	1	41002000106	900000000000011006	900000000000451002
44701002000122	20250509	1	11002000107	2181002000103	1611002000105	1	41002000106	900000000000011006	900000000000451002
44711002000120	20250509	1	11002000107	2181002000103	2171002000101	1	41002000106	900000000000011006	900000000000451002
44721002000125	20250509	1	11002000107	2181002000103	1631002000101	1	41002000106	900000000000011006	900000000000451002
44731002000127	20250509	1	11002000107	2181002000103	771002000105	1	41002000106	900000000000011006	900000000000451002
44741002000124	20250509	1	11002000107	2181002000103	831002000101	1	41002000106	900000000000011006	900000000000451002
44751002000121	20250509	1	11002000107	2181002000103	781002000108	1	41002000106	900000000000011006	900000000000451002
44761002000123	20250509	1	11002000107	2181002000103	811002000105	1	41002000106	900000000000011006	900000000000451002
44771002000129	20250509	1	11002000107	2181002000103	1621002000104	1	41002000106	900000000000011006	900000000000451002
44791002000128	20250509	1	11002000107	2181002000103	2161002000106	1	41002000106	900000000000011006	900000000000451002
44801002000127	20250509	1	11002000107	2181002000103	2151002000109	1	41002000106	900000000000011006	900000000000451002
44811002000129	20250509	1	11002000107	2181002000103	318331000221102	0	766939001	900000000000011006	900000000000451002
44821002000124	20250509	1	11002000107	2181002000103	821002000104	1	41002000106	900000000000011006	900000000000451002
44831002000122	20250509	1	11002000107	2181002000103	791002000106	1	41002000106	900000000000011006	900000000000451002
44841002000125	20250509	1	11002000107	2181002000103	801002000107	1	41002000106	900000000000011006	900000000000451002
44851002000128	20250509	1	11002000107	2191002000100	318331000221102	0	766939001	900000000000011006	900000000000451002
44871002000120	20250509	1	11002000107	2191002000100	1971002000108	1	41002000106	900000000000011006	900000000000451002
44881002000123	20250509	1	11002000107	2201002000102	318331000221102	0	766939001	900000000000011006	900000000000451002
44901002000120	20250509	1	11002000107	2201002000102	1971002000108	1	41002000106	900000000000011006	900000000000451002
44911002000123	20250509	1	11002000107	2221002000105	318331000221102	0	766939001	900000000000011006	900000000000451002
44921002000128	20250509	1	11002000107	2221002000105	2211002000104	1	41002000106	900000000000011006	900000000000451002
44941002000122	20250509	1	11002000107	2231002000108	291002000103	1	41002000106	900000000000011006	900000000000451002
44951002000124	20250509	1	11002000107	2231002000108	318331000221102	0	766939001	900000000000011006	900000000000451002
44971002000127	20250509	1	11002000107	2241002000100	251002000107	1	41002000106	900000000000011006	900000000000451002
44981002000129	20250509	1	11002000107	2241002000100	318331000221102	0	766939001	900000000000011006	900000000000451002
45001002000120	20250509	1	11002000107	2251002000103	318331000221102	0	766939001	900000000000011006	900000000000451002
45021002000128	20250509	1	11002000107	2251002000103	271002000104	1	41002000106	900000000000011006	900000000000451002
45031002000125	20250509	1	11002000107	2261002000101	391002000107	1	41002000106	900000000000011006	900000000000451002
45041002000122	20250509	1	11002000107	2261002000101	381002000109	1	41002000106	900000000000011006	900000000000451002
45051002000124	20250509	1	11002000107	2261002000101	318331000221102	0	766939001	900000000000011006	900000000000451002
45071002000127	20250509	1	11002000107	2261002000101	371002000106	1	41002000106	900000000000011006	900000000000451002
45081002000129	20250509	1	11002000107	2281002000109	2271002000106	1	41002000106	900000000000011006	900000000000451002
45091002000126	20250509	1	11002000107	2281002000109	318331000221102	0	766939001	900000000000011006	900000000000451002
45111002000122	20250509	1	11002000107	2291002000107	131002000106	1	41002000106	900000000000011006	900000000000451002
45121002000127	20250509	1	11002000107	2291002000107	318331000221102	0	766939001	900000000000011006	900000000000451002
45141002000121	20250509	1	11002000107	2311002000106	2301002000108	1	41002000106	900000000000011006	900000000000451002
45151002000123	20250509	1	11002000107	2311002000106	318331000221102	0	766939001	900000000000011006	900000000000451002
45171002000126	20250509	1	11002000107	2321002000100	318331000221102	0	766939001	900000000000011006	900000000000451002
45191002000125	20250509	1	11002000107	2321002000100	1111002000103	1	41002000106	900000000000011006	900000000000451002
45201002000127	20250509	1	11002000107	2341002000105	318331000221102	0	766939001	900000000000011006	900000000000451002
45221002000124	20250509	1	11002000107	2341002000105	2331002000102	1	41002000106	900000000000011006	900000000000451002
45231002000122	20250509	1	11002000107	2351002000107	1391002000108	1	41002000106	900000000000011006	900000000000451002
45241002000125	20250509	1	11002000107	2351002000107	131002000106	1	41002000106	900000000000011006	900000000000451002
45251002000128	20250509	1	11002000107	2351002000107	111002000102	1	41002000106	900000000000011006	900000000000451002
45261002000126	20250509	1	11002000107	2351002000107	318331000221102	0	766939001	900000000000011006	900000000000451002
45281002000123	20250509	1	11002000107	2361002000109	131002000106	1	41002000106	900000000000011006	900000000000451002
45291002000121	20250509	1	11002000107	2361002000109	111002000102	1	41002000106	900000000000011006	900000000000451002
45301002000122	20250509	1	11002000107	2361002000109	318331000221102	0	766939001	900000000000011006	900000000000451002
45321002000125	20250509	1	11002000107	2391002000103	121002000108	1	41002000106	900000000000011006	900000000000451002
45331002000127	20250509	1	11002000107	2391002000103	131002000106	1	41002000106	900000000000011006	900000000000451002
45341002000124	20250509	1	11002000107	2391002000103	2371002000104	1	41002000106	900000000000011006	900000000000451002
45351002000121	20250509	1	11002000107	2391002000103	318331000221102	0	766939001	900000000000011006	900000000000451002
45361002000123	20250509	1	11002000107	2391002000103	2381002000101	1	41002000106	900000000000011006	900000000000451002
45381002000126	20250509	1	11002000107	2401002000101	121002000108	1	41002000106	900000000000011006	900000000000451002
45391002000128	20250509	1	11002000107	2401002000101	1391002000108	1	41002000106	900000000000011006	900000000000451002
45401002000126	20250509	1	11002000107	2401002000101	131002000106	1	41002000106	900000000000011006	900000000000451002
45411002000128	20250509	1	11002000107	2401002000101	111002000102	1	41002000106	900000000000011006	900000000000451002
45431002000121	20250509	1	11002000107	2401002000101	51002000108	1	41002000106	900000000000011006	900000000000451002
45441002000129	20250509	1	11002000107	2401002000101	318331000221102	0	766939001	900000000000011006	900000000000451002
45451002000127	20250509	1	11002000107	2411002000103	318331000221102	0	766939001	900000000000011006	900000000000451002
45471002000124	20250509	1	11002000107	2411002000103	71002000100	1	41002000106	900000000000011006	900000000000451002
45481002000122	20250509	1	11002000107	2451002000102	2431002000107	1	41002000106	900000000000011006	900000000000451002
45491002000120	20250509	1	11002000107	2451002000102	318331000221102	0	766939001	900000000000011006	900000000000451002
45501002000125	20250509	1	11002000107	2451002000102	2441002000104	1	41002000106	900000000000011006	900000000000451002
45521002000122	20250509	1	11002000107	2451002000102	461002000105	1	41002000106	900000000000011006	900000000000451002
45531002000120	20250509	1	11002000107	2451002000102	2421002000109	1	41002000106	900000000000011006	900000000000451002
45541002000128	20250509	1	11002000107	2471002000105	318331000221102	0	766939001	900000000000011006	900000000000451002
45561002000129	20250509	1	11002000107	2471002000105	2461002000100	1	41002000106	900000000000011006	900000000000451002
45571002000123	20250509	1	11002000107	2491002000106	318331000221102	0	766939001	900000000000011006	900000000000451002
45591002000124	20250509	1	11002000107	2491002000106	2481002000108	1	41002000106	900000000000011006	900000000000451002
45601002000129	20250509	1	11002000107	2511002000102	2501002000100	1	41002000106	900000000000011006	900000000000451002
45611002000126	20250509	1	11002000107	2511002000102	318331000221102	0	766939001	900000000000011006	900000000000451002
45631002000124	20250509	1	11002000107	2531002000106	2521002000108	1	41002000106	900000000000011006	900000000000451002
45641002000127	20250509	1	11002000107	2531002000106	318331000221102	0	766939001	900000000000011006	900000000000451002
45661002000128	20250509	1	11002000107	2541002000103	318331000221102	0	766939001	900000000000011006	900000000000451002
45681002000120	20250509	1	11002000107	2541002000103	1971002000108	1	41002000106	900000000000011006	900000000000451002
45691002000123	20250509	1	11002000107	2551002000101	318331000221102	0	766939001	900000000000011006	900000000000451002
45701002000123	20250509	1	11002000107	2551002000101	971002000107	1	41002000106	900000000000011006	900000000000451002
45721002000126	20250509	1	11002000107	2561002000104	1591002000101	1	41002000106	900000000000011006	900000000000451002
45731002000128	20250509	1	11002000107	2561002000104	318331000221102	0	766939001	900000000000011006	900000000000451002
45751002000122	20250509	1	11002000107	2581002000107	2571002000109	1	41002000106	900000000000011006	900000000000451002
45761002000124	20250509	1	11002000107	2581002000107	318331000221102	0	766939001	900000000000011006	900000000000451002
45781002000127	20250509	1	11002000107	2591002000105	318331000221102	0	766939001	900000000000011006	900000000000451002
45801002000128	20250509	1	11002000107	2591002000105	441002000106	1	41002000106	900000000000011006	900000000000451002
45811002000125	20250509	1	11002000107	2591002000105	411002000107	1	41002000106	900000000000011006	900000000000451002
45821002000120	20250509	1	11002000107	2601002000104	431002000103	1	41002000106	900000000000011006	900000000000451002
45831002000123	20250509	1	11002000107	2601002000104	318331000221102	0	766939001	900000000000011006	900000000000451002
45851002000129	20250509	1	11002000107	2601002000104	441002000106	1	41002000106	900000000000011006	900000000000451002
45861002000127	20250509	1	11002000107	2601002000104	421002000101	1	41002000106	900000000000011006	900000000000451002
45871002000121	20250509	1	11002000107	2601002000104	411002000107	1	41002000106	900000000000011006	900000000000451002
45881002000124	20250509	1	11002000107	2611002000101	318331000221102	0	766939001	900000000000011006	900000000000451002
45901002000121	20250509	1	11002000107	2611002000101	371002000106	1	41002000106	900000000000011006	900000000000451002
45911002000124	20250509	1	11002000107	2631002000105	318331000221102	0	766939001	900000000000011006	900000000000451002
45931002000126	20250509	1	11002000107	2631002000105	2621002000107	1	41002000106	900000000000011006	900000000000451002
45941002000123	20250509	1	11002000107	2651002000100	2641002000102	1	41002000106	900000000000011006	900000000000451002
45951002000120	20250509	1	11002000107	2651002000100	318331000221102	0	766939001	900000000000011006	900000000000451002
45971002000128	20250509	1	11002000107	2671002000108	318331000221102	0	766939001	900000000000011006	900000000000451002
45991002000127	20250509	1	11002000107	2671002000108	2661002000103	1	41002000106	900000000000011006	900000000000451002
46001002000126	20250509	1	11002000107	2681002000106	318331000221102	0	766939001	900000000000011006	900000000000451002
46021002000123	20250509	1	11002000107	2681002000106	1731002000108	1	41002000106	900000000000011006	900000000000451002
46031002000121	20250509	1	11002000107	2701002000109	2691002000109	1	41002000106	900000000000011006	900000000000451002
46041002000129	20250509	1	11002000107	2701002000109	318331000221102	0	766939001	900000000000011006	900000000000451002
46061002000125	20250509	1	11002000107	2711002000107	1351002000104	1	41002000106	900000000000011006	900000000000451002
46071002000124	20250509	1	11002000107	2711002000107	318331000221102	0	766939001	900000000000011006	900000000000451002
46091002000120	20250509	1	11002000107	2731002000103	2721002000101	1	41002000106	900000000000011006	900000000000451002
46101002000127	20250509	1	11002000107	2731002000103	318331000221102	0	766939001	900000000000011006	900000000000451002
46121002000124	20250509	1	11002000107	2741002000106	2721002000101	1	41002000106	900000000000011006	900000000000451002
46131002000122	20250509	1	11002000107	2741002000106	318331000221102	0	766939001	900000000000011006	900000000000451002
46151002000128	20250509	1	11002000107	2761002000105	2751002000108	1	41002000106	900000000000011006	900000000000451002
46161002000126	20250509	1	11002000107	2761002000105	318331000221102	0	766939001	900000000000011006	900000000000451002
46181002000123	20250509	1	11002000107	2771002000100	1391002000108	1	41002000106	900000000000011006	900000000000451002
46191002000121	20250509	1	11002000107	2771002000100	318331000221102	0	766939001	900000000000011006	900000000000451002
46211002000122	20250509	1	11002000107	2781002000102	318331000221102	0	766939001	900000000000011006	900000000000451002
46231002000129	20250509	1	11002000107	2781002000102	71002000100	1	41002000106	900000000000011006	900000000000451002
46241002000121	20250509	1	11002000107	2791002000104	1221002000101	1	41002000106	900000000000011006	900000000000451002
46251002000123	20250509	1	11002000107	2791002000104	318331000221102	0	766939001	900000000000011006	900000000000451002
46271002000126	20250509	1	11002000107	2801002000103	91002000104	1	41002000106	900000000000011006	900000000000451002
46281002000128	20250509	1	11002000107	2801002000103	318331000221102	0	766939001	900000000000011006	900000000000451002
46301002000129	20250509	1	11002000107	2811002000100	1321002000106	1	41002000106	900000000000011006	900000000000451002
46311002000126	20250509	1	11002000107	2811002000100	318331000221102	0	766939001	900000000000011006	900000000000451002
46331002000124	20250509	1	11002000107	2811002000100	1171002000105	1	41002000106	900000000000011006	900000000000451002
46341002000127	20250509	1	11002000107	2821002000106	318331000221102	0	766939001	900000000000011006	900000000000451002
46361002000128	20250509	1	11002000107	2821002000106	71002000100	1	41002000106	900000000000011006	900000000000451002
46371002000122	20250509	1	11002000107	2831002000109	1651002000106	1	41002000106	900000000000011006	900000000000451002
46381002000120	20250509	1	11002000107	2831002000109	318331000221102	0	766939001	900000000000011006	900000000000451002
46401002000120	20250509	1	11002000107	2841002000101	1651002000106	1	41002000106	900000000000011006	900000000000451002
46411002000123	20250509	1	11002000107	2841002000101	318331000221102	0	766939001	900000000000011006	900000000000451002
46431002000125	20250509	1	11002000107	2851002000104	131002000106	1	41002000106	900000000000011006	900000000000451002
46441002000122	20250509	1	11002000107	2851002000104	111002000102	1	41002000106	900000000000011006	900000000000451002
46451002000124	20250509	1	11002000107	2851002000104	318331000221102	0	766939001	900000000000011006	900000000000451002
46471002000127	20250509	1	11002000107	2871002000107	318331000221102	0	766939001	900000000000011006	900000000000451002
46491002000126	20250509	1	11002000107	2871002000107	2861002000102	1	41002000106	900000000000011006	900000000000451002
46501002000121	20250509	1	11002000107	2881002000105	391002000107	1	41002000106	900000000000011006	900000000000451002
46511002000124	20250509	1	11002000107	2881002000105	381002000109	1	41002000106	900000000000011006	900000000000451002
46521002000129	20250509	1	11002000107	2881002000105	1351002000104	1	41002000106	900000000000011006	900000000000451002
46531002000126	20250509	1	11002000107	2881002000105	318331000221102	0	766939001	900000000000011006	900000000000451002
46551002000120	20250509	1	11002000107	2881002000105	371002000106	1	41002000106	900000000000011006	900000000000451002
46561002000122	20250509	1	11002000107	2891002000108	901002000103	1	41002000106	900000000000011006	900000000000451002
46571002000128	20250509	1	11002000107	2891002000108	131002000106	1	41002000106	900000000000011006	900000000000451002
46581002000125	20250509	1	11002000107	2891002000108	318331000221102	0	766939001	900000000000011006	900000000000451002
46601002000122	20250509	1	11002000107	2901002000107	1391002000108	1	41002000106	900000000000011006	900000000000451002
46611002000120	20250509	1	11002000107	2901002000107	131002000106	1	41002000106	900000000000011006	900000000000451002
46621002000125	20250509	1	11002000107	2901002000107	111002000102	1	41002000106	900000000000011006	900000000000451002
46631002000127	20250509	1	11002000107	2901002000107	318331000221102	0	766939001	900000000000011006	900000000000451002
46651002000121	20250509	1	11002000107	2911002000105	318331000221102	0	766939001	900000000000011006	900000000000451002
46671002000129	20250509	1	11002000107	2911002000105	441002000106	1	41002000106	900000000000011006	900000000000451002
46681002000126	20250509	1	11002000107	2911002000105	411002000107	1	41002000106	900000000000011006	900000000000451002
46691002000128	20250509	1	11002000107	2921002000104	131002000106	1	41002000106	900000000000011006	900000000000451002
46701002000128	20250509	1	11002000107	2921002000104	111002000102	1	41002000106	900000000000011006	900000000000451002
46711002000125	20250509	1	11002000107	2921002000104	318331000221102	0	766939001	900000000000011006	900000000000451002
46731002000123	20250509	1	11002000107	2921002000104	331002000108	1	41002000106	900000000000011006	900000000000451002
46741002000126	20250509	1	11002000107	2931002000101	121002000108	1	41002000106	900000000000011006	900000000000451002
46751002000129	20250509	1	11002000107	2931002000101	131002000106	1	41002000106	900000000000011006	900000000000451002
46761002000127	20250509	1	11002000107	2931002000101	111002000102	1	41002000106	900000000000011006	900000000000451002
46771002000121	20250509	1	11002000107	2931002000101	318331000221102	0	766939001	900000000000011006	900000000000451002
46791002000122	20250509	1	11002000107	2941002000109	131002000106	1	41002000106	900000000000011006	900000000000451002
46801002000123	20250509	1	11002000107	2941002000109	111002000102	1	41002000106	900000000000011006	900000000000451002
46811002000121	20250509	1	11002000107	2941002000109	318331000221102	0	766939001	900000000000011006	900000000000451002
46831002000128	20250509	1	11002000107	2941002000109	51002000108	1	41002000106	900000000000011006	900000000000451002
46841002000120	20250509	1	11002000107	2941002000109	331002000108	1	41002000106	900000000000011006	900000000000451002
46851002000122	20250509	1	11002000107	2951002000106	891002000102	1	41002000106	900000000000011006	900000000000451002
46861002000124	20250509	1	11002000107	2951002000106	901002000103	1	41002000106	900000000000011006	900000000000451002
46871002000125	20250509	1	11002000107	2951002000106	131002000106	1	41002000106	900000000000011006	900000000000451002
46881002000127	20250509	1	11002000107	2951002000106	318331000221102	0	766939001	900000000000011006	900000000000451002
46901002000125	20250509	1	11002000107	2961002000108	318331000221102	0	766939001	900000000000011006	900000000000451002
46911002000127	20250509	1	11002000107	2961002000108	1081002000107	1	41002000106	900000000000011006	900000000000451002
46931002000120	20250509	1	11002000107	2971002000103	111002000102	1	41002000106	900000000000011006	900000000000451002
46941002000128	20250509	1	11002000107	2971002000103	318331000221102	0	766939001	900000000000011006	900000000000451002
46961002000129	20250509	1	11002000107	2981002000100	131002000106	1	41002000106	900000000000011006	900000000000451002
46971002000123	20250509	1	11002000107	2981002000100	111002000102	1	41002000106	900000000000011006	900000000000451002
46981002000121	20250509	1	11002000107	2981002000100	318331000221102	0	766939001	900000000000011006	900000000000451002
47001002000129	20250509	1	11002000107	2991002000102	1391002000108	1	41002000106	900000000000011006	900000000000451002
47011002000126	20250509	1	11002000107	2991002000102	131002000106	1	41002000106	900000000000011006	900000000000451002
47021002000121	20250509	1	11002000107	2991002000102	111002000102	1	41002000106	900000000000011006	900000000000451002
47031002000124	20250509	1	11002000107	2991002000102	318331000221102	0	766939001	900000000000011006	900000000000451002
47051002000125	20250509	1	11002000107	3001002000101	991002000108	1	41002000106	900000000000011006	900000000000451002
47061002000128	20250509	1	11002000107	3001002000101	318331000221102	0	766939001	900000000000011006	900000000000451002
47081002000120	20250509	1	11002000107	3011002000103	318331000221102	0	766939001	900000000000011006	900000000000451002
47101002000125	20250509	1	11002000107	3011002000103	51002000108	1	41002000106	900000000000011006	900000000000451002
47111002000127	20250509	1	11002000107	3021002000109	111002000102	1	41002000106	900000000000011006	900000000000451002
47121002000122	20250509	1	11002000107	3021002000109	318331000221102	0	766939001	900000000000011006	900000000000451002
47141002000128	20250509	1	11002000107	3031002000107	131002000106	1	41002000106	900000000000011006	900000000000451002
47151002000126	20250509	1	11002000107	3031002000107	318331000221102	0	766939001	900000000000011006	900000000000451002
47171002000123	20250509	1	11002000107	3041002000104	991002000108	1	41002000106	900000000000011006	900000000000451002
47181002000121	20250509	1	11002000107	3041002000104	318331000221102	0	766939001	900000000000011006	900000000000451002
47201002000122	20250509	1	11002000107	3051002000102	391002000107	1	41002000106	900000000000011006	900000000000451002
47211002000120	20250509	1	11002000107	3051002000102	318331000221102	0	766939001	900000000000011006	900000000000451002
47231002000127	20250509	1	11002000107	3071002000105	318331000221102	0	766939001	900000000000011006	900000000000451002
47251002000121	20250509	1	11002000107	3071002000105	3061002000100	1	41002000106	900000000000011006	900000000000451002
47261002000123	20250509	1	11002000107	3091002000106	318331000221102	0	766939001	900000000000011006	900000000000451002
47281002000126	20250509	1	11002000107	3091002000106	3081002000108	1	41002000106	900000000000011006	900000000000451002
47291002000128	20250509	1	11002000107	3101002000102	318331000221102	0	766939001	900000000000011006	900000000000451002
47311002000129	20250509	1	11002000107	3101002000102	71002000100	1	41002000106	900000000000011006	900000000000451002
47321002000124	20250509	1	11002000107	3111002000104	381002000109	1	41002000106	900000000000011006	900000000000451002
47331002000122	20250509	1	11002000107	3111002000104	318331000221102	0	766939001	900000000000011006	900000000000451002
47351002000128	20250509	1	11002000107	3111002000104	371002000106	1	41002000106	900000000000011006	900000000000451002
47361002000126	20250509	1	11002000107	3121002000105	381002000109	1	41002000106	900000000000011006	900000000000451002
47371002000120	20250509	1	11002000107	3121002000105	318331000221102	0	766939001	900000000000011006	900000000000451002
47391002000121	20250509	1	11002000107	3121002000105	371002000106	1	41002000106	900000000000011006	900000000000451002
47401002000123	20250509	1	11002000107	3131002000108	318331000221102	0	766939001	900000000000011006	900000000000451002
47411002000121	20250509	1	11002000107	3131002000108	2211002000104	1	41002000106	900000000000011006	900000000000451002
47431002000128	20250509	1	11002000107	3141002000100	251002000107	1	41002000106	900000000000011006	900000000000451002
47441002000120	20250509	1	11002000107	3141002000100	318331000221102	0	766939001	900000000000011006	900000000000451002
47461002000124	20250509	1	11002000107	3151002000103	318331000221102	0	766939001	900000000000011006	900000000000451002
47481002000127	20250509	1	11002000107	3151002000103	3061002000100	1	41002000106	900000000000011006	900000000000451002
47491002000129	20250509	1	11002000107	3161002000101	391002000107	1	41002000106	900000000000011006	900000000000451002
47501002000124	20250509	1	11002000107	3161002000101	318331000221102	0	766939001	900000000000011006	900000000000451002
47521002000127	20250509	1	11002000107	3161002000101	371002000106	1	41002000106	900000000000011006	900000000000451002
47531002000129	20250509	1	11002000107	3181002000109	318331000221102	0	766939001	900000000000011006	900000000000451002
47551002000123	20250509	1	11002000107	3181002000109	3171002000106	1	41002000106	900000000000011006	900000000000451002
47561002000120	20250509	1	11002000107	3191002000107	131002000106	1	41002000106	900000000000011006	900000000000451002
47571002000126	20250509	1	11002000107	3191002000107	111002000102	1	41002000106	900000000000011006	900000000000451002
47581002000128	20250509	1	11002000107	3191002000107	318331000221102	0	766939001	900000000000011006	900000000000451002
47601002000120	20250509	1	11002000107	3201002000105	391002000107	1	41002000106	900000000000011006	900000000000451002
47611002000123	20250509	1	11002000107	3201002000105	318331000221102	0	766939001	900000000000011006	900000000000451002
47631002000125	20250509	1	11002000107	3211002000108	2521002000108	1	41002000106	900000000000011006	900000000000451002
47641002000122	20250509	1	11002000107	3211002000108	318331000221102	0	766939001	900000000000011006	900000000000451002
47661002000121	20250509	1	11002000107	3221002000102	318331000221102	0	766939001	900000000000011006	900000000000451002
47681002000129	20250509	1	11002000107	3221002000102	331002000108	1	41002000106	900000000000011006	900000000000451002
47691002000126	20250509	1	11002000107	3231002000104	381002000109	1	41002000106	900000000000011006	900000000000451002
47701002000126	20250509	1	11002000107	3231002000104	318331000221102	0	766939001	900000000000011006	900000000000451002
47721002000123	20250509	1	11002000107	3241002000107	131002000106	1	41002000106	900000000000011006	900000000000451002
47731002000121	20250509	1	11002000107	3241002000107	111002000102	1	41002000106	900000000000011006	900000000000451002
47741002000129	20250509	1	11002000107	3241002000107	318331000221102	0	766939001	900000000000011006	900000000000451002
47761002000125	20250509	1	11002000107	3241002000107	331002000108	1	41002000106	900000000000011006	900000000000451002
47771002000124	20250509	1	11002000107	3261002000106	251002000107	1	41002000106	900000000000011006	900000000000451002
47781002000122	20250509	1	11002000107	3261002000106	3251002000109	1	41002000106	900000000000011006	900000000000451002
47791002000120	20250509	1	11002000107	3261002000106	318331000221102	0	766939001	900000000000011006	900000000000451002
47811002000124	20250509	1	11002000107	3271002000101	1391002000108	1	41002000106	900000000000011006	900000000000451002
47821002000129	20250509	1	11002000107	3271002000101	131002000106	1	41002000106	900000000000011006	900000000000451002
47831002000126	20250509	1	11002000107	3271002000101	111002000102	1	41002000106	900000000000011006	900000000000451002
47841002000123	20250509	1	11002000107	3271002000101	318331000221102	0	766939001	900000000000011006	900000000000451002
47861002000122	20250509	1	11002000107	3281002000103	131002000106	1	41002000106	900000000000011006	900000000000451002
47871002000128	20250509	1	11002000107	3281002000103	111002000102	1	41002000106	900000000000011006	900000000000451002
47881002000125	20250509	1	11002000107	3281002000103	318331000221102	0	766939001	900000000000011006	900000000000451002
47901002000128	20250509	1	11002000107	3281002000103	331002000108	1	41002000106	900000000000011006	900000000000451002
47911002000125	20250509	1	11002000107	3291002000100	121002000108	1	41002000106	900000000000011006	900000000000451002
47921002000120	20250509	1	11002000107	3291002000100	1391002000108	1	41002000106	900000000000011006	900000000000451002
47931002000123	20250509	1	11002000107	3291002000100	131002000106	1	41002000106	900000000000011006	900000000000451002
47941002000126	20250509	1	11002000107	3291002000100	111002000102	1	41002000106	900000000000011006	900000000000451002
47951002000129	20250509	1	11002000107	3291002000100	318331000221102	0	766939001	900000000000011006	900000000000451002
47971002000121	20250509	1	11002000107	3301002000104	121002000108	1	41002000106	900000000000011006	900000000000451002
47981002000124	20250509	1	11002000107	3301002000104	131002000106	1	41002000106	900000000000011006	900000000000451002
47991002000122	20250509	1	11002000107	3301002000104	111002000102	1	41002000106	900000000000011006	900000000000451002
48001002000125	20250509	1	11002000107	3301002000104	318331000221102	0	766939001	900000000000011006	900000000000451002
48021002000122	20250509	1	11002000107	3311002000101	131002000106	1	41002000106	900000000000011006	900000000000451002
48031002000120	20250509	1	11002000107	3311002000101	111002000102	1	41002000106	900000000000011006	900000000000451002
48041002000128	20250509	1	11002000107	3311002000101	318331000221102	0	766939001	900000000000011006	900000000000451002
48061002000129	20250509	1	11002000107	3321002000107	131002000106	1	41002000106	900000000000011006	900000000000451002
48071002000123	20250509	1	11002000107	3321002000107	111002000102	1	41002000106	900000000000011006	900000000000451002
48081002000121	20250509	1	11002000107	3321002000107	318331000221102	0	766939001	900000000000011006	900000000000451002
48101002000126	20250509	1	11002000107	3331002000105	131002000106	1	41002000106	900000000000011006	900000000000451002
48111002000128	20250509	1	11002000107	3331002000105	111002000102	1	41002000106	900000000000011006	900000000000451002
48121002000123	20250509	1	11002000107	3331002000105	318331000221102	0	766939001	900000000000011006	900000000000451002
48141002000129	20250509	1	11002000107	3341002000102	131002000106	1	41002000106	900000000000011006	900000000000451002
48151002000127	20250509	1	11002000107	3341002000102	111002000102	1	41002000106	900000000000011006	900000000000451002
48161002000125	20250509	1	11002000107	3341002000102	318331000221102	0	766939001	900000000000011006	900000000000451002
48181002000122	20250509	1	11002000107	3361002000103	3351002000100	1	41002000106	900000000000011006	900000000000451002
48191002000120	20250509	1	11002000107	3361002000103	318331000221102	0	766939001	900000000000011006	900000000000451002
48211002000121	20250509	1	11002000107	3371002000108	131002000106	1	41002000106	900000000000011006	900000000000451002
48221002000126	20250509	1	11002000107	3371002000108	111002000102	1	41002000106	900000000000011006	900000000000451002
48231002000128	20250509	1	11002000107	3371002000108	318331000221102	0	766939001	900000000000011006	900000000000451002
48251002000122	20250509	1	11002000107	3381002000106	1391002000108	1	41002000106	900000000000011006	900000000000451002
48261002000124	20250509	1	11002000107	3381002000106	131002000106	1	41002000106	900000000000011006	900000000000451002
48271002000125	20250509	1	11002000107	3381002000106	111002000102	1	41002000106	900000000000011006	900000000000451002
48281002000127	20250509	1	11002000107	3381002000106	318331000221102	0	766939001	900000000000011006	900000000000451002
48301002000128	20250509	1	11002000107	3391002000109	131002000106	1	41002000106	900000000000011006	900000000000451002
48311002000125	20250509	1	11002000107	3391002000109	111002000102	1	41002000106	900000000000011006	900000000000451002
48321002000120	20250509	1	11002000107	3391002000109	318331000221102	0	766939001	900000000000011006	900000000000451002
48341002000126	20250509	1	11002000107	3401002000106	391002000107	1	41002000106	900000000000011006	900000000000451002
48351002000129	20250509	1	11002000107	3401002000106	381002000109	1	41002000106	900000000000011006	900000000000451002
48361002000127	20250509	1	11002000107	3401002000106	318331000221102	0	766939001	900000000000011006	900000000000451002
48381002000124	20250509	1	11002000107	3411002000109	121002000108	1	41002000106	900000000000011006	900000000000451002
48391002000122	20250509	1	11002000107	3411002000109	318331000221102	0	766939001	900000000000011006	900000000000451002
48411002000122	20250509	1	11002000107	3421002000103	131002000106	1	41002000106	900000000000011006	900000000000451002
48421002000127	20250509	1	11002000107	3421002000103	111002000102	1	41002000106	900000000000011006	900000000000451002
48431002000129	20250509	1	11002000107	3421002000103	318331000221102	0	766939001	900000000000011006	900000000000451002
48451002000123	20250509	1	11002000107	3421002000103	331002000108	1	41002000106	900000000000011006	900000000000451002
48461002000120	20250509	1	11002000107	3441002000108	318331000221102	0	766939001	900000000000011006	900000000000451002
48481002000128	20250509	1	11002000107	3441002000108	3431002000100	1	41002000106	900000000000011006	900000000000451002
48491002000125	20250509	1	11002000107	3451002000105	381002000109	1	41002000106	900000000000011006	900000000000451002
48501002000120	20250509	1	11002000107	3451002000105	318331000221102	0	766939001	900000000000011006	900000000000451002
48521002000128	20250509	1	11002000107	3461002000107	318331000221102	0	766939001	900000000000011006	900000000000451002
48541002000122	20250509	1	11002000107	3461002000107	71002000100	1	41002000106	900000000000011006	900000000000451002
48551002000124	20250509	1	11002000107	3471002000102	318331000221102	0	766939001	900000000000011006	900000000000451002
48571002000127	20250509	1	11002000107	3471002000102	71002000100	1	41002000106	900000000000011006	900000000000451002
48581002000129	20250509	1	11002000107	3481002000104	318331000221102	0	766939001	900000000000011006	900000000000451002
48601002000121	20250509	1	11002000107	3481002000104	71002000100	1	41002000106	900000000000011006	900000000000451002
48611002000124	20250509	1	11002000107	3491002000101	318331000221102	0	766939001	900000000000011006	900000000000451002
48631002000126	20250509	1	11002000107	3491002000101	71002000100	1	41002000106	900000000000011006	900000000000451002
48641002000123	20250509	1	11002000107	3501002000107	318331000221102	0	766939001	900000000000011006	900000000000451002
48661002000122	20250509	1	11002000107	3501002000107	2861002000102	1	41002000106	900000000000011006	900000000000451002
48671002000128	20250509	1	11002000107	3521002000104	3511002000105	1	41002000106	900000000000011006	900000000000451002
48681002000125	20250509	1	11002000107	3521002000104	318331000221102	0	766939001	900000000000011006	900000000000451002
48701002000127	20250509	1	11002000107	3531002000101	318331000221102	0	766939001	900000000000011006	900000000000451002
48721002000124	20250509	1	11002000107	3531002000101	71002000100	1	41002000106	900000000000011006	900000000000451002
48731002000122	20250509	1	11002000107	3551002000106	318331000221102	0	766939001	900000000000011006	900000000000451002
48741002000125	20250509	1	11002000107	3551002000106	3541002000109	1	41002000106	900000000000011006	900000000000451002
48761002000126	20250509	1	11002000107	3561002000108	1391002000108	1	41002000106	900000000000011006	900000000000451002
48771002000120	20250509	1	11002000107	3561002000108	131002000106	1	41002000106	900000000000011006	900000000000451002
48781002000123	20250509	1	11002000107	3561002000108	111002000102	1	41002000106	900000000000011006	900000000000451002
48791002000121	20250509	1	11002000107	3561002000108	318331000221102	0	766939001	900000000000011006	900000000000451002
48811002000120	20250509	1	11002000107	3571002000103	381002000109	1	41002000106	900000000000011006	900000000000451002
48821002000125	20250509	1	11002000107	3571002000103	318331000221102	0	766939001	900000000000011006	900000000000451002
48841002000124	20250509	1	11002000107	3581002000100	318331000221102	0	766939001	900000000000011006	900000000000451002
48861002000123	20250509	1	11002000107	3581002000100	51002000108	1	41002000106	900000000000011006	900000000000451002
48871002000129	20250509	1	11002000107	3591002000102	318331000221102	0	766939001	900000000000011006	900000000000451002
48891002000128	20250509	1	11002000107	3591002000102	1171002000105	1	41002000106	900000000000011006	900000000000451002
48901002000129	20250509	1	11002000107	3601002000108	318331000221102	0	766939001	900000000000011006	900000000000451002
48911002000126	20250509	1	11002000107	3601002000108	2211002000104	1	41002000106	900000000000011006	900000000000451002
48931002000124	20250509	1	11002000107	3611002000106	251002000107	1	41002000106	900000000000011006	900000000000451002
48941002000127	20250509	1	11002000107	3611002000106	318331000221102	0	766939001	900000000000011006	900000000000451002
48961002000128	20250509	1	11002000107	3631002000102	318331000221102	0	766939001	900000000000011006	900000000000451002
48981002000120	20250509	1	11002000107	3631002000102	3621002000100	1	41002000106	900000000000011006	900000000000451002
48991002000123	20250509	1	11002000107	3641002000105	131002000106	1	41002000106	900000000000011006	900000000000451002
49001002000123	20250509	1	11002000107	3641002000105	318331000221102	0	766939001	900000000000011006	900000000000451002
49021002000126	20250509	1	11002000107	3641002000105	71002000100	1	41002000106	900000000000011006	900000000000451002
49031002000128	20250509	1	11002000107	3661002000109	3651002000107	1	41002000106	900000000000011006	900000000000451002
49041002000120	20250509	1	11002000107	3661002000109	318331000221102	0	766939001	900000000000011006	900000000000451002
49061002000124	20250509	1	11002000107	3671002000104	1391002000108	1	41002000106	900000000000011006	900000000000451002
49071002000125	20250509	1	11002000107	3671002000104	318331000221102	0	766939001	900000000000011006	900000000000451002
49091002000129	20250509	1	11002000107	3681002000101	381002000109	1	41002000106	900000000000011006	900000000000451002
49101002000122	20250509	1	11002000107	3681002000101	318331000221102	0	766939001	900000000000011006	900000000000451002
49121002000125	20250509	1	11002000107	3691002000103	131002000106	1	41002000106	900000000000011006	900000000000451002
49131002000127	20250509	1	11002000107	3691002000103	318331000221102	0	766939001	900000000000011006	900000000000451002
49151002000121	20250509	1	11002000107	3711002000100	3701002000103	1	41002000106	900000000000011006	900000000000451002
49161002000123	20250509	1	11002000107	3711002000100	318331000221102	0	766939001	900000000000011006	900000000000451002
49181002000126	20250509	1	11002000107	3721002000106	318331000221102	0	766939001	900000000000011006	900000000000451002
49201002000125	20250509	1	11002000107	3721002000106	871002000103	1	41002000106	900000000000011006	900000000000451002
49211002000127	20250509	1	11002000107	3731002000109	131002000106	1	41002000106	900000000000011006	900000000000451002
49221002000122	20250509	1	11002000107	3731002000109	111002000102	1	41002000106	900000000000011006	900000000000451002
49231002000120	20250509	1	11002000107	3731002000109	318331000221102	0	766939001	900000000000011006	900000000000451002
49251002000126	20250509	1	11002000107	3741002000101	318331000221102	0	766939001	900000000000011006	900000000000451002
49271002000123	20250509	1	11002000107	3741002000101	71002000100	1	41002000106	900000000000011006	900000000000451002
49281002000121	20250509	1	11002000107	3751002000104	318331000221102	0	766939001	900000000000011006	900000000000451002
49301002000120	20250509	1	11002000107	3751002000104	371002000106	1	41002000106	900000000000011006	900000000000451002
49311002000123	20250509	1	11002000107	3761002000102	318331000221102	0	766939001	900000000000011006	900000000000451002
49331002000125	20250509	1	11002000107	3761002000102	371002000106	1	41002000106	900000000000011006	900000000000451002
49341002000122	20250509	1	11002000107	3771002000107	391002000107	1	41002000106	900000000000011006	900000000000451002
49351002000124	20250509	1	11002000107	3771002000107	381002000109	1	41002000106	900000000000011006	900000000000451002
49361002000121	20250509	1	11002000107	3771002000107	318331000221102	0	766939001	900000000000011006	900000000000451002
49381002000129	20250509	1	11002000107	3771002000107	371002000106	1	41002000106	900000000000011006	900000000000451002
49391002000126	20250509	1	11002000107	3791002000108	3781002000105	1	41002000106	900000000000011006	900000000000451002
49401002000129	20250509	1	11002000107	3791002000108	318331000221102	0	766939001	900000000000011006	900000000000451002
49421002000121	20250509	1	11002000107	3801002000109	3781002000105	1	41002000106	900000000000011006	900000000000451002
49431002000124	20250509	1	11002000107	3801002000109	318331000221102	0	766939001	900000000000011006	900000000000451002
49451002000125	20250509	1	11002000107	3811002000107	2271002000106	1	41002000106	900000000000011006	900000000000451002
49461002000128	20250509	1	11002000107	3811002000107	318331000221102	0	766939001	900000000000011006	900000000000451002
49481002000120	20250509	1	11002000107	3821002000101	381002000109	1	41002000106	900000000000011006	900000000000451002
49491002000123	20250509	1	11002000107	3821002000101	318331000221102	0	766939001	900000000000011006	900000000000451002
49511002000125	20250509	1	11002000107	3831002000103	391002000107	1	41002000106	900000000000011006	900000000000451002
49521002000120	20250509	1	11002000107	3831002000103	318331000221102	0	766939001	900000000000011006	900000000000451002
49541002000126	20250509	1	11002000107	3841002000106	131002000106	1	41002000106	900000000000011006	900000000000451002
49551002000129	20250509	1	11002000107	3841002000106	111002000102	1	41002000106	900000000000011006	900000000000451002
49561002000127	20250509	1	11002000107	3841002000106	318331000221102	0	766939001	900000000000011006	900000000000451002
49581002000124	20250509	1	11002000107	3841002000106	331002000108	1	41002000106	900000000000011006	900000000000451002
49591002000122	20250509	1	11002000107	3851002000108	318331000221102	0	766939001	900000000000011006	900000000000451002
49611002000129	20250509	1	11002000107	3851002000108	71002000100	1	41002000106	900000000000011006	900000000000451002
49621002000124	20250509	1	11002000107	3861002000105	318331000221102	0	766939001	900000000000011006	900000000000451002
49641002000125	20250509	1	11002000107	3861002000105	71002000100	1	41002000106	900000000000011006	900000000000451002
49651002000128	20250509	1	11002000107	3871002000100	121002000108	1	41002000106	900000000000011006	900000000000451002
49661002000126	20250509	1	11002000107	3871002000100	131002000106	1	41002000106	900000000000011006	900000000000451002
49671002000120	20250509	1	11002000107	3871002000100	318331000221102	0	766939001	900000000000011006	900000000000451002
49691002000121	20250509	1	11002000107	3881002000102	121002000108	1	41002000106	900000000000011006	900000000000451002
49701002000121	20250509	1	11002000107	3881002000102	318331000221102	0	766939001	900000000000011006	900000000000451002
49721002000129	20250509	1	11002000107	3891002000104	121002000108	1	41002000106	900000000000011006	900000000000451002
49731002000126	20250509	1	11002000107	3891002000104	318331000221102	0	766939001	900000000000011006	900000000000451002
49751002000120	20250509	1	11002000107	3901002000100	318331000221102	0	766939001	900000000000011006	900000000000451002
49771002000128	20250509	1	11002000107	3901002000100	71002000100	1	41002000106	900000000000011006	900000000000451002
49781002000125	20250509	1	11002000107	3911002000102	131002000106	1	41002000106	900000000000011006	900000000000451002
49791002000127	20250509	1	11002000107	3911002000102	111002000102	1	41002000106	900000000000011006	900000000000451002
49801002000126	20250509	1	11002000107	3911002000102	318331000221102	0	766939001	900000000000011006	900000000000451002
49821002000123	20250509	1	11002000107	3921002000108	1391002000108	1	41002000106	900000000000011006	900000000000451002
49831002000121	20250509	1	11002000107	3921002000108	318331000221102	0	766939001	900000000000011006	900000000000451002
49851002000127	20250509	1	11002000107	3931002000106	3351002000100	1	41002000106	900000000000011006	900000000000451002
49861002000125	20250509	1	11002000107	3931002000106	318331000221102	0	766939001	900000000000011006	900000000000451002
49881002000122	20250509	1	11002000107	3941002000103	318331000221102	0	766939001	900000000000011006	900000000000451002
49901002000124	20250509	1	11002000107	3941002000103	2071002000102	1	41002000106	900000000000011006	900000000000451002
49911002000122	20250509	1	11002000107	3951002000101	3351002000100	1	41002000106	900000000000011006	900000000000451002
49921002000127	20250509	1	11002000107	3951002000101	318331000221102	0	766939001	900000000000011006	900000000000451002
49941002000121	20250509	1	11002000107	3961002000104	391002000107	1	41002000106	900000000000011006	900000000000451002
49951002000123	20250509	1	11002000107	3961002000104	381002000109	1	41002000106	900000000000011006	900000000000451002
49961002000120	20250509	1	11002000107	3961002000104	318331000221102	0	766939001	900000000000011006	900000000000451002
49981002000128	20250509	1	11002000107	3971002000109	391002000107	1	41002000106	900000000000011006	900000000000451002
49991002000125	20250509	1	11002000107	3971002000109	318331000221102	0	766939001	900000000000011006	900000000000451002
50011002000127	20250509	1	11002000107	3981002000107	391002000107	1	41002000106	900000000000011006	900000000000451002
50021002000122	20250509	1	11002000107	3981002000107	318331000221102	0	766939001	900000000000011006	900000000000451002
50041002000128	20250509	1	11002000107	3981002000107	371002000106	1	41002000106	900000000000011006	900000000000451002
50051002000126	20250509	1	11002000107	3991002000105	391002000107	1	41002000106	900000000000011006	900000000000451002
50061002000129	20250509	1	11002000107	3991002000105	381002000109	1	41002000106	900000000000011006	900000000000451002
50071002000123	20250509	1	11002000107	3991002000105	318331000221102	0	766939001	900000000000011006	900000000000451002
50091002000124	20250509	1	11002000107	3991002000105	371002000106	1	41002000106	900000000000011006	900000000000451002
50101002000126	20250509	1	11002000107	4001002000103	131002000106	1	41002000106	900000000000011006	900000000000451002
50111002000128	20250509	1	11002000107	4001002000103	318331000221102	0	766939001	900000000000011006	900000000000451002
50131002000121	20250509	1	11002000107	4021002000106	4011002000100	1	41002000106	900000000000011006	900000000000451002
50141002000129	20250509	1	11002000107	4021002000106	318331000221102	0	766939001	900000000000011006	900000000000451002
50161002000125	20250509	1	11002000107	4031002000109	391002000107	1	41002000106	900000000000011006	900000000000451002
50171002000124	20250509	1	11002000107	4031002000109	318331000221102	0	766939001	900000000000011006	900000000000451002
50191002000120	20250509	1	11002000107	4041002000101	381002000109	1	41002000106	900000000000011006	900000000000451002
50201002000123	20250509	1	11002000107	4041002000101	318331000221102	0	766939001	900000000000011006	900000000000451002
50221002000126	20250509	1	11002000107	4051002000104	391002000107	1	41002000106	900000000000011006	900000000000451002
50231002000128	20250509	1	11002000107	4051002000104	381002000109	1	41002000106	900000000000011006	900000000000451002
50241002000120	20250509	1	11002000107	4051002000104	318331000221102	0	766939001	900000000000011006	900000000000451002
50261002000124	20250509	1	11002000107	4051002000104	371002000106	1	41002000106	900000000000011006	900000000000451002
50271002000125	20250509	1	11002000107	4061002000102	391002000107	1	41002000106	900000000000011006	900000000000451002
50281002000127	20250509	1	11002000107	4061002000102	381002000109	1	41002000106	900000000000011006	900000000000451002
50291002000129	20250509	1	11002000107	4061002000102	318331000221102	0	766939001	900000000000011006	900000000000451002
50311002000125	20250509	1	11002000107	4071002000107	391002000107	1	41002000106	900000000000011006	900000000000451002
50321002000120	20250509	1	11002000107	4071002000107	381002000109	1	41002000106	900000000000011006	900000000000451002
50331002000123	20250509	1	11002000107	4071002000107	318331000221102	0	766939001	900000000000011006	900000000000451002
50351002000129	20250509	1	11002000107	4081002000105	391002000107	1	41002000106	900000000000011006	900000000000451002
50361002000127	20250509	1	11002000107	4081002000105	318331000221102	0	766939001	900000000000011006	900000000000451002
50381002000124	20250509	1	11002000107	4091002000108	391002000107	1	41002000106	900000000000011006	900000000000451002
50391002000122	20250509	1	11002000107	4091002000108	318331000221102	0	766939001	900000000000011006	900000000000451002
50411002000122	20250509	1	11002000107	4101002000104	391002000107	1	41002000106	900000000000011006	900000000000451002
50421002000127	20250509	1	11002000107	4101002000104	318331000221102	0	766939001	900000000000011006	900000000000451002
50441002000121	20250509	1	11002000107	4111002000101	391002000107	1	41002000106	900000000000011006	900000000000451002
50451002000123	20250509	1	11002000107	4111002000101	318331000221102	0	766939001	900000000000011006	900000000000451002
50471002000126	20250509	1	11002000107	4131002000105	318331000221102	0	766939001	900000000000011006	900000000000451002
50491002000125	20250509	1	11002000107	4131002000105	4121002000107	1	41002000106	900000000000011006	900000000000451002
50501002000120	20250509	1	11002000107	4141002000102	318331000221102	0	766939001	900000000000011006	900000000000451002
50521002000128	20250509	1	11002000107	4141002000102	411002000107	1	41002000106	900000000000011006	900000000000451002
50531002000125	20250509	1	11002000107	4151002000100	431002000103	1	41002000106	900000000000011006	900000000000451002
50541002000122	20250509	1	11002000107	4151002000100	318331000221102	0	766939001	900000000000011006	900000000000451002
50561002000121	20250509	1	11002000107	4151002000100	441002000106	1	41002000106	900000000000011006	900000000000451002
50571002000127	20250509	1	11002000107	4151002000100	421002000101	1	41002000106	900000000000011006	900000000000451002
50581002000129	20250509	1	11002000107	4151002000100	411002000107	1	41002000106	900000000000011006	900000000000451002
50591002000126	20250509	1	11002000107	4161002000103	431002000103	1	41002000106	900000000000011006	900000000000451002
50601002000121	20250509	1	11002000107	4161002000103	318331000221102	0	766939001	900000000000011006	900000000000451002
50621002000129	20250509	1	11002000107	4161002000103	441002000106	1	41002000106	900000000000011006	900000000000451002
50631002000126	20250509	1	11002000107	4161002000103	421002000101	1	41002000106	900000000000011006	900000000000451002
50641002000123	20250509	1	11002000107	4161002000103	411002000107	1	41002000106	900000000000011006	900000000000451002
50651002000120	20250509	1	11002000107	4171002000108	318331000221102	0	766939001	900000000000011006	900000000000451002
50671002000128	20250509	1	11002000107	4171002000108	441002000106	1	41002000106	900000000000011006	900000000000451002
50681002000125	20250509	1	11002000107	4171002000108	411002000107	1	41002000106	900000000000011006	900000000000451002
50691002000127	20250509	1	11002000107	4181002000106	381002000109	1	41002000106	900000000000011006	900000000000451002
50701002000127	20250509	1	11002000107	4181002000106	318331000221102	0	766939001	900000000000011006	900000000000451002
50721002000124	20250509	1	11002000107	4191002000109	381002000109	1	41002000106	900000000000011006	900000000000451002
50731002000122	20250509	1	11002000107	4191002000109	318331000221102	0	766939001	900000000000011006	900000000000451002
50751002000128	20250509	1	11002000107	4201002000107	391002000107	1	41002000106	900000000000011006	900000000000451002
50761002000126	20250509	1	11002000107	4201002000107	318331000221102	0	766939001	900000000000011006	900000000000451002
50781002000123	20250509	1	11002000107	4211002000105	391002000107	1	41002000106	900000000000011006	900000000000451002
50791002000121	20250509	1	11002000107	4211002000105	381002000109	1	41002000106	900000000000011006	900000000000451002
50801002000122	20250509	1	11002000107	4211002000105	318331000221102	0	766939001	900000000000011006	900000000000451002
50821002000125	20250509	1	11002000107	4211002000105	371002000106	1	41002000106	900000000000011006	900000000000451002
50831002000127	20250509	1	11002000107	4251002000106	4231002000101	1	41002000106	900000000000011006	900000000000451002
50841002000124	20250509	1	11002000107	4251002000106	561002000106	1	41002000106	900000000000011006	900000000000451002
50851002000121	20250509	1	11002000107	4251002000106	641002000108	1	41002000106	900000000000011006	900000000000451002
50861002000123	20250509	1	11002000107	4251002000106	651002000105	1	41002000106	900000000000011006	900000000000451002
50871002000129	20250509	1	11002000107	4251002000106	601002000106	1	41002000106	900000000000011006	900000000000451002
50881002000126	20250509	1	11002000107	4251002000106	731002000107	1	41002000106	900000000000011006	900000000000451002
50891002000128	20250509	1	11002000107	4251002000106	541002000107	1	41002000106	900000000000011006	900000000000451002
50901002000129	20250509	1	11002000107	4251002000106	4221002000104	1	41002000106	900000000000011006	900000000000451002
50911002000126	20250509	1	11002000107	4251002000106	4241002000109	1	41002000106	900000000000011006	900000000000451002
50931002000124	20250509	1	11002000107	4251002000106	721002000109	1	41002000106	900000000000011006	900000000000451002
50941002000127	20250509	1	11002000107	4251002000106	551002000109	1	41002000106	900000000000011006	900000000000451002
50951002000125	20250509	1	11002000107	4251002000106	531002000104	1	41002000106	900000000000011006	900000000000451002
50961002000128	20250509	1	11002000107	4251002000106	318331000221102	0	766939001	900000000000011006	900000000000451002
50971002000122	20250509	1	11002000107	4251002000106	611002000109	1	41002000106	900000000000011006	900000000000451002
50981002000120	20250509	1	11002000107	4251002000106	681002000104	1	41002000106	900000000000011006	900000000000451002
50991002000123	20250509	1	11002000107	4251002000106	631002000100	1	41002000106	900000000000011006	900000000000451002
51001002000124	20250509	1	11002000107	4251002000106	661002000107	1	41002000106	900000000000011006	900000000000451002
51011002000122	20250509	1	11002000107	4251002000106	741002000104	1	41002000106	900000000000011006	900000000000451002
51021002000127	20250509	1	11002000107	4261002000108	391002000107	1	41002000106	900000000000011006	900000000000451002
51031002000129	20250509	1	11002000107	4261002000108	318331000221102	0	766939001	900000000000011006	900000000000451002
51051002000123	20250509	1	11002000107	4261002000108	371002000106	1	41002000106	900000000000011006	900000000000451002
51061002000120	20250509	1	11002000107	4271002000103	1801002000108	1	41002000106	900000000000011006	900000000000451002
51071002000126	20250509	1	11002000107	4271002000103	1811002000106	1	41002000106	900000000000011006	900000000000451002
51081002000128	20250509	1	11002000107	4271002000103	1821002000100	1	41002000106	900000000000011006	900000000000451002
51091002000125	20250509	1	11002000107	4271002000103	318331000221102	0	766939001	900000000000011006	900000000000451002
51111002000121	20250509	1	11002000107	4281002000100	391002000107	1	41002000106	900000000000011006	900000000000451002
51121002000126	20250509	1	11002000107	4281002000100	318331000221102	0	766939001	900000000000011006	900000000000451002
51141002000120	20250509	1	11002000107	4291002000102	391002000107	1	41002000106	900000000000011006	900000000000451002
51151002000122	20250509	1	11002000107	4291002000102	381002000109	1	41002000106	900000000000011006	900000000000451002
51161002000124	20250509	1	11002000107	4291002000102	318331000221102	0	766939001	900000000000011006	900000000000451002
51181002000127	20250509	1	11002000107	4311002000103	4301002000101	1	41002000106	900000000000011006	900000000000451002
51191002000129	20250509	1	11002000107	4311002000103	763158003	0	116680003	900000000000011006	900000000000451002
51201002000126	20250509	1	11002000107	4311002000103	871530006	0	766939001	900000000000011006	900000000000451002
51211002000128	20250509	1	11002000107	4321002000109	391002000107	1	41002000106	900000000000011006	900000000000451002
51221002000123	20250509	1	11002000107	4321002000109	381002000109	1	41002000106	900000000000011006	900000000000451002
51231002000121	20250509	1	11002000107	4321002000109	318331000221102	0	766939001	900000000000011006	900000000000451002
51251002000127	20250509	1	11002000107	4321002000109	371002000106	1	41002000106	900000000000011006	900000000000451002
51261002000125	20250509	1	11002000107	4331002000107	391002000107	1	41002000106	900000000000011006	900000000000451002
51271002000124	20250509	1	11002000107	4331002000107	318331000221102	0	766939001	900000000000011006	900000000000451002
51291002000120	20250509	1	11002000107	4341002000104	318331000221102	0	766939001	900000000000011006	900000000000451002
51311002000124	20250509	1	11002000107	4341002000104	371002000106	1	41002000106	900000000000011006	900000000000451002
51321002000129	20250509	1	11002000107	4351002000102	318331000221102	0	766939001	900000000000011006	900000000000451002
51341002000123	20250509	1	11002000107	4351002000102	371002000106	1	41002000106	900000000000011006	900000000000451002
51351002000120	20250509	1	11002000107	4371002000105	4361002000100	1	41002000106	900000000000011006	900000000000451002
51361002000122	20250509	1	11002000107	4371002000105	318331000221102	0	766939001	900000000000011006	900000000000451002
51381002000125	20250509	1	11002000107	4381002000108	318331000221102	0	766939001	900000000000011006	900000000000451002
51401002000125	20250509	1	11002000107	4381002000108	371002000106	1	41002000106	900000000000011006	900000000000451002
51421002000122	20250509	1	11002000107	4401002000108	4391002000106	1	41002000106	900000000000011006	900000000000451002
51431002000120	20250509	1	11002000107	4401002000108	871530006	0	766939001	900000000000011006	900000000000451002
51441002000128	20250509	1	11002000107	4411002000106	318331000221102	0	766939001	900000000000011006	900000000000451002
51451002000126	20250509	1	11002000107	4411002000106	1081002000107	1	41002000106	900000000000011006	900000000000451002
51471002000123	20250509	1	11002000107	4421002000100	318331000221102	0	766939001	900000000000011006	900000000000451002
51491002000124	20250509	1	11002000107	4421002000100	51002000108	1	41002000106	900000000000011006	900000000000451002
51501002000129	20250509	1	11002000107	4431002000102	1801002000108	1	41002000106	900000000000011006	900000000000451002
51511002000126	20250509	1	11002000107	4431002000102	1811002000106	1	41002000106	900000000000011006	900000000000451002
51521002000121	20250509	1	11002000107	4431002000102	1821002000100	1	41002000106	900000000000011006	900000000000451002
51531002000124	20250509	1	11002000107	4431002000102	318331000221102	0	766939001	900000000000011006	900000000000451002
51551002000125	20250509	1	11002000107	4441002000105	1801002000108	1	41002000106	900000000000011006	900000000000451002
51561002000128	20250509	1	11002000107	4441002000105	1811002000106	1	41002000106	900000000000011006	900000000000451002
51571002000122	20250509	1	11002000107	4441002000105	1821002000100	1	41002000106	900000000000011006	900000000000451002
51581002000120	20250509	1	11002000107	4441002000105	318331000221102	0	766939001	900000000000011006	900000000000451002
51601002000128	20250509	1	11002000107	4451002000107	318331000221102	0	766939001	900000000000011006	900000000000451002
51621002000120	20250509	1	11002000107	4451002000107	371002000106	1	41002000106	900000000000011006	900000000000451002
51631002000123	20250509	1	11002000107	4461002000109	391002000107	1	41002000106	900000000000011006	900000000000451002
51641002000126	20250509	1	11002000107	4461002000109	318331000221102	0	766939001	900000000000011006	900000000000451002
51671002000121	20250509	1	11002000107	4471002000104	771002000105	1	41002000106	900000000000011006	900000000000451002
51681002000124	20250509	1	11002000107	4471002000104	831002000101	1	41002000106	900000000000011006	900000000000451002
51691002000122	20250509	1	11002000107	4471002000104	318331000221102	0	766939001	900000000000011006	900000000000451002
51701002000122	20250509	1	11002000107	4471002000104	821002000104	1	41002000106	900000000000011006	900000000000451002
51711002000120	20250509	1	11002000107	4471002000104	781002000108	1	41002000106	900000000000011006	900000000000451002
51721002000125	20250509	1	11002000107	4471002000104	791002000106	1	41002000106	900000000000011006	900000000000451002
51731002000127	20250509	1	11002000107	4471002000104	801002000107	1	41002000106	900000000000011006	900000000000451002
51741002000124	20250509	1	11002000107	4471002000104	811002000105	1	41002000106	900000000000011006	900000000000451002
51751002000121	20250509	1	11002000107	4481002000101	121002000108	1	41002000106	900000000000011006	900000000000451002
51761002000123	20250509	1	11002000107	4481002000101	251002000107	1	41002000106	900000000000011006	900000000000451002
51771002000129	20250509	1	11002000107	4481002000101	131002000106	1	41002000106	900000000000011006	900000000000451002
51781002000126	20250509	1	11002000107	4481002000101	111002000102	1	41002000106	900000000000011006	900000000000451002
51801002000127	20250509	1	11002000107	4481002000101	318331000221102	0	766939001	900000000000011006	900000000000451002
51811002000129	20250509	1	11002000107	4481002000101	331002000108	1	41002000106	900000000000011006	900000000000451002
51821002000124	20250509	1	11002000107	4491002000103	3251002000109	1	41002000106	900000000000011006	900000000000451002
51831002000122	20250509	1	11002000107	4491002000103	318331000221102	0	766939001	900000000000011006	900000000000451002
51851002000128	20250509	1	11002000107	4501002000109	121002000108	1	41002000106	900000000000011006	900000000000451002
51861002000126	20250509	1	11002000107	4501002000109	131002000106	1	41002000106	900000000000011006	900000000000451002
51871002000120	20250509	1	11002000107	4501002000109	111002000102	1	41002000106	900000000000011006	900000000000451002
51891002000121	20250509	1	11002000107	4501002000109	51002000108	1	41002000106	900000000000011006	900000000000451002
51901002000120	20250509	1	11002000107	4501002000109	318331000221102	0	766939001	900000000000011006	900000000000451002
51911002000123	20250509	1	11002000107	4501002000109	331002000108	1	41002000106	900000000000011006	900000000000451002
51921002000128	20250509	1	11002000107	4511002000107	121002000108	1	41002000106	900000000000011006	900000000000451002
51931002000125	20250509	1	11002000107	4511002000107	131002000106	1	41002000106	900000000000011006	900000000000451002
51941002000122	20250509	1	11002000107	4511002000107	111002000102	1	41002000106	900000000000011006	900000000000451002
51961002000121	20250509	1	11002000107	4511002000107	51002000108	1	41002000106	900000000000011006	900000000000451002
51971002000127	20250509	1	11002000107	4511002000107	318331000221102	0	766939001	900000000000011006	900000000000451002
51981002000129	20250509	1	11002000107	4511002000107	331002000108	1	41002000106	900000000000011006	900000000000451002
51991002000126	20250509	1	11002000107	4521002000101	121002000108	1	41002000106	900000000000011006	900000000000451002
52001002000129	20250509	1	11002000107	4521002000101	1391002000108	1	41002000106	900000000000011006	900000000000451002
52011002000126	20250509	1	11002000107	4521002000101	131002000106	1	41002000106	900000000000011006	900000000000451002
52021002000121	20250509	1	11002000107	4521002000101	111002000102	1	41002000106	900000000000011006	900000000000451002
52041002000127	20250509	1	11002000107	4521002000101	51002000108	1	41002000106	900000000000011006	900000000000451002
52051002000125	20250509	1	11002000107	4521002000101	318331000221102	0	766939001	900000000000011006	900000000000451002
52061002000128	20250509	1	11002000107	4531002000103	251002000107	1	41002000106	900000000000011006	900000000000451002
52071002000122	20250509	1	11002000107	4531002000103	1391002000108	1	41002000106	900000000000011006	900000000000451002
52081002000120	20250509	1	11002000107	4531002000103	131002000106	1	41002000106	900000000000011006	900000000000451002
52091002000123	20250509	1	11002000107	4531002000103	111002000102	1	41002000106	900000000000011006	900000000000451002
52111002000127	20250509	1	11002000107	4531002000103	51002000108	1	41002000106	900000000000011006	900000000000451002
52121002000122	20250509	1	11002000107	4531002000103	318331000221102	0	766939001	900000000000011006	900000000000451002
52131002000120	20250509	1	11002000107	4551002000108	318331000221102	0	766939001	900000000000011006	900000000000451002
52151002000126	20250509	1	11002000107	4551002000108	4541002000106	1	41002000106	900000000000011006	900000000000451002
52161002000129	20250509	1	11002000107	4561002000105	391002000107	1	41002000106	900000000000011006	900000000000451002
52171002000123	20250509	1	11002000107	4561002000105	318331000221102	0	766939001	900000000000011006	900000000000451002
52191002000124	20250509	1	11002000107	4571002000100	391002000107	1	41002000106	900000000000011006	900000000000451002
52201002000122	20250509	1	11002000107	4571002000100	381002000109	1	41002000106	900000000000011006	900000000000451002
52211002000120	20250509	1	11002000107	4571002000100	318331000221102	0	766939001	900000000000011006	900000000000451002
52231002000127	20250509	1	11002000107	4571002000100	371002000106	1	41002000106	900000000000011006	900000000000451002
52241002000124	20250509	1	11002000107	4581002000102	751002000102	1	41002000106	900000000000011006	900000000000451002
52251002000121	20250509	1	11002000107	4581002000102	561002000106	1	41002000106	900000000000011006	900000000000451002
52261002000123	20250509	1	11002000107	4581002000102	641002000108	1	41002000106	900000000000011006	900000000000451002
52271002000129	20250509	1	11002000107	4581002000102	591002000100	1	41002000106	900000000000011006	900000000000451002
52281002000126	20250509	1	11002000107	4581002000102	601002000106	1	41002000106	900000000000011006	900000000000451002
52291002000128	20250509	1	11002000107	4581002000102	671002000102	1	41002000106	900000000000011006	900000000000451002
52301002000127	20250509	1	11002000107	4581002000102	711002000103	1	41002000106	900000000000011006	900000000000451002
52311002000129	20250509	1	11002000107	4581002000102	551002000109	1	41002000106	900000000000011006	900000000000451002
52321002000124	20250509	1	11002000107	4581002000102	611002000109	1	41002000106	900000000000011006	900000000000451002
52331002000122	20250509	1	11002000107	4581002000102	681002000104	1	41002000106	900000000000011006	900000000000451002
52341002000125	20250509	1	11002000107	4581002000102	741002000104	1	41002000106	900000000000011006	900000000000451002
52351002000128	20250509	1	11002000107	4581002000102	621002000103	1	41002000106	900000000000011006	900000000000451002
52361002000126	20250509	1	11002000107	4581002000102	691002000101	1	41002000106	900000000000011006	900000000000451002
52371002000120	20250509	1	11002000107	4581002000102	581002000103	1	41002000106	900000000000011006	900000000000451002
52381002000123	20250509	1	11002000107	4581002000102	701002000101	1	41002000106	900000000000011006	900000000000451002
52391002000121	20250509	1	11002000107	4581002000102	651002000105	1	41002000106	900000000000011006	900000000000451002
52401002000123	20250509	1	11002000107	4581002000102	731002000107	1	41002000106	900000000000011006	900000000000451002
52411002000121	20250509	1	11002000107	4581002000102	541002000107	1	41002000106	900000000000011006	900000000000451002
52431002000128	20250509	1	11002000107	4581002000102	571002000101	1	41002000106	900000000000011006	900000000000451002
52441002000120	20250509	1	11002000107	4581002000102	721002000109	1	41002000106	900000000000011006	900000000000451002
52451002000122	20250509	1	11002000107	4581002000102	531002000104	1	41002000106	900000000000011006	900000000000451002
52461002000124	20250509	1	11002000107	4581002000102	318331000221102	0	766939001	900000000000011006	900000000000451002
52471002000125	20250509	1	11002000107	4581002000102	631002000100	1	41002000106	900000000000011006	900000000000451002
52481002000127	20250509	1	11002000107	4581002000102	661002000107	1	41002000106	900000000000011006	900000000000451002
52491002000129	20250509	1	11002000107	4591002000104	751002000102	1	41002000106	900000000000011006	900000000000451002
52501002000124	20250509	1	11002000107	4591002000104	561002000106	1	41002000106	900000000000011006	900000000000451002
52511002000122	20250509	1	11002000107	4591002000104	641002000108	1	41002000106	900000000000011006	900000000000451002
52521002000127	20250509	1	11002000107	4591002000104	591002000100	1	41002000106	900000000000011006	900000000000451002
52531002000129	20250509	1	11002000107	4591002000104	601002000106	1	41002000106	900000000000011006	900000000000451002
52541002000121	20250509	1	11002000107	4591002000104	671002000102	1	41002000106	900000000000011006	900000000000451002
52551002000123	20250509	1	11002000107	4591002000104	711002000103	1	41002000106	900000000000011006	900000000000451002
52561002000120	20250509	1	11002000107	4591002000104	551002000109	1	41002000106	900000000000011006	900000000000451002
52571002000126	20250509	1	11002000107	4591002000104	611002000109	1	41002000106	900000000000011006	900000000000451002
52581002000128	20250509	1	11002000107	4591002000104	681002000104	1	41002000106	900000000000011006	900000000000451002
52591002000125	20250509	1	11002000107	4591002000104	741002000104	1	41002000106	900000000000011006	900000000000451002
52601002000120	20250509	1	11002000107	4591002000104	621002000103	1	41002000106	900000000000011006	900000000000451002
52611002000123	20250509	1	11002000107	4591002000104	691002000101	1	41002000106	900000000000011006	900000000000451002
52621002000128	20250509	1	11002000107	4591002000104	581002000103	1	41002000106	900000000000011006	900000000000451002
52631002000125	20250509	1	11002000107	4591002000104	701002000101	1	41002000106	900000000000011006	900000000000451002
52641002000122	20250509	1	11002000107	4591002000104	651002000105	1	41002000106	900000000000011006	900000000000451002
52651002000124	20250509	1	11002000107	4591002000104	731002000107	1	41002000106	900000000000011006	900000000000451002
52661002000121	20250509	1	11002000107	4591002000104	541002000107	1	41002000106	900000000000011006	900000000000451002
52681002000129	20250509	1	11002000107	4591002000104	571002000101	1	41002000106	900000000000011006	900000000000451002
52691002000126	20250509	1	11002000107	4591002000104	721002000109	1	41002000106	900000000000011006	900000000000451002
52701002000126	20250509	1	11002000107	4591002000104	531002000104	1	41002000106	900000000000011006	900000000000451002
52711002000128	20250509	1	11002000107	4591002000104	318331000221102	0	766939001	900000000000011006	900000000000451002
52721002000123	20250509	1	11002000107	4591002000104	631002000100	1	41002000106	900000000000011006	900000000000451002
52731002000121	20250509	1	11002000107	4591002000104	661002000107	1	41002000106	900000000000011006	900000000000451002
52741002000129	20250509	1	11002000107	4601002000105	121002000108	1	41002000106	900000000000011006	900000000000451002
52751002000127	20250509	1	11002000107	4601002000105	131002000106	1	41002000106	900000000000011006	900000000000451002
52761002000125	20250509	1	11002000107	4601002000105	111002000102	1	41002000106	900000000000011006	900000000000451002
52781002000122	20250509	1	11002000107	4601002000105	51002000108	1	41002000106	900000000000011006	900000000000451002
52791002000120	20250509	1	11002000107	4601002000105	318331000221102	0	766939001	900000000000011006	900000000000451002
52801002000121	20250509	1	11002000107	4601002000105	331002000108	1	41002000106	900000000000011006	900000000000451002
52811002000124	20250509	1	11002000107	4611002000108	751002000102	1	41002000106	900000000000011006	900000000000451002
52821002000129	20250509	1	11002000107	4611002000108	561002000106	1	41002000106	900000000000011006	900000000000451002
52831002000126	20250509	1	11002000107	4611002000108	641002000108	1	41002000106	900000000000011006	900000000000451002
52841002000123	20250509	1	11002000107	4611002000108	591002000100	1	41002000106	900000000000011006	900000000000451002
52851002000120	20250509	1	11002000107	4611002000108	601002000106	1	41002000106	900000000000011006	900000000000451002
52861002000122	20250509	1	11002000107	4611002000108	671002000102	1	41002000106	900000000000011006	900000000000451002
52871002000128	20250509	1	11002000107	4611002000108	711002000103	1	41002000106	900000000000011006	900000000000451002
52881002000125	20250509	1	11002000107	4611002000108	551002000109	1	41002000106	900000000000011006	900000000000451002
52891002000127	20250509	1	11002000107	4611002000108	611002000109	1	41002000106	900000000000011006	900000000000451002
52901002000128	20250509	1	11002000107	4611002000108	681002000104	1	41002000106	900000000000011006	900000000000451002
52911002000125	20250509	1	11002000107	4611002000108	741002000104	1	41002000106	900000000000011006	900000000000451002
52921002000120	20250509	1	11002000107	4611002000108	621002000103	1	41002000106	900000000000011006	900000000000451002
52931002000123	20250509	1	11002000107	4611002000108	691002000101	1	41002000106	900000000000011006	900000000000451002
52941002000126	20250509	1	11002000107	4611002000108	581002000103	1	41002000106	900000000000011006	900000000000451002
52951002000129	20250509	1	11002000107	4611002000108	701002000101	1	41002000106	900000000000011006	900000000000451002
52961002000127	20250509	1	11002000107	4611002000108	651002000105	1	41002000106	900000000000011006	900000000000451002
52971002000121	20250509	1	11002000107	4611002000108	731002000107	1	41002000106	900000000000011006	900000000000451002
52981002000124	20250509	1	11002000107	4611002000108	541002000107	1	41002000106	900000000000011006	900000000000451002
53001002000123	20250509	1	11002000107	4611002000108	571002000101	1	41002000106	900000000000011006	900000000000451002
53011002000121	20250509	1	11002000107	4611002000108	721002000109	1	41002000106	900000000000011006	900000000000451002
53021002000126	20250509	1	11002000107	4611002000108	531002000104	1	41002000106	900000000000011006	900000000000451002
53031002000128	20250509	1	11002000107	4611002000108	318331000221102	0	766939001	900000000000011006	900000000000451002
53041002000120	20250509	1	11002000107	4611002000108	631002000100	1	41002000106	900000000000011006	900000000000451002
53051002000122	20250509	1	11002000107	4611002000108	661002000107	1	41002000106	900000000000011006	900000000000451002
53071002000125	20250509	1	11002000107	4621002000102	771002000105	1	41002000106	900000000000011006	900000000000451002
53081002000127	20250509	1	11002000107	4621002000102	831002000101	1	41002000106	900000000000011006	900000000000451002
53091002000129	20250509	1	11002000107	4621002000102	318331000221102	0	766939001	900000000000011006	900000000000451002
53101002000122	20250509	1	11002000107	4621002000102	821002000104	1	41002000106	900000000000011006	900000000000451002
53111002000120	20250509	1	11002000107	4621002000102	781002000108	1	41002000106	900000000000011006	900000000000451002
53121002000125	20250509	1	11002000107	4621002000102	791002000106	1	41002000106	900000000000011006	900000000000451002
53131002000127	20250509	1	11002000107	4621002000102	801002000107	1	41002000106	900000000000011006	900000000000451002
53141002000124	20250509	1	11002000107	4621002000102	811002000105	1	41002000106	900000000000011006	900000000000451002
53151002000121	20250509	1	11002000107	4641002000107	4631002000104	1	41002000106	900000000000011006	900000000000451002
53161002000123	20250509	1	11002000107	4641002000107	318331000221102	0	766939001	900000000000011006	900000000000451002
53181002000126	20250509	1	11002000107	4651002000109	3251002000109	1	41002000106	900000000000011006	900000000000451002
53191002000128	20250509	1	11002000107	4651002000109	318331000221102	0	766939001	900000000000011006	900000000000451002
53211002000127	20250509	1	11002000107	4661002000106	318331000221102	0	766939001	900000000000011006	900000000000451002
53231002000120	20250509	1	11002000107	4661002000106	51002000108	1	41002000106	900000000000011006	900000000000451002
53241002000128	20250509	1	11002000107	4671002000101	121002000108	1	41002000106	900000000000011006	900000000000451002
53251002000126	20250509	1	11002000107	4671002000101	318331000221102	0	766939001	900000000000011006	900000000000451002
53271002000123	20250509	1	11002000107	4681002000103	121002000108	1	41002000106	900000000000011006	900000000000451002
53281002000121	20250509	1	11002000107	4681002000103	131002000106	1	41002000106	900000000000011006	900000000000451002
53291002000124	20250509	1	11002000107	4681002000103	111002000102	1	41002000106	900000000000011006	900000000000451002
53301002000120	20250509	1	11002000107	4681002000103	318331000221102	0	766939001	900000000000011006	900000000000451002
53321002000128	20250509	1	11002000107	4681002000103	331002000108	1	41002000106	900000000000011006	900000000000451002
53331002000125	20250509	1	11002000107	4691002000100	121002000108	1	41002000106	900000000000011006	900000000000451002
53341002000122	20250509	1	11002000107	4691002000100	131002000106	1	41002000106	900000000000011006	900000000000451002
53351002000124	20250509	1	11002000107	4691002000100	111002000102	1	41002000106	900000000000011006	900000000000451002
53371002000127	20250509	1	11002000107	4691002000100	51002000108	1	41002000106	900000000000011006	900000000000451002
53381002000129	20250509	1	11002000107	4691002000100	318331000221102	0	766939001	900000000000011006	900000000000451002
53391002000126	20250509	1	11002000107	4691002000100	331002000108	1	41002000106	900000000000011006	900000000000451002
53401002000129	20250509	1	11002000107	4701002000100	121002000108	1	41002000106	900000000000011006	900000000000451002
53411002000126	20250509	1	11002000107	4701002000100	1391002000108	1	41002000106	900000000000011006	900000000000451002
53421002000121	20250509	1	11002000107	4701002000100	131002000106	1	41002000106	900000000000011006	900000000000451002
53431002000124	20250509	1	11002000107	4701002000100	111002000102	1	41002000106	900000000000011006	900000000000451002
53441002000127	20250509	1	11002000107	4701002000100	318331000221102	0	766939001	900000000000011006	900000000000451002
53461002000128	20250509	1	11002000107	4711002000102	121002000108	1	41002000106	900000000000011006	900000000000451002
53471002000122	20250509	1	11002000107	4711002000102	131002000106	1	41002000106	900000000000011006	900000000000451002
53481002000120	20250509	1	11002000107	4711002000102	111002000102	1	41002000106	900000000000011006	900000000000451002
53491002000123	20250509	1	11002000107	4711002000102	318331000221102	0	766939001	900000000000011006	900000000000451002
53511002000125	20250509	1	11002000107	4711002000102	331002000108	1	41002000106	900000000000011006	900000000000451002
53521002000120	20250509	1	11002000107	4721002000108	251002000107	1	41002000106	900000000000011006	900000000000451002
53531002000123	20250509	1	11002000107	4721002000108	131002000106	1	41002000106	900000000000011006	900000000000451002
53541002000126	20250509	1	11002000107	4721002000108	111002000102	1	41002000106	900000000000011006	900000000000451002
53561002000127	20250509	1	11002000107	4721002000108	51002000108	1	41002000106	900000000000011006	900000000000451002
53571002000121	20250509	1	11002000107	4721002000108	318331000221102	0	766939001	900000000000011006	900000000000451002
53581002000124	20250509	1	11002000107	4721002000108	331002000108	1	41002000106	900000000000011006	900000000000451002
53591002000122	20250509	1	11002000107	4731002000106	318331000221102	0	766939001	900000000000011006	900000000000451002
53611002000129	20250509	1	11002000107	4731002000106	1171002000105	1	41002000106	900000000000011006	900000000000451002
53621002000124	20250509	1	11002000107	4741002000103	381002000109	1	41002000106	900000000000011006	900000000000451002
53631002000122	20250509	1	11002000107	4741002000103	318331000221102	0	766939001	900000000000011006	900000000000451002
53651002000128	20250509	1	11002000107	4751002000101	381002000109	1	41002000106	900000000000011006	900000000000451002
53661002000126	20250509	1	11002000107	4751002000101	318331000221102	0	766939001	900000000000011006	900000000000451002
53681002000123	20250509	1	11002000107	4761002000104	318331000221102	0	766939001	900000000000011006	900000000000451002
53701002000121	20250509	1	11002000107	4761002000104	871002000103	1	41002000106	900000000000011006	900000000000451002
53711002000124	20250509	1	11002000107	4771002000109	318331000221102	0	766939001	900000000000011006	900000000000451002
53721002000129	20250509	1	11002000107	4771002000109	2211002000104	1	41002000106	900000000000011006	900000000000451002
53741002000123	20250509	1	11002000107	4791002000105	4781002000107	1	41002000106	900000000000011006	900000000000451002
53761002000122	20250509	1	11002000107	4791002000105	871530006	0	766939001	900000000000011006	900000000000451002
53781002000125	20250509	1	11002000107	4811002000109	4801002000106	1	41002000106	900000000000011006	900000000000451002
53791002000127	20250509	1	11002000107	4811002000109	871530006	0	766939001	900000000000011006	900000000000451002
53801002000126	20250509	1	11002000107	4821002000103	391002000107	1	41002000106	900000000000011006	900000000000451002
53811002000128	20250509	1	11002000107	4821002000103	318331000221102	0	766939001	900000000000011006	900000000000451002
53831002000121	20250509	1	11002000107	4831002000100	391002000107	1	41002000106	900000000000011006	900000000000451002
53841002000129	20250509	1	11002000107	4831002000100	318331000221102	0	766939001	900000000000011006	900000000000451002
53861002000125	20250509	1	11002000107	4831002000100	371002000106	1	41002000106	900000000000011006	900000000000451002
53871002000124	20250509	1	11002000107	4841002000108	391002000107	1	41002000106	900000000000011006	900000000000451002
53881002000122	20250509	1	11002000107	4841002000108	318331000221102	0	766939001	900000000000011006	900000000000451002
53901002000124	20250509	1	11002000107	4841002000108	371002000106	1	41002000106	900000000000011006	900000000000451002
53911002000122	20250509	1	11002000107	4851002000105	391002000107	1	41002000106	900000000000011006	900000000000451002
53921002000127	20250509	1	11002000107	4851002000105	381002000109	1	41002000106	900000000000011006	900000000000451002
53931002000129	20250509	1	11002000107	4851002000105	318331000221102	0	766939001	900000000000011006	900000000000451002
53951002000123	20250509	1	11002000107	4851002000105	371002000106	1	41002000106	900000000000011006	900000000000451002
53961002000120	20250509	1	11002000107	4861002000107	2691002000109	1	41002000106	900000000000011006	900000000000451002
53971002000126	20250509	1	11002000107	4861002000107	318331000221102	0	766939001	900000000000011006	900000000000451002
53991002000125	20250509	1	11002000107	4871002000102	381002000109	1	41002000106	900000000000011006	900000000000451002
54001002000121	20250509	1	11002000107	4871002000102	318331000221102	0	766939001	900000000000011006	900000000000451002
54021002000129	20250509	1	11002000107	4881002000104	381002000109	1	41002000106	900000000000011006	900000000000451002
54031002000126	20250509	1	11002000107	4881002000104	318331000221102	0	766939001	900000000000011006	900000000000451002
54051002000120	20250509	1	11002000107	4891002000101	381002000109	1	41002000106	900000000000011006	900000000000451002
54061002000122	20250509	1	11002000107	4891002000101	318331000221102	0	766939001	900000000000011006	900000000000451002
54081002000125	20250509	1	11002000107	4901002000102	381002000109	1	41002000106	900000000000011006	900000000000451002
54091002000127	20250509	1	11002000107	4901002000102	318331000221102	0	766939001	900000000000011006	900000000000451002
54111002000123	20250509	1	11002000107	4911002000104	381002000109	1	41002000106	900000000000011006	900000000000451002
54121002000128	20250509	1	11002000107	4911002000104	318331000221102	0	766939001	900000000000011006	900000000000451002
54141002000122	20250509	1	11002000107	4921002000105	391002000107	1	41002000106	900000000000011006	900000000000451002
54151002000124	20250509	1	11002000107	4921002000105	318331000221102	0	766939001	900000000000011006	900000000000451002
54171002000127	20250509	1	11002000107	4931002000108	2271002000106	1	41002000106	900000000000011006	900000000000451002
54181002000129	20250509	1	11002000107	4931002000108	318331000221102	0	766939001	900000000000011006	900000000000451002
54201002000128	20250509	1	11002000107	4941002000100	1801002000108	1	41002000106	900000000000011006	900000000000451002
54211002000125	20250509	1	11002000107	4941002000100	1811002000106	1	41002000106	900000000000011006	900000000000451002
54221002000120	20250509	1	11002000107	4941002000100	1821002000100	1	41002000106	900000000000011006	900000000000451002
54231002000123	20250509	1	11002000107	4941002000100	318331000221102	0	766939001	900000000000011006	900000000000451002
54251002000129	20250509	1	11002000107	4951002000103	1801002000108	1	41002000106	900000000000011006	900000000000451002
54261002000127	20250509	1	11002000107	4951002000103	1811002000106	1	41002000106	900000000000011006	900000000000451002
54271002000121	20250509	1	11002000107	4951002000103	1821002000100	1	41002000106	900000000000011006	900000000000451002
54281002000124	20250509	1	11002000107	4951002000103	318331000221102	0	766939001	900000000000011006	900000000000451002
54301002000123	20250509	1	11002000107	4961002000101	121002000108	1	41002000106	900000000000011006	900000000000451002
54311002000121	20250509	1	11002000107	4961002000101	318331000221102	0	766939001	900000000000011006	900000000000451002
54331002000128	20250509	1	11002000107	4971002000106	318331000221102	0	766939001	900000000000011006	900000000000451002
54351002000122	20250509	1	11002000107	4971002000106	71002000100	1	41002000106	900000000000011006	900000000000451002
54361002000124	20250509	1	11002000107	4981002000109	1751002000103	1	41002000106	900000000000011006	900000000000451002
54371002000125	20250509	1	11002000107	4981002000109	1071002000109	1	41002000106	900000000000011006	900000000000451002
54381002000127	20250509	1	11002000107	4981002000109	318331000221102	0	766939001	900000000000011006	900000000000451002
54401002000127	20250509	1	11002000107	5011002000104	5001002000102	1	41002000106	900000000000011006	900000000000451002
54411002000129	20250509	1	11002000107	5011002000104	318331000221102	0	766939001	900000000000011006	900000000000451002
54421002000124	20250509	1	11002000107	5011002000104	4991002000107	1	41002000106	900000000000011006	900000000000451002
54441002000125	20250509	1	11002000107	5021002000105	1391002000108	1	41002000106	900000000000011006	900000000000451002
54451002000128	20250509	1	11002000107	5021002000105	131002000106	1	41002000106	900000000000011006	900000000000451002
54461002000126	20250509	1	11002000107	5021002000105	111002000102	1	41002000106	900000000000011006	900000000000451002
54471002000120	20250509	1	11002000107	5021002000105	318331000221102	0	766939001	900000000000011006	900000000000451002
54501002000126	20250509	1	11002000107	5041002000100	871530006	0	766939001	900000000000011006	900000000000451002
54511002000128	20250509	1	11002000107	5041002000100	5031002000108	1	41002000106	900000000000011006	900000000000451002
54521002000123	20250509	1	11002000107	5051002000103	131002000106	1	41002000106	900000000000011006	900000000000451002
54531002000121	20250509	1	11002000107	5051002000103	318331000221102	0	766939001	900000000000011006	900000000000451002
54551002000127	20250509	1	11002000107	5061002000101	121002000108	1	41002000106	900000000000011006	900000000000451002
54561002000125	20250509	1	11002000107	5061002000101	131002000106	1	41002000106	900000000000011006	900000000000451002
54571002000124	20250509	1	11002000107	5061002000101	318331000221102	0	766939001	900000000000011006	900000000000451002
54591002000120	20250509	1	11002000107	5071002000106	131002000106	1	41002000106	900000000000011006	900000000000451002
54601002000125	20250509	1	11002000107	5071002000106	318331000221102	0	766939001	900000000000011006	900000000000451002
54611002000127	20250509	1	11002000107	5071002000106	2381002000101	1	41002000106	900000000000011006	900000000000451002
54631002000120	20250509	1	11002000107	5081002000109	131002000106	1	41002000106	900000000000011006	900000000000451002
54641002000128	20250509	1	11002000107	5081002000109	318331000221102	0	766939001	900000000000011006	900000000000451002
54661002000129	20250509	1	11002000107	5091002000107	131002000106	1	41002000106	900000000000011006	900000000000451002
54671002000123	20250509	1	11002000107	5091002000107	318331000221102	0	766939001	900000000000011006	900000000000451002
54691002000124	20250509	1	11002000107	5101002000103	131002000106	1	41002000106	900000000000011006	900000000000451002
54701002000124	20250509	1	11002000107	5101002000103	318331000221102	0	766939001	900000000000011006	900000000000451002
54721002000127	20250509	1	11002000107	5111002000100	131002000106	1	41002000106	900000000000011006	900000000000451002
54731002000129	20250509	1	11002000107	5111002000100	318331000221102	0	766939001	900000000000011006	900000000000451002
54751002000123	20250509	1	11002000107	5121002000106	131002000106	1	41002000106	900000000000011006	900000000000451002
54761002000120	20250509	1	11002000107	5121002000106	318331000221102	0	766939001	900000000000011006	900000000000451002
54781002000128	20250509	1	11002000107	5131002000109	131002000106	1	41002000106	900000000000011006	900000000000451002
54791002000125	20250509	1	11002000107	5131002000109	318331000221102	0	766939001	900000000000011006	900000000000451002
54811002000126	20250509	1	11002000107	5141002000101	131002000106	1	41002000106	900000000000011006	900000000000451002
54821002000121	20250509	1	11002000107	5141002000101	318331000221102	0	766939001	900000000000011006	900000000000451002
54841002000127	20250509	1	11002000107	5151002000104	1391002000108	1	41002000106	900000000000011006	900000000000451002
54851002000125	20250509	1	11002000107	5151002000104	131002000106	1	41002000106	900000000000011006	900000000000451002
54861002000128	20250509	1	11002000107	5151002000104	111002000102	1	41002000106	900000000000011006	900000000000451002
54871002000122	20250509	1	11002000107	5151002000104	318331000221102	0	766939001	900000000000011006	900000000000451002
54891002000123	20250509	1	11002000107	5151002000104	51002000108	1	41002000106	900000000000011006	900000000000451002
54901002000122	20250509	1	11002000107	5161002000102	3651002000107	1	41002000106	900000000000011006	900000000000451002
54911002000120	20250509	1	11002000107	5161002000102	1391002000108	1	41002000106	900000000000011006	900000000000451002
54921002000125	20250509	1	11002000107	5161002000102	131002000106	1	41002000106	900000000000011006	900000000000451002
54931002000127	20250509	1	11002000107	5161002000102	111002000102	1	41002000106	900000000000011006	900000000000451002
54941002000124	20250509	1	11002000107	5161002000102	318331000221102	0	766939001	900000000000011006	900000000000451002
54961002000123	20250509	1	11002000107	5171002000107	121002000108	1	41002000106	900000000000011006	900000000000451002
54971002000129	20250509	1	11002000107	5171002000107	1391002000108	1	41002000106	900000000000011006	900000000000451002
54981002000126	20250509	1	11002000107	5171002000107	131002000106	1	41002000106	900000000000011006	900000000000451002
54991002000128	20250509	1	11002000107	5171002000107	111002000102	1	41002000106	900000000000011006	900000000000451002
55001002000122	20250509	1	11002000107	5171002000107	318331000221102	0	766939001	900000000000011006	900000000000451002
55021002000125	20250509	1	11002000107	5181002000105	318331000221102	0	766939001	900000000000011006	900000000000451002
55041002000124	20250509	1	11002000107	5181002000105	1111002000103	1	41002000106	900000000000011006	900000000000451002
55061002000123	20250509	1	11002000107	5201002000106	871530006	0	766939001	900000000000011006	900000000000451002
55071002000129	20250509	1	11002000107	5201002000106	5191002000108	1	41002000106	900000000000011006	900000000000451002
55081002000126	20250509	1	11002000107	5211002000109	1771002000106	1	41002000106	900000000000011006	900000000000451002
55091002000128	20250509	1	11002000107	5211002000109	318331000221102	0	766939001	900000000000011006	900000000000451002
55101002000121	20250509	1	11002000107	5211002000109	1781002000109	1	41002000106	900000000000011006	900000000000451002
55121002000129	20250509	1	11002000107	5221002000103	1801002000108	1	41002000106	900000000000011006	900000000000451002
55131002000126	20250509	1	11002000107	5221002000103	1811002000106	1	41002000106	900000000000011006	900000000000451002
55141002000123	20250509	1	11002000107	5221002000103	1821002000100	1	41002000106	900000000000011006	900000000000451002
55151002000120	20250509	1	11002000107	5221002000103	318331000221102	0	766939001	900000000000011006	900000000000451002
55171002000128	20250509	1	11002000107	5231002000100	391002000107	1	41002000106	900000000000011006	900000000000451002
55181002000125	20250509	1	11002000107	5231002000100	381002000109	1	41002000106	900000000000011006	900000000000451002
55191002000127	20250509	1	11002000107	5231002000100	318331000221102	0	766939001	900000000000011006	900000000000451002
55211002000126	20250509	1	11002000107	5231002000100	371002000106	1	41002000106	900000000000011006	900000000000451002
55221002000121	20250509	1	11002000107	5241002000108	1391002000108	1	41002000106	900000000000011006	900000000000451002
55231002000124	20250509	1	11002000107	5241002000108	131002000106	1	41002000106	900000000000011006	900000000000451002
55241002000127	20250509	1	11002000107	5241002000108	111002000102	1	41002000106	900000000000011006	900000000000451002
55251002000125	20250509	1	11002000107	5241002000108	318331000221102	0	766939001	900000000000011006	900000000000451002
55271002000122	20250509	1	11002000107	5251002000105	121002000108	1	41002000106	900000000000011006	900000000000451002
55281002000120	20250509	1	11002000107	5251002000105	131002000106	1	41002000106	900000000000011006	900000000000451002
55291002000123	20250509	1	11002000107	5251002000105	111002000102	1	41002000106	900000000000011006	900000000000451002
55301002000124	20250509	1	11002000107	5251002000105	318331000221102	0	766939001	900000000000011006	900000000000451002
55321002000127	20250509	1	11002000107	5261002000107	131002000106	1	41002000106	900000000000011006	900000000000451002
55331002000129	20250509	1	11002000107	5261002000107	111002000102	1	41002000106	900000000000011006	900000000000451002
55341002000121	20250509	1	11002000107	5261002000107	318331000221102	0	766939001	900000000000011006	900000000000451002
55361002000120	20250509	1	11002000107	5261002000107	331002000108	1	41002000106	900000000000011006	900000000000451002
55371002000126	20250509	1	11002000107	5271002000102	131002000106	1	41002000106	900000000000011006	900000000000451002
55381002000128	20250509	1	11002000107	5271002000102	111002000102	1	41002000106	900000000000011006	900000000000451002
55391002000125	20250509	1	11002000107	5271002000102	318331000221102	0	766939001	900000000000011006	900000000000451002
55411002000125	20250509	1	11002000107	5271002000102	51002000108	1	41002000106	900000000000011006	900000000000451002
55421002000120	20250509	1	11002000107	5271002000102	331002000108	1	41002000106	900000000000011006	900000000000451002
55431002000123	20250509	1	11002000107	5281002000104	1391002000108	1	41002000106	900000000000011006	900000000000451002
55441002000126	20250509	1	11002000107	5281002000104	131002000106	1	41002000106	900000000000011006	900000000000451002
55451002000129	20250509	1	11002000107	5281002000104	111002000102	1	41002000106	900000000000011006	900000000000451002
55461002000127	20250509	1	11002000107	5281002000104	318331000221102	0	766939001	900000000000011006	900000000000451002
55481002000124	20250509	1	11002000107	5291002000101	131002000106	1	41002000106	900000000000011006	900000000000451002
55491002000122	20250509	1	11002000107	5291002000101	111002000102	1	41002000106	900000000000011006	900000000000451002
55501002000127	20250509	1	11002000107	5291002000101	318331000221102	0	766939001	900000000000011006	900000000000451002
55521002000124	20250509	1	11002000107	5291002000101	331002000108	1	41002000106	900000000000011006	900000000000451002
55531002000122	20250509	1	11002000107	5301002000100	131002000106	1	41002000106	900000000000011006	900000000000451002
55541002000125	20250509	1	11002000107	5301002000100	111002000102	1	41002000106	900000000000011006	900000000000451002
55551002000128	20250509	1	11002000107	5301002000100	318331000221102	0	766939001	900000000000011006	900000000000451002
55571002000120	20250509	1	11002000107	5301002000100	331002000108	1	41002000106	900000000000011006	900000000000451002
55581002000123	20250509	1	11002000107	5311002000102	1391002000108	1	41002000106	900000000000011006	900000000000451002
55591002000121	20250509	1	11002000107	5311002000102	131002000106	1	41002000106	900000000000011006	900000000000451002
55601002000126	20250509	1	11002000107	5311002000102	111002000102	1	41002000106	900000000000011006	900000000000451002
55611002000128	20250509	1	11002000107	5311002000102	318331000221102	0	766939001	900000000000011006	900000000000451002
55631002000121	20250509	1	11002000107	5321002000108	1391002000108	1	41002000106	900000000000011006	900000000000451002
55641002000129	20250509	1	11002000107	5321002000108	131002000106	1	41002000106	900000000000011006	900000000000451002
55651002000127	20250509	1	11002000107	5321002000108	111002000102	1	41002000106	900000000000011006	900000000000451002
55661002000125	20250509	1	11002000107	5321002000108	318331000221102	0	766939001	900000000000011006	900000000000451002
55681002000122	20250509	1	11002000107	5331002000106	1801002000108	1	41002000106	900000000000011006	900000000000451002
55691002000120	20250509	1	11002000107	5331002000106	1811002000106	1	41002000106	900000000000011006	900000000000451002
55701002000120	20250509	1	11002000107	5331002000106	1821002000100	1	41002000106	900000000000011006	900000000000451002
55711002000123	20250509	1	11002000107	5331002000106	318331000221102	0	766939001	900000000000011006	900000000000451002
55731002000125	20250509	1	11002000107	5341002000103	391002000107	1	41002000106	900000000000011006	900000000000451002
55741002000122	20250509	1	11002000107	5341002000103	381002000109	1	41002000106	900000000000011006	900000000000451002
55751002000124	20250509	1	11002000107	5341002000103	318331000221102	0	766939001	900000000000011006	900000000000451002
55771002000127	20250509	1	11002000107	5341002000103	371002000106	1	41002000106	900000000000011006	900000000000451002
55781002000129	20250509	1	11002000107	5351002000101	1391002000108	1	41002000106	900000000000011006	900000000000451002
55791002000126	20250509	1	11002000107	5351002000101	131002000106	1	41002000106	900000000000011006	900000000000451002
55801002000125	20250509	1	11002000107	5351002000101	111002000102	1	41002000106	900000000000011006	900000000000451002
55811002000127	20250509	1	11002000107	5351002000101	318331000221102	0	766939001	900000000000011006	900000000000451002
55831002000120	20250509	1	11002000107	5361002000104	131002000106	1	41002000106	900000000000011006	900000000000451002
55841002000128	20250509	1	11002000107	5361002000104	111002000102	1	41002000106	900000000000011006	900000000000451002
55851002000126	20250509	1	11002000107	5361002000104	318331000221102	0	766939001	900000000000011006	900000000000451002
55871002000123	20250509	1	11002000107	5361002000104	331002000108	1	41002000106	900000000000011006	900000000000451002
55881002000121	20250509	1	11002000107	5371002000109	131002000106	1	41002000106	900000000000011006	900000000000451002
55891002000124	20250509	1	11002000107	5371002000109	111002000102	1	41002000106	900000000000011006	900000000000451002
55901002000123	20250509	1	11002000107	5371002000109	318331000221102	0	766939001	900000000000011006	900000000000451002
55921002000126	20250509	1	11002000107	5371002000109	331002000108	1	41002000106	900000000000011006	900000000000451002
55931002000128	20250509	1	11002000107	5381002000107	131002000106	1	41002000106	900000000000011006	900000000000451002
55941002000120	20250509	1	11002000107	5381002000107	111002000102	1	41002000106	900000000000011006	900000000000451002
55951002000122	20250509	1	11002000107	5381002000107	318331000221102	0	766939001	900000000000011006	900000000000451002
55971002000125	20250509	1	11002000107	5381002000107	51002000108	1	41002000106	900000000000011006	900000000000451002
55981002000127	20250509	1	11002000107	5381002000107	331002000108	1	41002000106	900000000000011006	900000000000451002
55991002000129	20250509	1	11002000107	5391002000105	121002000108	1	41002000106	900000000000011006	900000000000451002
56001002000128	20250509	1	11002000107	5391002000105	131002000106	1	41002000106	900000000000011006	900000000000451002
56011002000125	20250509	1	11002000107	5391002000105	111002000102	1	41002000106	900000000000011006	900000000000451002
56021002000120	20250509	1	11002000107	5391002000105	318331000221102	0	766939001	900000000000011006	900000000000451002
56041002000126	20250509	1	11002000107	5401002000107	391002000107	1	41002000106	900000000000011006	900000000000451002
56051002000129	20250509	1	11002000107	5401002000107	381002000109	1	41002000106	900000000000011006	900000000000451002
56061002000127	20250509	1	11002000107	5401002000107	318331000221102	0	766939001	900000000000011006	900000000000451002
56081002000124	20250509	1	11002000107	5401002000107	371002000106	1	41002000106	900000000000011006	900000000000451002
56091002000122	20250509	1	11002000107	5411002000105	391002000107	1	41002000106	900000000000011006	900000000000451002
56101002000129	20250509	1	11002000107	5411002000105	381002000109	1	41002000106	900000000000011006	900000000000451002
56111002000126	20250509	1	11002000107	5411002000105	318331000221102	0	766939001	900000000000011006	900000000000451002
56131002000124	20250509	1	11002000107	5411002000105	371002000106	1	41002000106	900000000000011006	900000000000451002
56141002000127	20250509	1	11002000107	5421002000104	391002000107	1	41002000106	900000000000011006	900000000000451002
56151002000125	20250509	1	11002000107	5421002000104	381002000109	1	41002000106	900000000000011006	900000000000451002
56161002000128	20250509	1	11002000107	5421002000104	318331000221102	0	766939001	900000000000011006	900000000000451002
56181002000120	20250509	1	11002000107	5421002000104	371002000106	1	41002000106	900000000000011006	900000000000451002
56191002000123	20250509	1	11002000107	5431002000101	131002000106	1	41002000106	900000000000011006	900000000000451002
56201002000121	20250509	1	11002000107	5431002000101	318331000221102	0	766939001	900000000000011006	900000000000451002
56221002000129	20250509	1	11002000107	5441002000109	131002000106	1	41002000106	900000000000011006	900000000000451002
56231002000126	20250509	1	11002000107	5441002000109	318331000221102	0	766939001	900000000000011006	900000000000451002
56251002000120	20250509	1	11002000107	5451002000106	1391002000108	1	41002000106	900000000000011006	900000000000451002
56261002000122	20250509	1	11002000107	5451002000106	318331000221102	0	766939001	900000000000011006	900000000000451002
56281002000125	20250509	1	11002000107	5461002000108	251002000107	1	41002000106	900000000000011006	900000000000451002
56291002000127	20250509	1	11002000107	5461002000108	1321002000106	1	41002000106	900000000000011006	900000000000451002
56301002000126	20250509	1	11002000107	5461002000108	318331000221102	0	766939001	900000000000011006	900000000000451002
56321002000123	20250509	1	11002000107	5481002000100	318331000221102	0	766939001	900000000000011006	900000000000451002
56341002000129	20250509	1	11002000107	5481002000100	5471002000103	1	41002000106	900000000000011006	900000000000451002
56351002000127	20250509	1	11002000107	5491002000102	318331000221102	0	766939001	900000000000011006	900000000000451002
56371002000124	20250509	1	11002000107	5491002000102	1111002000103	1	41002000106	900000000000011006	900000000000451002
56381002000122	20250509	1	11002000107	5501002000108	1771002000106	1	41002000106	900000000000011006	900000000000451002
56391002000120	20250509	1	11002000107	5501002000108	318331000221102	0	766939001	900000000000011006	900000000000451002
56411002000120	20250509	1	11002000107	5511002000106	1071002000109	1	41002000106	900000000000011006	900000000000451002
56421002000125	20250509	1	11002000107	5511002000106	318331000221102	0	766939001	900000000000011006	900000000000451002
56441002000124	20250509	1	11002000107	5521002000100	1591002000101	1	41002000106	900000000000011006	900000000000451002
56451002000121	20250509	1	11002000107	5521002000100	318331000221102	0	766939001	900000000000011006	900000000000451002
56471002000129	20250509	1	11002000107	5521002000100	441002000106	1	41002000106	900000000000011006	900000000000451002
56481002000126	20250509	1	11002000107	5531002000102	131002000106	1	41002000106	900000000000011006	900000000000451002
56491002000128	20250509	1	11002000107	5531002000102	111002000102	1	41002000106	900000000000011006	900000000000451002
56501002000123	20250509	1	11002000107	5531002000102	318331000221102	0	766939001	900000000000011006	900000000000451002
56521002000126	20250509	1	11002000107	5541002000105	318331000221102	0	766939001	900000000000011006	900000000000451002
56531002000128	20250509	1	11002000107	5541002000105	2381002000101	1	41002000106	900000000000011006	900000000000451002
56551002000122	20250509	1	11002000107	5551002000107	391002000107	1	41002000106	900000000000011006	900000000000451002
56561002000124	20250509	1	11002000107	5551002000107	318331000221102	0	766939001	900000000000011006	900000000000451002
56581002000127	20250509	1	11002000107	5561002000109	131002000106	1	41002000106	900000000000011006	900000000000451002
56591002000129	20250509	1	11002000107	5561002000109	111002000102	1	41002000106	900000000000011006	900000000000451002
56601002000124	20250509	1	11002000107	5561002000109	318331000221102	0	766939001	900000000000011006	900000000000451002
56621002000127	20250509	1	11002000107	5571002000104	131002000106	1	41002000106	900000000000011006	900000000000451002
56631002000129	20250509	1	11002000107	5571002000104	111002000102	1	41002000106	900000000000011006	900000000000451002
56641002000121	20250509	1	11002000107	5571002000104	2371002000104	1	41002000106	900000000000011006	900000000000451002
56651002000123	20250509	1	11002000107	5571002000104	318331000221102	0	766939001	900000000000011006	900000000000451002
56671002000126	20250509	1	11002000107	5581002000101	391002000107	1	41002000106	900000000000011006	900000000000451002
56681002000128	20250509	1	11002000107	5581002000101	381002000109	1	41002000106	900000000000011006	900000000000451002
56691002000125	20250509	1	11002000107	5581002000101	318331000221102	0	766939001	900000000000011006	900000000000451002
56711002000127	20250509	1	11002000107	5581002000101	371002000106	1	41002000106	900000000000011006	900000000000451002
56721002000122	20250509	1	11002000107	5591002000103	3351002000100	1	41002000106	900000000000011006	900000000000451002
56731002000120	20250509	1	11002000107	5591002000103	318331000221102	0	766939001	900000000000011006	900000000000451002
56751002000126	20250509	1	11002000107	5601002000109	391002000107	1	41002000106	900000000000011006	900000000000451002
56761002000129	20250509	1	11002000107	5601002000109	318331000221102	0	766939001	900000000000011006	900000000000451002
56781002000121	20250509	1	11002000107	5611002000107	1751002000103	1	41002000106	900000000000011006	900000000000451002
56791002000124	20250509	1	11002000107	5611002000107	1771002000106	1	41002000106	900000000000011006	900000000000451002
56801002000120	20250509	1	11002000107	5611002000107	318331000221102	0	766939001	900000000000011006	900000000000451002
56821002000128	20250509	1	11002000107	5621002000101	131002000106	1	41002000106	900000000000011006	900000000000451002
56831002000125	20250509	1	11002000107	5621002000101	111002000102	1	41002000106	900000000000011006	900000000000451002
56841002000122	20250509	1	11002000107	5621002000101	2371002000104	1	41002000106	900000000000011006	900000000000451002
56851002000124	20250509	1	11002000107	5621002000101	318331000221102	0	766939001	900000000000011006	900000000000451002
56871002000127	20250509	1	11002000107	5631002000103	391002000107	1	41002000106	900000000000011006	900000000000451002
56881002000129	20250509	1	11002000107	5631002000103	318331000221102	0	766939001	900000000000011006	900000000000451002
56901002000127	20250509	1	11002000107	5631002000103	371002000106	1	41002000106	900000000000011006	900000000000451002
56911002000129	20250509	1	11002000107	5641002000106	1351002000104	1	41002000106	900000000000011006	900000000000451002
56921002000124	20250509	1	11002000107	5641002000106	318331000221102	0	766939001	900000000000011006	900000000000451002
56951002000128	20250509	1	11002000107	5661002000105	871530006	0	766939001	900000000000011006	900000000000451002
56961002000126	20250509	1	11002000107	5661002000105	5651002000108	1	41002000106	900000000000011006	900000000000451002
56971002000120	20250509	1	11002000107	5671002000100	3351002000100	1	41002000106	900000000000011006	900000000000451002
56981002000123	20250509	1	11002000107	5671002000100	318331000221102	0	766939001	900000000000011006	900000000000451002
57001002000126	20250509	1	11002000107	5681002000102	3651002000107	1	41002000106	900000000000011006	900000000000451002
57011002000128	20250509	1	11002000107	5681002000102	318331000221102	0	766939001	900000000000011006	900000000000451002
57031002000121	20250509	1	11002000107	5691002000104	318331000221102	0	766939001	900000000000011006	900000000000451002
57051002000127	20250509	1	11002000107	5691002000104	371002000106	1	41002000106	900000000000011006	900000000000451002
57061002000125	20250509	1	11002000107	5701002000104	131002000106	1	41002000106	900000000000011006	900000000000451002
57071002000124	20250509	1	11002000107	5701002000104	111002000102	1	41002000106	900000000000011006	900000000000451002
57081002000122	20250509	1	11002000107	5701002000104	318331000221102	0	766939001	900000000000011006	900000000000451002
57101002000127	20250509	1	11002000107	5711002000101	111002000102	1	41002000106	900000000000011006	900000000000451002
57111002000129	20250509	1	11002000107	5711002000101	318331000221102	0	766939001	900000000000011006	900000000000451002
57131002000122	20250509	1	11002000107	5721002000107	1071002000109	1	41002000106	900000000000011006	900000000000451002
57141002000125	20250509	1	11002000107	5721002000107	318331000221102	0	766939001	900000000000011006	900000000000451002
57161002000126	20250509	1	11002000107	5731002000105	1801002000108	1	41002000106	900000000000011006	900000000000451002
57171002000120	20250509	1	11002000107	5731002000105	1811002000106	1	41002000106	900000000000011006	900000000000451002
57181002000123	20250509	1	11002000107	5731002000105	1821002000100	1	41002000106	900000000000011006	900000000000451002
57191002000121	20250509	1	11002000107	5731002000105	318331000221102	0	766939001	900000000000011006	900000000000451002
57211002000122	20250509	1	11002000107	5741002000102	391002000107	1	41002000106	900000000000011006	900000000000451002
57221002000127	20250509	1	11002000107	5741002000102	381002000109	1	41002000106	900000000000011006	900000000000451002
57231002000129	20250509	1	11002000107	5741002000102	318331000221102	0	766939001	900000000000011006	900000000000451002
57251002000123	20250509	1	11002000107	5741002000102	371002000106	1	41002000106	900000000000011006	900000000000451002
57261002000120	20250509	1	11002000107	5751002000100	318331000221102	0	766939001	900000000000011006	900000000000451002
57281002000128	20250509	1	11002000107	5751002000100	5471002000103	1	41002000106	900000000000011006	900000000000451002
57291002000125	20250509	1	11002000107	5761002000103	131002000106	1	41002000106	900000000000011006	900000000000451002
57301002000129	20250509	1	11002000107	5761002000103	111002000102	1	41002000106	900000000000011006	900000000000451002
57311002000126	20250509	1	11002000107	5761002000103	2371002000104	1	41002000106	900000000000011006	900000000000451002
57321002000121	20250509	1	11002000107	5761002000103	318331000221102	0	766939001	900000000000011006	900000000000451002
57341002000127	20250509	1	11002000107	5771002000108	391002000107	1	41002000106	900000000000011006	900000000000451002
57351002000125	20250509	1	11002000107	5771002000108	381002000109	1	41002000106	900000000000011006	900000000000451002
57361002000128	20250509	1	11002000107	5771002000108	318331000221102	0	766939001	900000000000011006	900000000000451002
57381002000120	20250509	1	11002000107	5771002000108	371002000106	1	41002000106	900000000000011006	900000000000451002
57391002000123	20250509	1	11002000107	5781002000106	391002000107	1	41002000106	900000000000011006	900000000000451002
57401002000120	20250509	1	11002000107	5781002000106	318331000221102	0	766939001	900000000000011006	900000000000451002
57421002000128	20250509	1	11002000107	5791002000109	131002000106	1	41002000106	900000000000011006	900000000000451002
57431002000125	20250509	1	11002000107	5791002000109	111002000102	1	41002000106	900000000000011006	900000000000451002
57441002000122	20250509	1	11002000107	5791002000109	2371002000104	1	41002000106	900000000000011006	900000000000451002
57451002000124	20250509	1	11002000107	5791002000109	318331000221102	0	766939001	900000000000011006	900000000000451002
57471002000127	20250509	1	11002000107	5801002000105	991002000108	1	41002000106	900000000000011006	900000000000451002
57481002000129	20250509	1	11002000107	5801002000105	318331000221102	0	766939001	900000000000011006	900000000000451002
57501002000121	20250509	1	11002000107	5821002000102	5811002000108	1	41002000106	900000000000011006	900000000000451002
57521002000129	20250509	1	11002000107	5821002000102	871530006	0	766939001	900000000000011006	900000000000451002
57531002000126	20250509	1	11002000107	5831002000104	131002000106	1	41002000106	900000000000011006	900000000000451002
57541002000123	20250509	1	11002000107	5831002000104	318331000221102	0	766939001	900000000000011006	900000000000451002
57561002000122	20250509	1	11002000107	5841002000107	131002000106	1	41002000106	900000000000011006	900000000000451002
57571002000128	20250509	1	11002000107	5841002000107	111002000102	1	41002000106	900000000000011006	900000000000451002
57581002000125	20250509	1	11002000107	5841002000107	318331000221102	0	766939001	900000000000011006	900000000000451002
57601002000122	20250509	1	11002000107	5851002000109	131002000106	1	41002000106	900000000000011006	900000000000451002
57611002000120	20250509	1	11002000107	5851002000109	111002000102	1	41002000106	900000000000011006	900000000000451002
57621002000125	20250509	1	11002000107	5851002000109	318331000221102	0	766939001	900000000000011006	900000000000451002
57641002000124	20250509	1	11002000107	5861002000106	318331000221102	0	766939001	900000000000011006	900000000000451002
57661002000123	20250509	1	11002000107	5861002000106	441002000106	1	41002000106	900000000000011006	900000000000451002
57671002000129	20250509	1	11002000107	5861002000106	411002000107	1	41002000106	900000000000011006	900000000000451002
57681002000126	20250509	1	11002000107	5871002000101	391002000107	1	41002000106	900000000000011006	900000000000451002
57691002000128	20250509	1	11002000107	5871002000101	318331000221102	0	766939001	900000000000011006	900000000000451002
57711002000125	20250509	1	11002000107	5881002000103	391002000107	1	41002000106	900000000000011006	900000000000451002
57721002000120	20250509	1	11002000107	5881002000103	381002000109	1	41002000106	900000000000011006	900000000000451002
57731002000123	20250509	1	11002000107	5881002000103	318331000221102	0	766939001	900000000000011006	900000000000451002
57751002000129	20250509	1	11002000107	5891002000100	381002000109	1	41002000106	900000000000011006	900000000000451002
57761002000127	20250509	1	11002000107	5891002000100	318331000221102	0	766939001	900000000000011006	900000000000451002
57781002000124	20250509	1	11002000107	5901002000101	131002000106	1	41002000106	900000000000011006	900000000000451002
57791002000122	20250509	1	11002000107	5901002000101	111002000102	1	41002000106	900000000000011006	900000000000451002
57801002000123	20250509	1	11002000107	5901002000101	2371002000104	1	41002000106	900000000000011006	900000000000451002
57811002000121	20250509	1	11002000107	5901002000101	318331000221102	0	766939001	900000000000011006	900000000000451002
57831002000128	20250509	1	11002000107	5911002000103	131002000106	1	41002000106	900000000000011006	900000000000451002
57841002000120	20250509	1	11002000107	5911002000103	318331000221102	0	766939001	900000000000011006	900000000000451002
57861002000124	20250509	1	11002000107	5921002000109	1391002000108	1	41002000106	900000000000011006	900000000000451002
57871002000125	20250509	1	11002000107	5921002000109	131002000106	1	41002000106	900000000000011006	900000000000451002
57881002000127	20250509	1	11002000107	5921002000109	111002000102	1	41002000106	900000000000011006	900000000000451002
57891002000129	20250509	1	11002000107	5921002000109	318331000221102	0	766939001	900000000000011006	900000000000451002
57911002000127	20250509	1	11002000107	5931002000107	391002000107	1	41002000106	900000000000011006	900000000000451002
57921002000122	20250509	1	11002000107	5931002000107	381002000109	1	41002000106	900000000000011006	900000000000451002
57931002000120	20250509	1	11002000107	5931002000107	318331000221102	0	766939001	900000000000011006	900000000000451002
57951002000126	20250509	1	11002000107	5931002000107	371002000106	1	41002000106	900000000000011006	900000000000451002
57961002000129	20250509	1	11002000107	5941002000104	251002000107	1	41002000106	900000000000011006	900000000000451002
57971002000123	20250509	1	11002000107	5941002000104	1391002000108	1	41002000106	900000000000011006	900000000000451002
57981002000121	20250509	1	11002000107	5941002000104	131002000106	1	41002000106	900000000000011006	900000000000451002
57991002000124	20250509	1	11002000107	5941002000104	111002000102	1	41002000106	900000000000011006	900000000000451002
58011002000129	20250509	1	11002000107	5941002000104	3651002000107	1	41002000106	900000000000011006	900000000000451002
58021002000124	20250509	1	11002000107	5941002000104	318331000221102	0	766939001	900000000000011006	900000000000451002
58031002000122	20250509	1	11002000107	5951002000102	318331000221102	0	766939001	900000000000011006	900000000000451002
58051002000128	20250509	1	11002000107	5951002000102	1171002000105	1	41002000106	900000000000011006	900000000000451002
58061002000126	20250509	1	11002000107	5961002000100	1651002000106	1	41002000106	900000000000011006	900000000000451002
58071002000120	20250509	1	11002000107	5961002000100	318331000221102	0	766939001	900000000000011006	900000000000451002
58091002000121	20250509	1	11002000107	5971002000105	1651002000106	1	41002000106	900000000000011006	900000000000451002
58101002000128	20250509	1	11002000107	5971002000105	318331000221102	0	766939001	900000000000011006	900000000000451002
58121002000120	20250509	1	11002000107	5981002000108	1651002000106	1	41002000106	900000000000011006	900000000000451002
58131002000123	20250509	1	11002000107	5981002000108	318331000221102	0	766939001	900000000000011006	900000000000451002
58151002000129	20250509	1	11002000107	5991002000106	1651002000106	1	41002000106	900000000000011006	900000000000451002
58161002000127	20250509	1	11002000107	5991002000106	318331000221102	0	766939001	900000000000011006	900000000000451002
58181002000124	20250509	1	11002000107	6001002000107	1651002000106	1	41002000106	900000000000011006	900000000000451002
58191002000122	20250509	1	11002000107	6001002000107	318331000221102	0	766939001	900000000000011006	900000000000451002
58211002000123	20250509	1	11002000107	6011002000105	1651002000106	1	41002000106	900000000000011006	900000000000451002
58221002000128	20250509	1	11002000107	6011002000105	318331000221102	0	766939001	900000000000011006	900000000000451002
58241002000122	20250509	1	11002000107	6021002000104	891002000102	1	41002000106	900000000000011006	900000000000451002
58251002000124	20250509	1	11002000107	6021002000104	901002000103	1	41002000106	900000000000011006	900000000000451002
58261002000121	20250509	1	11002000107	6021002000104	131002000106	1	41002000106	900000000000011006	900000000000451002
58271002000127	20250509	1	11002000107	6021002000104	318331000221102	0	766939001	900000000000011006	900000000000451002
58291002000126	20250509	1	11002000107	6031002000101	891002000102	1	41002000106	900000000000011006	900000000000451002
58301002000125	20250509	1	11002000107	6031002000101	901002000103	1	41002000106	900000000000011006	900000000000451002
58311002000127	20250509	1	11002000107	6031002000101	131002000106	1	41002000106	900000000000011006	900000000000451002
58321002000122	20250509	1	11002000107	6031002000101	318331000221102	0	766939001	900000000000011006	900000000000451002
58341002000128	20250509	1	11002000107	6041002000109	318331000221102	0	766939001	900000000000011006	900000000000451002
58361002000129	20250509	1	11002000107	6041002000109	271002000104	1	41002000106	900000000000011006	900000000000451002
58371002000123	20250509	1	11002000107	6051002000106	391002000107	1	41002000106	900000000000011006	900000000000451002
58381002000121	20250509	1	11002000107	6051002000106	381002000109	1	41002000106	900000000000011006	900000000000451002
58391002000124	20250509	1	11002000107	6051002000106	318331000221102	0	766939001	900000000000011006	900000000000451002
58411002000124	20250509	1	11002000107	6051002000106	371002000106	1	41002000106	900000000000011006	900000000000451002
58421002000129	20250509	1	11002000107	6061002000108	1651002000106	1	41002000106	900000000000011006	900000000000451002
58431002000126	20250509	1	11002000107	6061002000108	318331000221102	0	766939001	900000000000011006	900000000000451002
58451002000120	20250509	1	11002000107	6071002000103	318331000221102	0	766939001	900000000000011006	900000000000451002
58471002000128	20250509	1	11002000107	6071002000103	71002000100	1	41002000106	900000000000011006	900000000000451002
58481002000125	20250509	1	11002000107	6081002000100	2271002000106	1	41002000106	900000000000011006	900000000000451002
58491002000127	20250509	1	11002000107	6081002000100	318331000221102	0	766939001	900000000000011006	900000000000451002
58521002000125	20250509	1	11002000107	6091002000102	871530006	0	766939001	900000000000011006	900000000000451002
58531002000127	20250509	1	11002000107	6091002000102	5191002000108	1	41002000106	900000000000011006	900000000000451002
58541002000124	20250509	1	11002000107	6121002000103	501002000105	1	41002000106	900000000000011006	900000000000451002
58551002000121	20250509	1	11002000107	6121002000103	318331000221102	0	766939001	900000000000011006	900000000000451002
58561002000123	20250509	1	11002000107	6121002000103	6101002000106	1	41002000106	900000000000011006	900000000000451002
58571002000129	20250509	1	11002000107	6121002000103	6111002000109	1	41002000106	900000000000011006	900000000000451002
58591002000128	20250509	1	11002000107	6121002000103	4121002000107	1	41002000106	900000000000011006	900000000000451002
58601002000123	20250509	1	11002000107	6131002000100	501002000105	1	41002000106	900000000000011006	900000000000451002
58611002000121	20250509	1	11002000107	6131002000100	318331000221102	0	766939001	900000000000011006	900000000000451002
58621002000126	20250509	1	11002000107	6131002000100	6101002000106	1	41002000106	900000000000011006	900000000000451002
58641002000120	20250509	1	11002000107	6131002000100	51002000108	1	41002000106	900000000000011006	900000000000451002
58651002000122	20250509	1	11002000107	6141002000108	121002000108	1	41002000106	900000000000011006	900000000000451002
58661002000124	20250509	1	11002000107	6141002000108	131002000106	1	41002000106	900000000000011006	900000000000451002
58671002000125	20250509	1	11002000107	6141002000108	111002000102	1	41002000106	900000000000011006	900000000000451002
58691002000129	20250509	1	11002000107	6141002000108	51002000108	1	41002000106	900000000000011006	900000000000451002
58701002000129	20250509	1	11002000107	6141002000108	318331000221102	0	766939001	900000000000011006	900000000000451002
58711002000126	20250509	1	11002000107	6141002000108	331002000108	1	41002000106	900000000000011006	900000000000451002
58721002000121	20250509	1	11002000107	6151002000105	391002000107	1	41002000106	900000000000011006	900000000000451002
58731002000124	20250509	1	11002000107	6151002000105	381002000109	1	41002000106	900000000000011006	900000000000451002
58741002000127	20250509	1	11002000107	6151002000105	318331000221102	0	766939001	900000000000011006	900000000000451002
58761002000128	20250509	1	11002000107	6151002000105	371002000106	1	41002000106	900000000000011006	900000000000451002
58771002000122	20250509	1	11002000107	6161002000107	121002000108	1	41002000106	900000000000011006	900000000000451002
58781002000120	20250509	1	11002000107	6161002000107	131002000106	1	41002000106	900000000000011006	900000000000451002
58791002000123	20250509	1	11002000107	6161002000107	111002000102	1	41002000106	900000000000011006	900000000000451002
58801002000124	20250509	1	11002000107	6161002000107	318331000221102	0	766939001	900000000000011006	900000000000451002
58821002000127	20250509	1	11002000107	6161002000107	331002000108	1	41002000106	900000000000011006	900000000000451002
58831002000129	20250509	1	11002000107	6171002000102	901002000103	1	41002000106	900000000000011006	900000000000451002
58841002000121	20250509	1	11002000107	6171002000102	131002000106	1	41002000106	900000000000011006	900000000000451002
58851002000123	20250509	1	11002000107	6171002000102	318331000221102	0	766939001	900000000000011006	900000000000451002
58871002000126	20250509	1	11002000107	6181002000104	318331000221102	0	766939001	900000000000011006	900000000000451002
58891002000125	20250509	1	11002000107	6181002000104	71002000100	1	41002000106	900000000000011006	900000000000451002
58901002000126	20250509	1	11002000107	6191002000101	251002000107	1	41002000106	900000000000011006	900000000000451002
58911002000128	20250509	1	11002000107	6191002000101	1391002000108	1	41002000106	900000000000011006	900000000000451002
58921002000123	20250509	1	11002000107	6191002000101	131002000106	1	41002000106	900000000000011006	900000000000451002
58931002000121	20250509	1	11002000107	6191002000101	111002000102	1	41002000106	900000000000011006	900000000000451002
58941002000129	20250509	1	11002000107	6191002000101	318331000221102	0	766939001	900000000000011006	900000000000451002
58961002000125	20250509	1	11002000107	6211002000100	318331000221102	0	766939001	900000000000011006	900000000000451002
58981002000122	20250509	1	11002000107	6211002000100	6201002000103	1	41002000106	900000000000011006	900000000000451002
59001002000120	20250509	1	11002000107	6221002000106	871530006	0	766939001	900000000000011006	900000000000451002
59011002000123	20250509	1	11002000107	6221002000106	5191002000108	1	41002000106	900000000000011006	900000000000451002
59021002000128	20250509	1	11002000107	6231002000109	763158003	0	116680003	900000000000011006	900000000000451002
59031002000125	20250509	1	11002000107	6231002000109	871530006	0	766939001	900000000000011006	900000000000451002
59041002000122	20250509	1	11002000107	6231002000109	5191002000108	1	41002000106	900000000000011006	900000000000451002
59061002000121	20250509	1	11002000107	6241002000101	4801002000106	1	41002000106	900000000000011006	900000000000451002
59071002000127	20250509	1	11002000107	6241002000101	871530006	0	766939001	900000000000011006	900000000000451002
59091002000126	20250509	1	11002000107	6251002000104	4801002000106	1	41002000106	900000000000011006	900000000000451002
59101002000124	20250509	1	11002000107	6251002000104	871530006	0	766939001	900000000000011006	900000000000451002
59121002000127	20250509	1	11002000107	6271002000107	871530006	0	766939001	900000000000011006	900000000000451002
59131002000129	20250509	1	11002000107	6271002000107	6261002000102	1	41002000106	900000000000011006	900000000000451002
59151002000123	20250509	1	11002000107	6281002000105	871530006	0	766939001	900000000000011006	900000000000451002
59161002000120	20250509	1	11002000107	6281002000105	6261002000102	1	41002000106	900000000000011006	900000000000451002
59171002000126	20250509	1	11002000107	6301002000109	6291002000108	1	41002000106	900000000000011006	900000000000451002
59181002000128	20250509	1	11002000107	6301002000109	763158003	0	116680003	900000000000011006	900000000000451002
59191002000125	20250509	1	11002000107	6301002000109	871530006	0	766939001	900000000000011006	900000000000451002
59211002000129	20250509	1	11002000107	6311002000107	871530006	0	766939001	900000000000011006	900000000000451002
59221002000124	20250509	1	11002000107	6311002000107	6261002000102	1	41002000106	900000000000011006	900000000000451002
59231002000122	20250509	1	11002000107	6321002000101	121002000108	1	41002000106	900000000000011006	900000000000451002
59241002000125	20250509	1	11002000107	6321002000101	131002000106	1	41002000106	900000000000011006	900000000000451002
59251002000128	20250509	1	11002000107	6321002000101	111002000102	1	41002000106	900000000000011006	900000000000451002
59271002000120	20250509	1	11002000107	6321002000101	51002000108	1	41002000106	900000000000011006	900000000000451002
59281002000123	20250509	1	11002000107	6321002000101	318331000221102	0	766939001	900000000000011006	900000000000451002
59291002000121	20250509	1	11002000107	6321002000101	331002000108	1	41002000106	900000000000011006	900000000000451002
59301002000122	20250509	1	11002000107	6331002000103	318331000221102	0	766939001	900000000000011006	900000000000451002
59321002000125	20250509	1	11002000107	6331002000103	51002000108	1	41002000106	900000000000011006	900000000000451002
59331002000127	20250509	1	11002000107	6341002000106	121002000108	1	41002000106	900000000000011006	900000000000451002
59341002000124	20250509	1	11002000107	6341002000106	131002000106	1	41002000106	900000000000011006	900000000000451002
59351002000121	20250509	1	11002000107	6341002000106	111002000102	1	41002000106	900000000000011006	900000000000451002
59371002000129	20250509	1	11002000107	6341002000106	318331000221102	0	766939001	900000000000011006	900000000000451002
59381002000126	20250509	1	11002000107	6341002000106	331002000108	1	41002000106	900000000000011006	900000000000451002
59391002000128	20250509	1	11002000107	6341002000106	2461002000100	1	41002000106	900000000000011006	900000000000451002
59401002000126	20250509	1	11002000107	6351002000108	121002000108	1	41002000106	900000000000011006	900000000000451002
59411002000128	20250509	1	11002000107	6351002000108	251002000107	1	41002000106	900000000000011006	900000000000451002
59421002000123	20250509	1	11002000107	6351002000108	131002000106	1	41002000106	900000000000011006	900000000000451002
59431002000121	20250509	1	11002000107	6351002000108	111002000102	1	41002000106	900000000000011006	900000000000451002
59451002000127	20250509	1	11002000107	6351002000108	51002000108	1	41002000106	900000000000011006	900000000000451002
59461002000125	20250509	1	11002000107	6351002000108	318331000221102	0	766939001	900000000000011006	900000000000451002
59471002000124	20250509	1	11002000107	6351002000108	331002000108	1	41002000106	900000000000011006	900000000000451002
59481002000122	20250509	1	11002000107	6361002000105	318331000221102	0	766939001	900000000000011006	900000000000451002
59491002000120	20250509	1	11002000107	6361002000105	1501002000106	1	41002000106	900000000000011006	900000000000451002
59511002000127	20250509	1	11002000107	6371002000100	1481002000103	1	41002000106	900000000000011006	900000000000451002
59521002000122	20250509	1	11002000107	6371002000100	318331000221102	0	766939001	900000000000011006	900000000000451002
59541002000128	20250509	1	11002000107	6381002000102	121002000108	1	41002000106	900000000000011006	900000000000451002
59551002000126	20250509	1	11002000107	6381002000102	251002000107	1	41002000106	900000000000011006	900000000000451002
59561002000129	20250509	1	11002000107	6381002000102	131002000106	1	41002000106	900000000000011006	900000000000451002
59571002000123	20250509	1	11002000107	6381002000102	111002000102	1	41002000106	900000000000011006	900000000000451002
59591002000124	20250509	1	11002000107	6381002000102	51002000108	1	41002000106	900000000000011006	900000000000451002
59601002000129	20250509	1	11002000107	6381002000102	318331000221102	0	766939001	900000000000011006	900000000000451002
59611002000126	20250509	1	11002000107	6381002000102	331002000108	1	41002000106	900000000000011006	900000000000451002
59621002000121	20250509	1	11002000107	6391002000104	191002000105	1	41002000106	900000000000011006	900000000000451002
59641002000127	20250509	1	11002000107	6391002000104	181002000107	1	41002000106	900000000000011006	900000000000451002
59651002000125	20250509	1	11002000107	6391002000104	211002000106	1	41002000106	900000000000011006	900000000000451002
59661002000128	20250509	1	11002000107	6391002000104	201002000108	1	41002000106	900000000000011006	900000000000451002
59671002000122	20250509	1	11002000107	6391002000104	318331000221102	0	766939001	900000000000011006	900000000000451002
59681002000120	20250509	1	11002000107	6391002000104	221002000100	1	41002000106	900000000000011006	900000000000451002
59691002000123	20250509	1	11002000107	6411002000104	318331000221102	0	766939001	900000000000011006	900000000000451002
59711002000121	20250509	1	11002000107	6411002000104	6401002000102	1	41002000106	900000000000011006	900000000000451002
59721002000126	20250509	1	11002000107	6421002000105	1071002000109	1	41002000106	900000000000011006	900000000000451002
59731002000128	20250509	1	11002000107	6421002000105	318331000221102	0	766939001	900000000000011006	900000000000451002
59741002000120	20250509	1	11002000107	6421002000105	1081002000107	1	41002000106	900000000000011006	900000000000451002
59761002000124	20250509	1	11002000107	6441002000100	318331000221102	0	766939001	900000000000011006	900000000000451002
59781002000127	20250509	1	11002000107	6441002000100	6431002000108	1	41002000106	900000000000011006	900000000000451002
59791002000129	20250509	1	11002000107	6451002000103	121002000108	1	41002000106	900000000000011006	900000000000451002
59801002000128	20250509	1	11002000107	6451002000103	131002000106	1	41002000106	900000000000011006	900000000000451002
59811002000125	20250509	1	11002000107	6451002000103	111002000102	1	41002000106	900000000000011006	900000000000451002
59821002000120	20250509	1	11002000107	6451002000103	318331000221102	0	766939001	900000000000011006	900000000000451002
59841002000126	20250509	1	11002000107	6451002000103	331002000108	1	41002000106	900000000000011006	900000000000451002
59851002000129	20250509	1	11002000107	6461002000101	2271002000106	1	41002000106	900000000000011006	900000000000451002
59861002000127	20250509	1	11002000107	6461002000101	318331000221102	0	766939001	900000000000011006	900000000000451002
59881002000124	20250509	1	11002000107	6481002000109	318331000221102	0	766939001	900000000000011006	900000000000451002
59901002000121	20250509	1	11002000107	6481002000109	6471002000106	1	41002000106	900000000000011006	900000000000451002
59911002000124	20250509	1	11002000107	6491002000107	991002000108	1	41002000106	900000000000011006	900000000000451002
59921002000129	20250509	1	11002000107	6491002000107	318331000221102	0	766939001	900000000000011006	900000000000451002
59941002000123	20250509	1	11002000107	6511002000103	318331000221102	0	766939001	900000000000011006	900000000000451002
59961002000122	20250509	1	11002000107	6511002000103	6501002000101	1	41002000106	900000000000011006	900000000000451002
59971002000128	20250509	1	11002000107	6531002000107	318331000221102	0	766939001	900000000000011006	900000000000451002
59991002000127	20250509	1	11002000107	6531002000107	6521002000109	1	41002000106	900000000000011006	900000000000451002
60001002000124	20250509	1	11002000107	6601002000100	191002000105	1	41002000106	900000000000011006	900000000000451002
60011002000122	20250509	1	11002000107	6601002000100	6541002000104	1	41002000106	900000000000011006	900000000000451002
60031002000129	20250509	1	11002000107	6601002000100	181002000107	1	41002000106	900000000000011006	900000000000451002
60041002000121	20250509	1	11002000107	6601002000100	6581002000108	1	41002000106	900000000000011006	900000000000451002
60051002000123	20250509	1	11002000107	6601002000100	6591002000106	1	41002000106	900000000000011006	900000000000451002
60061002000120	20250509	1	11002000107	6601002000100	201002000108	1	41002000106	900000000000011006	900000000000451002
60071002000126	20250509	1	11002000107	6601002000100	6571002000105	1	41002000106	900000000000011006	900000000000451002
60081002000128	20250509	1	11002000107	6601002000100	318331000221102	0	766939001	900000000000011006	900000000000451002
60091002000125	20250509	1	11002000107	6601002000100	221002000100	1	41002000106	900000000000011006	900000000000451002
60101002000123	20250509	1	11002000107	6601002000100	6551002000102	1	41002000106	900000000000011006	900000000000451002
60111002000121	20250509	1	11002000107	6601002000100	6561002000100	1	41002000106	900000000000011006	900000000000451002
60121002000126	20250509	1	11002000107	6611002000102	131002000106	1	41002000106	900000000000011006	900000000000451002
60131002000128	20250509	1	11002000107	6611002000102	318331000221102	0	766939001	900000000000011006	900000000000451002
60151002000122	20250509	1	11002000107	6621002000108	121002000108	1	41002000106	900000000000011006	900000000000451002
60161002000124	20250509	1	11002000107	6621002000108	251002000107	1	41002000106	900000000000011006	900000000000451002
60171002000125	20250509	1	11002000107	6621002000108	131002000106	1	41002000106	900000000000011006	900000000000451002
60181002000127	20250509	1	11002000107	6621002000108	111002000102	1	41002000106	900000000000011006	900000000000451002
60201002000126	20250509	1	11002000107	6621002000108	318331000221102	0	766939001	900000000000011006	900000000000451002
60211002000128	20250509	1	11002000107	6621002000108	331002000108	1	41002000106	900000000000011006	900000000000451002
60221002000123	20250509	1	11002000107	6641002000103	6631002000106	1	41002000106	900000000000011006	900000000000451002
60231002000121	20250509	1	11002000107	6641002000103	318331000221102	0	766939001	900000000000011006	900000000000451002
60251002000127	20250509	1	11002000107	6651002000101	131002000106	1	41002000106	900000000000011006	900000000000451002
60261002000125	20250509	1	11002000107	6651002000101	111002000102	1	41002000106	900000000000011006	900000000000451002
60271002000124	20250509	1	11002000107	6651002000101	318331000221102	0	766939001	900000000000011006	900000000000451002
60291002000120	20250509	1	11002000107	6671002000109	251002000107	1	41002000106	900000000000011006	900000000000451002
60301002000121	20250509	1	11002000107	6671002000109	6661002000104	1	41002000106	900000000000011006	900000000000451002
60311002000124	20250509	1	11002000107	6671002000109	318331000221102	0	766939001	900000000000011006	900000000000451002
60331002000126	20250509	1	11002000107	6681002000107	131002000106	1	41002000106	900000000000011006	900000000000451002
60341002000123	20250509	1	11002000107	6681002000107	318331000221102	0	766939001	900000000000011006	900000000000451002
60361002000122	20250509	1	11002000107	6691002000105	131002000106	1	41002000106	900000000000011006	900000000000451002
60371002000128	20250509	1	11002000107	6691002000105	318331000221102	0	766939001	900000000000011006	900000000000451002
60391002000127	20250509	1	11002000107	6701002000105	131002000106	1	41002000106	900000000000011006	900000000000451002
60401002000125	20250509	1	11002000107	6701002000105	318331000221102	0	766939001	900000000000011006	900000000000451002
60421002000122	20250509	1	11002000107	6711002000108	131002000106	1	41002000106	900000000000011006	900000000000451002
60431002000120	20250509	1	11002000107	6711002000108	318331000221102	0	766939001	900000000000011006	900000000000451002
60451002000126	20250509	1	11002000107	6721002000102	318331000221102	0	766939001	900000000000011006	900000000000451002
60471002000123	20250509	1	11002000107	6721002000102	461002000105	1	41002000106	900000000000011006	900000000000451002
60481002000121	20250509	1	11002000107	6731002000104	121002000108	1	41002000106	900000000000011006	900000000000451002
60491002000124	20250509	1	11002000107	6731002000104	251002000107	1	41002000106	900000000000011006	900000000000451002
60501002000129	20250509	1	11002000107	6731002000104	3251002000109	1	41002000106	900000000000011006	900000000000451002
60511002000126	20250509	1	11002000107	6731002000104	131002000106	1	41002000106	900000000000011006	900000000000451002
60521002000121	20250509	1	11002000107	6731002000104	111002000102	1	41002000106	900000000000011006	900000000000451002
60541002000127	20250509	1	11002000107	6731002000104	318331000221102	0	766939001	900000000000011006	900000000000451002
60551002000125	20250509	1	11002000107	6731002000104	331002000108	1	41002000106	900000000000011006	900000000000451002
60561002000128	20250509	1	11002000107	6741002000107	318331000221102	0	766939001	900000000000011006	900000000000451002
60581002000120	20250509	1	11002000107	6741002000107	1111002000103	1	41002000106	900000000000011006	900000000000451002
60591002000123	20250509	1	11002000107	6761002000106	318331000221102	0	766939001	900000000000011006	900000000000451002
60611002000125	20250509	1	11002000107	6761002000106	6751002000109	1	41002000106	900000000000011006	900000000000451002
60621002000120	20250509	1	11002000107	6771002000101	131002000106	1	41002000106	900000000000011006	900000000000451002
60631002000123	20250509	1	11002000107	6771002000101	318331000221102	0	766939001	900000000000011006	900000000000451002
60651002000129	20250509	1	11002000107	6781002000103	891002000102	1	41002000106	900000000000011006	900000000000451002
60661002000127	20250509	1	11002000107	6781002000103	901002000103	1	41002000106	900000000000011006	900000000000451002
60671002000121	20250509	1	11002000107	6781002000103	131002000106	1	41002000106	900000000000011006	900000000000451002
60681002000124	20250509	1	11002000107	6781002000103	318331000221102	0	766939001	900000000000011006	900000000000451002
60701002000122	20250509	1	11002000107	6791002000100	121002000108	1	41002000106	900000000000011006	900000000000451002
60711002000120	20250509	1	11002000107	6791002000100	131002000106	1	41002000106	900000000000011006	900000000000451002
60721002000125	20250509	1	11002000107	6791002000100	111002000102	1	41002000106	900000000000011006	900000000000451002
60731002000127	20250509	1	11002000107	6791002000100	318331000221102	0	766939001	900000000000011006	900000000000451002
60751002000121	20250509	1	11002000107	6801002000104	121002000108	1	41002000106	900000000000011006	900000000000451002
60761002000123	20250509	1	11002000107	6801002000104	251002000107	1	41002000106	900000000000011006	900000000000451002
60771002000129	20250509	1	11002000107	6801002000104	131002000106	1	41002000106	900000000000011006	900000000000451002
60781002000126	20250509	1	11002000107	6801002000104	111002000102	1	41002000106	900000000000011006	900000000000451002
60801002000127	20250509	1	11002000107	6801002000104	51002000108	1	41002000106	900000000000011006	900000000000451002
60811002000129	20250509	1	11002000107	6801002000104	318331000221102	0	766939001	900000000000011006	900000000000451002
60821002000124	20250509	1	11002000107	6801002000104	331002000108	1	41002000106	900000000000011006	900000000000451002
60831002000122	20250509	1	11002000107	6811002000101	121002000108	1	41002000106	900000000000011006	900000000000451002
60841002000125	20250509	1	11002000107	6811002000101	131002000106	1	41002000106	900000000000011006	900000000000451002
60851002000128	20250509	1	11002000107	6811002000101	111002000102	1	41002000106	900000000000011006	900000000000451002
60861002000126	20250509	1	11002000107	6811002000101	318331000221102	0	766939001	900000000000011006	900000000000451002
60881002000123	20250509	1	11002000107	6811002000101	331002000108	1	41002000106	900000000000011006	900000000000451002
60891002000121	20250509	1	11002000107	6821002000107	318331000221102	0	766939001	900000000000011006	900000000000451002
60911002000123	20250509	1	11002000107	6821002000107	1171002000105	1	41002000106	900000000000011006	900000000000451002
60921002000128	20250509	1	11002000107	6831002000105	121002000108	1	41002000106	900000000000011006	900000000000451002
60931002000125	20250509	1	11002000107	6831002000105	901002000103	1	41002000106	900000000000011006	900000000000451002
60941002000122	20250509	1	11002000107	6831002000105	131002000106	1	41002000106	900000000000011006	900000000000451002
60951002000124	20250509	1	11002000107	6831002000105	318331000221102	0	766939001	900000000000011006	900000000000451002
60971002000127	20250509	1	11002000107	6841002000102	121002000108	1	41002000106	900000000000011006	900000000000451002
60981002000129	20250509	1	11002000107	6841002000102	901002000103	1	41002000106	900000000000011006	900000000000451002
60991002000126	20250509	1	11002000107	6841002000102	131002000106	1	41002000106	900000000000011006	900000000000451002
61001002000125	20250509	1	11002000107	6841002000102	318331000221102	0	766939001	900000000000011006	900000000000451002
61021002000122	20250509	1	11002000107	6851002000100	391002000107	1	41002000106	900000000000011006	900000000000451002
61031002000120	20250509	1	11002000107	6851002000100	381002000109	1	41002000106	900000000000011006	900000000000451002
61041002000128	20250509	1	11002000107	6851002000100	318331000221102	0	766939001	900000000000011006	900000000000451002
61061002000129	20250509	1	11002000107	6861002000103	121002000108	1	41002000106	900000000000011006	900000000000451002
61071002000123	20250509	1	11002000107	6861002000103	131002000106	1	41002000106	900000000000011006	900000000000451002
61081002000121	20250509	1	11002000107	6861002000103	111002000102	1	41002000106	900000000000011006	900000000000451002
61091002000124	20250509	1	11002000107	6861002000103	318331000221102	0	766939001	900000000000011006	900000000000451002
61111002000128	20250509	1	11002000107	6861002000103	331002000108	1	41002000106	900000000000011006	900000000000451002
61121002000123	20250509	1	11002000107	6871002000108	121002000108	1	41002000106	900000000000011006	900000000000451002
61131002000121	20250509	1	11002000107	6871002000108	251002000107	1	41002000106	900000000000011006	900000000000451002
61141002000129	20250509	1	11002000107	6871002000108	131002000106	1	41002000106	900000000000011006	900000000000451002
61151002000127	20250509	1	11002000107	6871002000108	111002000102	1	41002000106	900000000000011006	900000000000451002
61171002000124	20250509	1	11002000107	6871002000108	318331000221102	0	766939001	900000000000011006	900000000000451002
61181002000122	20250509	1	11002000107	6871002000108	331002000108	1	41002000106	900000000000011006	900000000000451002
61191002000120	20250509	1	11002000107	6871002000108	2461002000100	1	41002000106	900000000000011006	900000000000451002
61201002000123	20250509	1	11002000107	6881002000106	121002000108	1	41002000106	900000000000011006	900000000000451002
61211002000121	20250509	1	11002000107	6881002000106	1391002000108	1	41002000106	900000000000011006	900000000000451002
61221002000126	20250509	1	11002000107	6881002000106	131002000106	1	41002000106	900000000000011006	900000000000451002
61231002000128	20250509	1	11002000107	6881002000106	111002000102	1	41002000106	900000000000011006	900000000000451002
61251002000122	20250509	1	11002000107	6881002000106	318331000221102	0	766939001	900000000000011006	900000000000451002
61261002000124	20250509	1	11002000107	6881002000106	2461002000100	1	41002000106	900000000000011006	900000000000451002
61271002000125	20250509	1	11002000107	6891002000109	121002000108	1	41002000106	900000000000011006	900000000000451002
61281002000127	20250509	1	11002000107	6891002000109	131002000106	1	41002000106	900000000000011006	900000000000451002
61291002000129	20250509	1	11002000107	6891002000109	111002000102	1	41002000106	900000000000011006	900000000000451002
61311002000125	20250509	1	11002000107	6891002000109	51002000108	1	41002000106	900000000000011006	900000000000451002
61321002000120	20250509	1	11002000107	6891002000109	318331000221102	0	766939001	900000000000011006	900000000000451002
61331002000123	20250509	1	11002000107	6891002000109	331002000108	1	41002000106	900000000000011006	900000000000451002
61341002000126	20250509	1	11002000107	6901002000108	121002000108	1	41002000106	900000000000011006	900000000000451002
61351002000129	20250509	1	11002000107	6901002000108	1391002000108	1	41002000106	900000000000011006	900000000000451002
61361002000127	20250509	1	11002000107	6901002000108	131002000106	1	41002000106	900000000000011006	900000000000451002
61371002000121	20250509	1	11002000107	6901002000108	111002000102	1	41002000106	900000000000011006	900000000000451002
61391002000122	20250509	1	11002000107	6901002000108	51002000108	1	41002000106	900000000000011006	900000000000451002
61401002000124	20250509	1	11002000107	6901002000108	318331000221102	0	766939001	900000000000011006	900000000000451002
61411002000122	20250509	1	11002000107	6911002000106	501002000105	1	41002000106	900000000000011006	900000000000451002
61421002000127	20250509	1	11002000107	6911002000106	318331000221102	0	766939001	900000000000011006	900000000000451002
61441002000121	20250509	1	11002000107	6911002000106	51002000108	1	41002000106	900000000000011006	900000000000451002
61451002000123	20250509	1	11002000107	6931002000102	318331000221102	0	766939001	900000000000011006	900000000000451002
61471002000126	20250509	1	11002000107	6931002000102	6921002000100	1	41002000106	900000000000011006	900000000000451002
61481002000128	20250509	1	11002000107	6951002000107	6941002000105	1	41002000106	900000000000011006	900000000000451002
61491002000125	20250509	1	11002000107	6951002000107	318331000221102	0	766939001	900000000000011006	900000000000451002
61511002000123	20250509	1	11002000107	6961002000109	318331000221102	0	766939001	900000000000011006	900000000000451002
61531002000125	20250509	1	11002000107	6961002000109	6471002000106	1	41002000106	900000000000011006	900000000000451002
61541002000122	20250509	1	11002000107	6971002000104	318331000221102	0	766939001	900000000000011006	900000000000451002
61561002000121	20250509	1	11002000107	6971002000104	6471002000106	1	41002000106	900000000000011006	900000000000451002
61571002000127	20250509	1	11002000107	6981002000101	751002000102	1	41002000106	900000000000011006	900000000000451002
61581002000129	20250509	1	11002000107	6981002000101	561002000106	1	41002000106	900000000000011006	900000000000451002
61591002000126	20250509	1	11002000107	6981002000101	641002000108	1	41002000106	900000000000011006	900000000000451002
61601002000121	20250509	1	11002000107	6981002000101	591002000100	1	41002000106	900000000000011006	900000000000451002
61611002000124	20250509	1	11002000107	6981002000101	601002000106	1	41002000106	900000000000011006	900000000000451002
61621002000129	20250509	1	11002000107	6981002000101	671002000102	1	41002000106	900000000000011006	900000000000451002
61631002000126	20250509	1	11002000107	6981002000101	711002000103	1	41002000106	900000000000011006	900000000000451002
61641002000123	20250509	1	11002000107	6981002000101	551002000109	1	41002000106	900000000000011006	900000000000451002
61651002000120	20250509	1	11002000107	6981002000101	611002000109	1	41002000106	900000000000011006	900000000000451002
61661002000122	20250509	1	11002000107	6981002000101	681002000104	1	41002000106	900000000000011006	900000000000451002
61671002000128	20250509	1	11002000107	6981002000101	741002000104	1	41002000106	900000000000011006	900000000000451002
61681002000125	20250509	1	11002000107	6981002000101	621002000103	1	41002000106	900000000000011006	900000000000451002
61691002000127	20250509	1	11002000107	6981002000101	691002000101	1	41002000106	900000000000011006	900000000000451002
61701002000127	20250509	1	11002000107	6981002000101	581002000103	1	41002000106	900000000000011006	900000000000451002
61711002000129	20250509	1	11002000107	6981002000101	701002000101	1	41002000106	900000000000011006	900000000000451002
61721002000124	20250509	1	11002000107	6981002000101	651002000105	1	41002000106	900000000000011006	900000000000451002
61731002000122	20250509	1	11002000107	6981002000101	731002000107	1	41002000106	900000000000011006	900000000000451002
61741002000125	20250509	1	11002000107	6981002000101	541002000107	1	41002000106	900000000000011006	900000000000451002
61761002000126	20250509	1	11002000107	6981002000101	571002000101	1	41002000106	900000000000011006	900000000000451002
61771002000120	20250509	1	11002000107	6981002000101	721002000109	1	41002000106	900000000000011006	900000000000451002
61781002000123	20250509	1	11002000107	6981002000101	531002000104	1	41002000106	900000000000011006	900000000000451002
61791002000121	20250509	1	11002000107	6981002000101	318331000221102	0	766939001	900000000000011006	900000000000451002
61801002000122	20250509	1	11002000107	6981002000101	631002000100	1	41002000106	900000000000011006	900000000000451002
61811002000120	20250509	1	11002000107	6981002000101	661002000107	1	41002000106	900000000000011006	900000000000451002
61821002000125	20250509	1	11002000107	7001002000109	6991002000103	1	41002000106	900000000000011006	900000000000451002
61831002000127	20250509	1	11002000107	7001002000109	318331000221102	0	766939001	900000000000011006	900000000000451002
61851002000121	20250509	1	11002000107	7011002000107	121002000108	1	41002000106	900000000000011006	900000000000451002
61861002000123	20250509	1	11002000107	7011002000107	891002000102	1	41002000106	900000000000011006	900000000000451002
61871002000129	20250509	1	11002000107	7011002000107	901002000103	1	41002000106	900000000000011006	900000000000451002
61881002000126	20250509	1	11002000107	7011002000107	131002000106	1	41002000106	900000000000011006	900000000000451002
61891002000128	20250509	1	11002000107	7011002000107	318331000221102	0	766939001	900000000000011006	900000000000451002
61911002000126	20250509	1	11002000107	7021002000101	121002000108	1	41002000106	900000000000011006	900000000000451002
61921002000121	20250509	1	11002000107	7021002000101	131002000106	1	41002000106	900000000000011006	900000000000451002
61931002000124	20250509	1	11002000107	7021002000101	111002000102	1	41002000106	900000000000011006	900000000000451002
61941002000127	20250509	1	11002000107	7021002000101	318331000221102	0	766939001	900000000000011006	900000000000451002
61961002000128	20250509	1	11002000107	7021002000101	331002000108	1	41002000106	900000000000011006	900000000000451002
61971002000122	20250509	1	11002000107	7031002000103	318331000221102	0	766939001	900000000000011006	900000000000451002
61991002000123	20250509	1	11002000107	7031002000103	51002000108	1	41002000106	900000000000011006	900000000000451002
62001002000120	20250509	1	11002000107	7041002000106	318331000221102	0	766939001	900000000000011006	900000000000451002
62021002000128	20250509	1	11002000107	7041002000106	71002000100	1	41002000106	900000000000011006	900000000000451002
62031002000125	20250509	1	11002000107	7051002000108	121002000108	1	41002000106	900000000000011006	900000000000451002
62041002000122	20250509	1	11002000107	7051002000108	901002000103	1	41002000106	900000000000011006	900000000000451002
62051002000124	20250509	1	11002000107	7051002000108	131002000106	1	41002000106	900000000000011006	900000000000451002
62061002000121	20250509	1	11002000107	7051002000108	318331000221102	0	766939001	900000000000011006	900000000000451002
62081002000129	20250509	1	11002000107	7061002000105	318331000221102	0	766939001	900000000000011006	900000000000451002
62101002000124	20250509	1	11002000107	7061002000105	1031002000106	1	41002000106	900000000000011006	900000000000451002
62111002000122	20250509	1	11002000107	7071002000100	318331000221102	0	766939001	900000000000011006	900000000000451002
62131002000129	20250509	1	11002000107	7071002000100	71002000100	1	41002000106	900000000000011006	900000000000451002
62141002000121	20250509	1	11002000107	7081002000102	131002000106	1	41002000106	900000000000011006	900000000000451002
62151002000123	20250509	1	11002000107	7081002000102	111002000102	1	41002000106	900000000000011006	900000000000451002
62161002000120	20250509	1	11002000107	7081002000102	318331000221102	0	766939001	900000000000011006	900000000000451002
62181002000128	20250509	1	11002000107	7081002000102	331002000108	1	41002000106	900000000000011006	900000000000451002
62191002000125	20250509	1	11002000107	7091002000104	131002000106	1	41002000106	900000000000011006	900000000000451002
62201002000127	20250509	1	11002000107	7091002000104	111002000102	1	41002000106	900000000000011006	900000000000451002
62211002000129	20250509	1	11002000107	7091002000104	318331000221102	0	766939001	900000000000011006	900000000000451002
62231002000122	20250509	1	11002000107	7091002000104	51002000108	1	41002000106	900000000000011006	900000000000451002
62241002000125	20250509	1	11002000107	7091002000104	331002000108	1	41002000106	900000000000011006	900000000000451002
62251002000128	20250509	1	11002000107	7101002000108	4301002000101	1	41002000106	900000000000011006	900000000000451002
62261002000126	20250509	1	11002000107	7101002000108	763158003	0	116680003	900000000000011006	900000000000451002
62271002000120	20250509	1	11002000107	7101002000108	871530006	0	766939001	900000000000011006	900000000000451002
62281002000123	20250509	1	11002000107	7111002000106	4301002000101	1	41002000106	900000000000011006	900000000000451002
62291002000121	20250509	1	11002000107	7111002000106	763158003	0	116680003	900000000000011006	900000000000451002
62301002000122	20250509	1	11002000107	7111002000106	871530006	0	766939001	900000000000011006	900000000000451002
62311002000120	20250509	1	11002000107	7131002000102	318331000221102	0	766939001	900000000000011006	900000000000451002
62331002000127	20250509	1	11002000107	7131002000102	7121002000100	1	41002000106	900000000000011006	900000000000451002
62341002000124	20250509	1	11002000107	7141002000105	121002000108	1	41002000106	900000000000011006	900000000000451002
62351002000121	20250509	1	11002000107	7141002000105	891002000102	1	41002000106	900000000000011006	900000000000451002
62361002000123	20250509	1	11002000107	7141002000105	901002000103	1	41002000106	900000000000011006	900000000000451002
62371002000129	20250509	1	11002000107	7141002000105	131002000106	1	41002000106	900000000000011006	900000000000451002
62381002000126	20250509	1	11002000107	7141002000105	318331000221102	0	766939001	900000000000011006	900000000000451002
62401002000126	20250509	1	11002000107	7161002000109	318331000221102	0	766939001	900000000000011006	900000000000451002
62421002000123	20250509	1	11002000107	7161002000109	7151002000107	1	41002000106	900000000000011006	900000000000451002
62431002000121	20250509	1	11002000107	7171002000104	318331000221102	0	766939001	900000000000011006	900000000000451002
62451002000127	20250509	1	11002000107	7171002000104	1111002000103	1	41002000106	900000000000011006	900000000000451002
62461002000125	20250509	1	11002000107	7181002000101	1071002000109	1	41002000106	900000000000011006	900000000000451002
62471002000124	20250509	1	11002000107	7181002000101	318331000221102	0	766939001	900000000000011006	900000000000451002
62481002000122	20250509	1	11002000107	7181002000101	1081002000107	1	41002000106	900000000000011006	900000000000451002
62501002000125	20250509	1	11002000107	7191002000103	1271002000100	1	41002000106	900000000000011006	900000000000451002
62511002000127	20250509	1	11002000107	7191002000103	318331000221102	0	766939001	900000000000011006	900000000000451002
62531002000120	20250509	1	11002000107	7201002000100	1271002000100	1	41002000106	900000000000011006	900000000000451002
62541002000128	20250509	1	11002000107	7201002000100	318331000221102	0	766939001	900000000000011006	900000000000451002
62561002000129	20250509	1	11002000107	7211002000102	501002000105	1	41002000106	900000000000011006	900000000000451002
62571002000123	20250509	1	11002000107	7211002000102	318331000221102	0	766939001	900000000000011006	900000000000451002
62581002000121	20250509	1	11002000107	7211002000102	6101002000106	1	41002000106	900000000000011006	900000000000451002
62591002000124	20250509	1	11002000107	7211002000102	6111002000109	1	41002000106	900000000000011006	900000000000451002
62611002000126	20250509	1	11002000107	7211002000102	4121002000107	1	41002000106	900000000000011006	900000000000451002
62621002000121	20250509	1	11002000107	7221002000108	318331000221102	0	766939001	900000000000011006	900000000000451002
62641002000127	20250509	1	11002000107	7221002000108	6921002000100	1	41002000106	900000000000011006	900000000000451002
62651002000125	20250509	1	11002000107	7231002000106	251002000107	1	41002000106	900000000000011006	900000000000451002
62661002000128	20250509	1	11002000107	7231002000106	131002000106	1	41002000106	900000000000011006	900000000000451002
62671002000122	20250509	1	11002000107	7231002000106	111002000102	1	41002000106	900000000000011006	900000000000451002
62691002000123	20250509	1	11002000107	7231002000106	318331000221102	0	766939001	900000000000011006	900000000000451002
62701002000123	20250509	1	11002000107	7231002000106	331002000108	1	41002000106	900000000000011006	900000000000451002
62711002000121	20250509	1	11002000107	7231002000106	2461002000100	1	41002000106	900000000000011006	900000000000451002
62721002000126	20250509	1	11002000107	7241002000103	251002000107	1	41002000106	900000000000011006	900000000000451002
62731002000128	20250509	1	11002000107	7241002000103	1391002000108	1	41002000106	900000000000011006	900000000000451002
62741002000120	20250509	1	11002000107	7241002000103	131002000106	1	41002000106	900000000000011006	900000000000451002
62751002000122	20250509	1	11002000107	7241002000103	111002000102	1	41002000106	900000000000011006	900000000000451002
62771002000125	20250509	1	11002000107	7241002000103	318331000221102	0	766939001	900000000000011006	900000000000451002
62781002000127	20250509	1	11002000107	7241002000103	2461002000100	1	41002000106	900000000000011006	900000000000451002
62791002000129	20250509	1	11002000107	7251002000101	251002000107	1	41002000106	900000000000011006	900000000000451002
62801002000128	20250509	1	11002000107	7251002000101	131002000106	1	41002000106	900000000000011006	900000000000451002
62811002000125	20250509	1	11002000107	7251002000101	111002000102	1	41002000106	900000000000011006	900000000000451002
62821002000120	20250509	1	11002000107	7251002000101	2371002000104	1	41002000106	900000000000011006	900000000000451002
62841002000126	20250509	1	11002000107	7251002000101	318331000221102	0	766939001	900000000000011006	900000000000451002
62851002000129	20250509	1	11002000107	7251002000101	2461002000100	1	41002000106	900000000000011006	900000000000451002
62861002000127	20250509	1	11002000107	7261002000104	1811002000106	1	41002000106	900000000000011006	900000000000451002
62871002000121	20250509	1	11002000107	7261002000104	1821002000100	1	41002000106	900000000000011006	900000000000451002
62881002000124	20250509	1	11002000107	7261002000104	318331000221102	0	766939001	900000000000011006	900000000000451002
62901002000121	20250509	1	11002000107	7271002000109	131002000106	1	41002000106	900000000000011006	900000000000451002
62911002000124	20250509	1	11002000107	7271002000109	111002000102	1	41002000106	900000000000011006	900000000000451002
62921002000129	20250509	1	11002000107	7271002000109	2371002000104	1	41002000106	900000000000011006	900000000000451002
62931002000126	20250509	1	11002000107	7271002000109	318331000221102	0	766939001	900000000000011006	900000000000451002
62951002000120	20250509	1	11002000107	7281002000107	131002000106	1	41002000106	900000000000011006	900000000000451002
62961002000122	20250509	1	11002000107	7281002000107	111002000102	1	41002000106	900000000000011006	900000000000451002
62971002000128	20250509	1	11002000107	7281002000107	318331000221102	0	766939001	900000000000011006	900000000000451002
62991002000127	20250509	1	11002000107	7281002000107	331002000108	1	41002000106	900000000000011006	900000000000451002
63001002000126	20250509	1	11002000107	7291002000105	1391002000108	1	41002000106	900000000000011006	900000000000451002
63011002000128	20250509	1	11002000107	7291002000105	131002000106	1	41002000106	900000000000011006	900000000000451002
63021002000123	20250509	1	11002000107	7291002000105	111002000102	1	41002000106	900000000000011006	900000000000451002
63031002000121	20250509	1	11002000107	7291002000105	318331000221102	0	766939001	900000000000011006	900000000000451002
63051002000127	20250509	1	11002000107	7301002000106	891002000102	1	41002000106	900000000000011006	900000000000451002
63061002000125	20250509	1	11002000107	7301002000106	901002000103	1	41002000106	900000000000011006	900000000000451002
63071002000124	20250509	1	11002000107	7301002000106	131002000106	1	41002000106	900000000000011006	900000000000451002
63081002000122	20250509	1	11002000107	7301002000106	318331000221102	0	766939001	900000000000011006	900000000000451002
63101002000127	20250509	1	11002000107	7311002000109	251002000107	1	41002000106	900000000000011006	900000000000451002
63111002000129	20250509	1	11002000107	7311002000109	1391002000108	1	41002000106	900000000000011006	900000000000451002
63121002000124	20250509	1	11002000107	7311002000109	131002000106	1	41002000106	900000000000011006	900000000000451002
63131002000122	20250509	1	11002000107	7311002000109	111002000102	1	41002000106	900000000000011006	900000000000451002
63151002000128	20250509	1	11002000107	7311002000109	51002000108	1	41002000106	900000000000011006	900000000000451002
63161002000126	20250509	1	11002000107	7311002000109	318331000221102	0	766939001	900000000000011006	900000000000451002
63171002000120	20250509	1	11002000107	7321002000103	1391002000108	1	41002000106	900000000000011006	900000000000451002
63181002000123	20250509	1	11002000107	7321002000103	131002000106	1	41002000106	900000000000011006	900000000000451002
63191002000121	20250509	1	11002000107	7321002000103	111002000102	1	41002000106	900000000000011006	900000000000451002
63201002000124	20250509	1	11002000107	7321002000103	318331000221102	0	766939001	900000000000011006	900000000000451002
63221002000127	20250509	1	11002000107	7331002000100	131002000106	1	41002000106	900000000000011006	900000000000451002
63231002000129	20250509	1	11002000107	7331002000100	111002000102	1	41002000106	900000000000011006	900000000000451002
63241002000121	20250509	1	11002000107	7331002000100	318331000221102	0	766939001	900000000000011006	900000000000451002
63261002000120	20250509	1	11002000107	7331002000100	331002000108	1	41002000106	900000000000011006	900000000000451002
63271002000126	20250509	1	11002000107	7341002000108	891002000102	1	41002000106	900000000000011006	900000000000451002
63281002000128	20250509	1	11002000107	7341002000108	901002000103	1	41002000106	900000000000011006	900000000000451002
63291002000125	20250509	1	11002000107	7341002000108	131002000106	1	41002000106	900000000000011006	900000000000451002
63301002000129	20250509	1	11002000107	7341002000108	318331000221102	0	766939001	900000000000011006	900000000000451002
63321002000121	20250509	1	11002000107	7351002000105	121002000108	1	41002000106	900000000000011006	900000000000451002
63331002000124	20250509	1	11002000107	7351002000105	131002000106	1	41002000106	900000000000011006	900000000000451002
63341002000127	20250509	1	11002000107	7351002000105	318331000221102	0	766939001	900000000000011006	900000000000451002
63361002000128	20250509	1	11002000107	7371002000102	7361002000107	1	41002000106	900000000000011006	900000000000451002
63371002000122	20250509	1	11002000107	7371002000102	318331000221102	0	766939001	900000000000011006	900000000000451002
63391002000123	20250509	1	11002000107	7381002000104	501002000105	1	41002000106	900000000000011006	900000000000451002
63401002000120	20250509	1	11002000107	7381002000104	318331000221102	0	766939001	900000000000011006	900000000000451002
63421002000128	20250509	1	11002000107	7391002000101	391002000107	1	41002000106	900000000000011006	900000000000451002
63431002000125	20250509	1	11002000107	7391002000101	381002000109	1	41002000106	900000000000011006	900000000000451002
63441002000122	20250509	1	11002000107	7391002000101	318331000221102	0	766939001	900000000000011006	900000000000451002
63461002000121	20250509	1	11002000107	7401002000104	391002000107	1	41002000106	900000000000011006	900000000000451002
63471002000127	20250509	1	11002000107	7401002000104	318331000221102	0	766939001	900000000000011006	900000000000451002
63491002000126	20250509	1	11002000107	7401002000104	371002000106	1	41002000106	900000000000011006	900000000000451002
63501002000121	20250509	1	11002000107	7411002000101	391002000107	1	41002000106	900000000000011006	900000000000451002
63511002000124	20250509	1	11002000107	7411002000101	318331000221102	0	766939001	900000000000011006	900000000000451002
63531002000126	20250509	1	11002000107	7411002000101	371002000106	1	41002000106	900000000000011006	900000000000451002
63541002000123	20250509	1	11002000107	7421002000107	391002000107	1	41002000106	900000000000011006	900000000000451002
63551002000120	20250509	1	11002000107	7421002000107	318331000221102	0	766939001	900000000000011006	900000000000451002
63571002000128	20250509	1	11002000107	7431002000105	391002000107	1	41002000106	900000000000011006	900000000000451002
63581002000125	20250509	1	11002000107	7431002000105	381002000109	1	41002000106	900000000000011006	900000000000451002
63591002000127	20250509	1	11002000107	7431002000105	318331000221102	0	766939001	900000000000011006	900000000000451002
63611002000120	20250509	1	11002000107	7441002000102	391002000107	1	41002000106	900000000000011006	900000000000451002
63621002000125	20250509	1	11002000107	7441002000102	318331000221102	0	766939001	900000000000011006	900000000000451002
63641002000124	20250509	1	11002000107	7451002000100	391002000107	1	41002000106	900000000000011006	900000000000451002
63651002000121	20250509	1	11002000107	7451002000100	381002000109	1	41002000106	900000000000011006	900000000000451002
63661002000123	20250509	1	11002000107	7451002000100	318331000221102	0	766939001	900000000000011006	900000000000451002
63681002000126	20250509	1	11002000107	7451002000100	371002000106	1	41002000106	900000000000011006	900000000000451002
63691002000128	20250509	1	11002000107	7461002000103	318331000221102	0	766939001	900000000000011006	900000000000451002
63711002000125	20250509	1	11002000107	7461002000103	461002000105	1	41002000106	900000000000011006	900000000000451002
63721002000120	20250509	1	11002000107	7471002000108	1801002000108	1	41002000106	900000000000011006	900000000000451002
63731002000123	20250509	1	11002000107	7471002000108	1811002000106	1	41002000106	900000000000011006	900000000000451002
63741002000126	20250509	1	11002000107	7471002000108	1821002000100	1	41002000106	900000000000011006	900000000000451002
63751002000129	20250509	1	11002000107	7471002000108	318331000221102	0	766939001	900000000000011006	900000000000451002
63771002000121	20250509	1	11002000107	7491002000109	7481002000106	1	41002000106	900000000000011006	900000000000451002
63781002000124	20250509	1	11002000107	7491002000109	318331000221102	0	766939001	900000000000011006	900000000000451002
63801002000123	20250509	1	11002000107	7511002000100	318331000221102	0	766939001	900000000000011006	900000000000451002
63821002000126	20250509	1	11002000107	7511002000100	7501002000103	1	41002000106	900000000000011006	900000000000451002
63831002000128	20250509	1	11002000107	7521002000106	318331000221102	0	766939001	900000000000011006	900000000000451002
63851002000122	20250509	1	11002000107	7521002000106	71002000100	1	41002000106	900000000000011006	900000000000451002
63861002000124	20250509	1	11002000107	7531002000109	318331000221102	0	766939001	900000000000011006	900000000000451002
63881002000127	20250509	1	11002000107	7531002000109	6521002000109	1	41002000106	900000000000011006	900000000000451002
63891002000129	20250509	1	11002000107	7541002000101	131002000106	1	41002000106	900000000000011006	900000000000451002
63901002000125	20250509	1	11002000107	7541002000101	111002000102	1	41002000106	900000000000011006	900000000000451002
63911002000127	20250509	1	11002000107	7541002000101	318331000221102	0	766939001	900000000000011006	900000000000451002
63931002000120	20250509	1	11002000107	7551002000104	121002000108	1	41002000106	900000000000011006	900000000000451002
63941002000128	20250509	1	11002000107	7551002000104	318331000221102	0	766939001	900000000000011006	900000000000451002
63961002000129	20250509	1	11002000107	7561002000102	121002000108	1	41002000106	900000000000011006	900000000000451002
63971002000123	20250509	1	11002000107	7561002000102	891002000102	1	41002000106	900000000000011006	900000000000451002
63981002000121	20250509	1	11002000107	7561002000102	901002000103	1	41002000106	900000000000011006	900000000000451002
63991002000124	20250509	1	11002000107	7561002000102	131002000106	1	41002000106	900000000000011006	900000000000451002
64001002000128	20250509	1	11002000107	7561002000102	318331000221102	0	766939001	900000000000011006	900000000000451002
64021002000120	20250509	1	11002000107	7571002000107	251002000107	1	41002000106	900000000000011006	900000000000451002
64031002000123	20250509	1	11002000107	7571002000107	1391002000108	1	41002000106	900000000000011006	900000000000451002
64041002000126	20250509	1	11002000107	7571002000107	131002000106	1	41002000106	900000000000011006	900000000000451002
64051002000129	20250509	1	11002000107	7571002000107	111002000102	1	41002000106	900000000000011006	900000000000451002
64071002000121	20250509	1	11002000107	7571002000107	51002000108	1	41002000106	900000000000011006	900000000000451002
64081002000124	20250509	1	11002000107	7571002000107	318331000221102	0	766939001	900000000000011006	900000000000451002
64091002000122	20250509	1	11002000107	7581002000105	1391002000108	1	41002000106	900000000000011006	900000000000451002
64101002000129	20250509	1	11002000107	7581002000105	501002000105	1	41002000106	900000000000011006	900000000000451002
64111002000126	20250509	1	11002000107	7581002000105	131002000106	1	41002000106	900000000000011006	900000000000451002
64121002000121	20250509	1	11002000107	7581002000105	111002000102	1	41002000106	900000000000011006	900000000000451002
64141002000127	20250509	1	11002000107	7581002000105	51002000108	1	41002000106	900000000000011006	900000000000451002
64151002000125	20250509	1	11002000107	7581002000105	318331000221102	0	766939001	900000000000011006	900000000000451002
64161002000128	20250509	1	11002000107	7581002000105	4121002000107	1	41002000106	900000000000011006	900000000000451002
64171002000122	20250509	1	11002000107	7601002000102	318331000221102	0	766939001	900000000000011006	900000000000451002
64191002000123	20250509	1	11002000107	7601002000102	7591002000108	1	41002000106	900000000000011006	900000000000451002
64201002000121	20250509	1	11002000107	7641002000100	7631002000108	1	41002000106	900000000000011006	900000000000451002
64211002000124	20250509	1	11002000107	7641002000100	7621002000105	1	41002000106	900000000000011006	900000000000451002
64221002000129	20250509	1	11002000107	7641002000100	2571002000109	1	41002000106	900000000000011006	900000000000451002
64231002000126	20250509	1	11002000107	7641002000100	7611002000104	1	41002000106	900000000000011006	900000000000451002
64241002000123	20250509	1	11002000107	7641002000100	318331000221102	0	766939001	900000000000011006	900000000000451002
64261002000122	20250509	1	11002000107	7661002000101	318331000221102	0	766939001	900000000000011006	900000000000451002
64281002000125	20250509	1	11002000107	7661002000101	7651002000103	1	41002000106	900000000000011006	900000000000451002
64291002000127	20250509	1	11002000107	7671002000106	391002000107	1	41002000106	900000000000011006	900000000000451002
64301002000126	20250509	1	11002000107	7671002000106	381002000109	1	41002000106	900000000000011006	900000000000451002
64311002000128	20250509	1	11002000107	7671002000106	318331000221102	0	766939001	900000000000011006	900000000000451002
64331002000121	20250509	1	11002000107	7671002000106	371002000106	1	41002000106	900000000000011006	900000000000451002
64341002000129	20250509	1	11002000107	7681002000109	201002000108	1	41002000106	900000000000011006	900000000000451002
64351002000127	20250509	1	11002000107	7681002000109	191002000105	1	41002000106	900000000000011006	900000000000451002
64361002000125	20250509	1	11002000107	7681002000109	318331000221102	0	766939001	900000000000011006	900000000000451002
64381002000122	20250509	1	11002000107	7681002000109	1141002000104	1	41002000106	900000000000011006	900000000000451002
64391002000120	20250509	1	11002000107	7691002000107	2691002000109	1	41002000106	900000000000011006	900000000000451002
64401002000122	20250509	1	11002000107	7691002000107	318331000221102	0	766939001	900000000000011006	900000000000451002
64421002000125	20250509	1	11002000107	7711002000105	318331000221102	0	766939001	900000000000011006	900000000000451002
64441002000124	20250509	1	11002000107	7711002000105	7701002000107	1	41002000106	900000000000011006	900000000000451002
64451002000121	20250509	1	11002000107	7721002000104	318331000221102	0	766939001	900000000000011006	900000000000451002
64471002000129	20250509	1	11002000107	7721002000104	7591002000108	1	41002000106	900000000000011006	900000000000451002
64481002000126	20250509	1	11002000107	7741002000109	318331000221102	0	766939001	900000000000011006	900000000000451002
64501002000123	20250509	1	11002000107	7741002000109	7731002000101	1	41002000106	900000000000011006	900000000000451002
64511002000121	20250509	1	11002000107	7761002000108	7751002000106	1	41002000106	900000000000011006	900000000000451002
64521002000126	20250509	1	11002000107	7761002000108	318331000221102	0	766939001	900000000000011006	900000000000451002
64541002000120	20250509	1	11002000107	7781002000100	318331000221102	0	766939001	900000000000011006	900000000000451002
64561002000124	20250509	1	11002000107	7781002000100	7771002000103	1	41002000106	900000000000011006	900000000000451002
64571002000125	20250509	1	11002000107	7791002000102	251002000107	1	41002000106	900000000000011006	900000000000451002
64581002000127	20250509	1	11002000107	7791002000102	1321002000106	1	41002000106	900000000000011006	900000000000451002
64591002000129	20250509	1	11002000107	7791002000102	318331000221102	0	766939001	900000000000011006	900000000000451002
64611002000122	20250509	1	11002000107	7801002000101	318331000221102	0	766939001	900000000000011006	900000000000451002
64631002000129	20250509	1	11002000107	7801002000101	1301002000103	1	41002000106	900000000000011006	900000000000451002
64641002000121	20250509	1	11002000107	7801002000101	1171002000105	1	41002000106	900000000000011006	900000000000451002
64651002000123	20250509	1	11002000107	7811002000103	318331000221102	0	766939001	900000000000011006	900000000000451002
64661002000120	20250509	1	11002000107	7811002000103	2381002000101	1	41002000106	900000000000011006	900000000000451002
64681002000128	20250509	1	11002000107	7831002000107	7821002000109	1	41002000106	900000000000011006	900000000000451002
64691002000125	20250509	1	11002000107	7831002000107	318331000221102	0	766939001	900000000000011006	900000000000451002
64711002000127	20250509	1	11002000107	7851002000102	318331000221102	0	766939001	900000000000011006	900000000000451002
64731002000120	20250509	1	11002000107	7851002000102	7841002000104	1	41002000106	900000000000011006	900000000000451002
64741002000128	20250509	1	11002000107	7871002000105	318331000221102	0	766939001	900000000000011006	900000000000451002
64761002000129	20250509	1	11002000107	7871002000105	7861002000100	1	41002000106	900000000000011006	900000000000451002
64771002000123	20250509	1	11002000107	7891002000106	318331000221102	0	766939001	900000000000011006	900000000000451002
64781002000121	20250509	1	11002000107	7891002000106	7881002000108	1	41002000106	900000000000011006	900000000000451002
64801002000120	20250509	1	11002000107	7901002000105	318331000221102	0	766939001	900000000000011006	900000000000451002
64821002000128	20250509	1	11002000107	7901002000105	7841002000104	1	41002000106	900000000000011006	900000000000451002
64831002000125	20250509	1	11002000107	7921002000102	7911002000108	1	41002000106	900000000000011006	900000000000451002
64841002000122	20250509	1	11002000107	7921002000102	318331000221102	0	766939001	900000000000011006	900000000000451002
64861002000121	20250509	1	11002000107	7931002000104	7911002000108	1	41002000106	900000000000011006	900000000000451002
64871002000127	20250509	1	11002000107	7931002000104	318331000221102	0	766939001	900000000000011006	900000000000451002
64891002000126	20250509	1	11002000107	7941002000107	7911002000108	1	41002000106	900000000000011006	900000000000451002
64901002000127	20250509	1	11002000107	7941002000107	318331000221102	0	766939001	900000000000011006	900000000000451002
64921002000124	20250509	1	11002000107	7951002000109	7911002000108	1	41002000106	900000000000011006	900000000000451002
64931002000122	20250509	1	11002000107	7951002000109	318331000221102	0	766939001	900000000000011006	900000000000451002
64951002000128	20250509	1	11002000107	7961002000106	7751002000106	1	41002000106	900000000000011006	900000000000451002
64961002000126	20250509	1	11002000107	7961002000106	318331000221102	0	766939001	900000000000011006	900000000000451002
64981002000123	20250509	1	11002000107	7981002000103	7971002000101	1	41002000106	900000000000011006	900000000000451002
64991002000121	20250509	1	11002000107	7981002000103	318331000221102	0	766939001	900000000000011006	900000000000451002
65011002000129	20250509	1	11002000107	8001002000108	7991002000100	1	41002000106	900000000000011006	900000000000451002
65021002000124	20250509	1	11002000107	8001002000108	318331000221102	0	766939001	900000000000011006	900000000000451002
65041002000125	20250509	1	11002000107	8011002000106	318331000221102	0	766939001	900000000000011006	900000000000451002
65051002000128	20250509	1	11002000107	8011002000106	7881002000108	1	41002000106	900000000000011006	900000000000451002
65071002000120	20250509	1	11002000107	8031002000102	318331000221102	0	766939001	900000000000011006	900000000000451002
65091002000121	20250509	1	11002000107	8031002000102	8021002000100	1	41002000106	900000000000011006	900000000000451002
65101002000128	20250509	1	11002000107	8051002000107	318331000221102	0	766939001	900000000000011006	900000000000451002
65121002000120	20250509	1	11002000107	8051002000107	8041002000105	1	41002000106	900000000000011006	900000000000451002
65131002000123	20250509	1	11002000107	8071002000104	318331000221102	0	766939001	900000000000011006	900000000000451002
65151002000129	20250509	1	11002000107	8071002000104	8061002000109	1	41002000106	900000000000011006	900000000000451002
65161002000127	20250509	1	11002000107	8081002000101	318331000221102	0	766939001	900000000000011006	900000000000451002
65181002000124	20250509	1	11002000107	8081002000101	8061002000109	1	41002000106	900000000000011006	900000000000451002
65191002000122	20250509	1	11002000107	8091002000103	318331000221102	0	766939001	900000000000011006	900000000000451002
65211002000123	20250509	1	11002000107	8091002000103	8061002000109	1	41002000106	900000000000011006	900000000000451002
65221002000128	20250509	1	11002000107	8111002000105	8101002000107	1	41002000106	900000000000011006	900000000000451002
65231002000125	20250509	1	11002000107	8111002000105	318331000221102	0	766939001	900000000000011006	900000000000451002
65251002000124	20250509	1	11002000107	8121002000104	318331000221102	0	766939001	900000000000011006	900000000000451002
65271002000127	20250509	1	11002000107	8121002000104	8021002000100	1	41002000106	900000000000011006	900000000000451002
65281002000129	20250509	1	11002000107	8131002000101	318331000221102	0	766939001	900000000000011006	900000000000451002
65301002000125	20250509	1	11002000107	8131002000101	8021002000100	1	41002000106	900000000000011006	900000000000451002
65311002000127	20250509	1	11002000107	8141002000109	318331000221102	0	766939001	900000000000011006	900000000000451002
65331002000120	20250509	1	11002000107	8141002000109	8021002000100	1	41002000106	900000000000011006	900000000000451002
65341002000128	20250509	1	11002000107	8161002000108	8151002000106	1	41002000106	900000000000011006	900000000000451002
65351002000126	20250509	1	11002000107	8161002000108	318331000221102	0	766939001	900000000000011006	900000000000451002
65371002000123	20250509	1	11002000107	8181002000100	318331000221102	0	766939001	900000000000011006	900000000000451002
65391002000124	20250509	1	11002000107	8181002000100	8171002000103	1	41002000106	900000000000011006	900000000000451002
65401002000121	20250509	1	11002000107	8191002000102	7751002000106	1	41002000106	900000000000011006	900000000000451002
65411002000124	20250509	1	11002000107	8191002000102	318331000221102	0	766939001	900000000000011006	900000000000451002
65431002000126	20250509	1	11002000107	8201002000104	318331000221102	0	766939001	900000000000011006	900000000000451002
65451002000120	20250509	1	11002000107	8201002000104	8041002000105	1	41002000106	900000000000011006	900000000000451002
65461002000122	20250509	1	11002000107	8211002000101	318331000221102	0	766939001	900000000000011006	900000000000451002
65481002000125	20250509	1	11002000107	8211002000101	6471002000106	1	41002000106	900000000000011006	900000000000451002
65491002000127	20250509	1	11002000107	8231002000105	8221002000107	1	41002000106	900000000000011006	900000000000451002
65501002000122	20250509	1	11002000107	8231002000105	318331000221102	0	766939001	900000000000011006	900000000000451002
65521002000125	20250509	1	11002000107	8241002000102	318331000221102	0	766939001	900000000000011006	900000000000451002
65541002000124	20250509	1	11002000107	8241002000102	7841002000104	1	41002000106	900000000000011006	900000000000451002
65551002000121	20250509	1	11002000107	8251002000100	8221002000107	1	41002000106	900000000000011006	900000000000451002
65561002000123	20250509	1	11002000107	8251002000100	318331000221102	0	766939001	900000000000011006	900000000000451002
65581002000126	20250509	1	11002000107	8261002000103	8221002000107	1	41002000106	900000000000011006	900000000000451002
65591002000128	20250509	1	11002000107	8261002000103	318331000221102	0	766939001	900000000000011006	900000000000451002
65611002000121	20250509	1	11002000107	8271002000108	8221002000107	1	41002000106	900000000000011006	900000000000451002
65621002000126	20250509	1	11002000107	8271002000108	318331000221102	0	766939001	900000000000011006	900000000000451002
65641002000120	20250509	1	11002000107	8291002000109	8281002000106	1	41002000106	900000000000011006	900000000000451002
65651002000122	20250509	1	11002000107	8291002000109	318331000221102	0	766939001	900000000000011006	900000000000451002
65671002000125	20250509	1	11002000107	8301002000105	8221002000107	1	41002000106	900000000000011006	900000000000451002
65681002000127	20250509	1	11002000107	8301002000105	318331000221102	0	766939001	900000000000011006	900000000000451002
65701002000129	20250509	1	11002000107	8311002000108	318331000221102	0	766939001	900000000000011006	900000000000451002
65721002000121	20250509	1	11002000107	8311002000108	7771002000103	1	41002000106	900000000000011006	900000000000451002
65731002000124	20250509	1	11002000107	8321002000102	8221002000107	1	41002000106	900000000000011006	900000000000451002
65741002000127	20250509	1	11002000107	8321002000102	318331000221102	0	766939001	900000000000011006	900000000000451002
65761002000128	20250509	1	11002000107	8331002000104	318331000221102	0	766939001	900000000000011006	900000000000451002
65771002000122	20250509	1	11002000107	8331002000104	7881002000108	1	41002000106	900000000000011006	900000000000451002
65791002000123	20250509	1	11002000107	8341002000107	318331000221102	0	766939001	900000000000011006	900000000000451002
65811002000122	20250509	1	11002000107	8341002000107	7771002000103	1	41002000106	900000000000011006	900000000000451002
65821002000127	20250509	1	11002000107	8361002000106	8351002000109	1	41002000106	900000000000011006	900000000000451002
65831002000129	20250509	1	11002000107	8361002000106	318331000221102	0	766939001	900000000000011006	900000000000451002
65851002000123	20250509	1	11002000107	8371002000101	8151002000106	1	41002000106	900000000000011006	900000000000451002
65861002000120	20250509	1	11002000107	8371002000101	318331000221102	0	766939001	900000000000011006	900000000000451002
65881002000128	20250509	1	11002000107	8381002000103	318331000221102	0	766939001	900000000000011006	900000000000451002
65901002000126	20250509	1	11002000107	8381002000103	7841002000104	1	41002000106	900000000000011006	900000000000451002
65911002000128	20250509	1	11002000107	8401002000103	318331000221102	0	766939001	900000000000011006	900000000000451002
65921002000123	20250509	1	11002000107	8401002000103	8391002000100	1	41002000106	900000000000011006	900000000000451002
65941002000129	20250509	1	11002000107	8411002000100	318331000221102	0	766939001	900000000000011006	900000000000451002
65961002000125	20250509	1	11002000107	8411002000100	7771002000103	1	41002000106	900000000000011006	900000000000451002
65971002000124	20250509	1	11002000107	8421002000106	318331000221102	0	766939001	900000000000011006	900000000000451002
65981002000122	20250509	1	11002000107	8421002000106	8391002000100	1	41002000106	900000000000011006	900000000000451002
66001002000121	20250509	1	11002000107	8431002000109	7911002000108	1	41002000106	900000000000011006	900000000000451002
66011002000124	20250509	1	11002000107	8431002000109	318331000221102	0	766939001	900000000000011006	900000000000451002
66031002000126	20250509	1	11002000107	8441002000101	318331000221102	0	766939001	900000000000011006	900000000000451002
66041002000123	20250509	1	11002000107	8441002000101	7881002000108	1	41002000106	900000000000011006	900000000000451002
66061002000122	20250509	1	11002000107	8451002000104	318331000221102	0	766939001	900000000000011006	900000000000451002
66071002000128	20250509	1	11002000107	8451002000104	7881002000108	1	41002000106	900000000000011006	900000000000451002
66091002000127	20250509	1	11002000107	8461002000102	318331000221102	0	766939001	900000000000011006	900000000000451002
66111002000123	20250509	1	11002000107	8461002000102	6471002000106	1	41002000106	900000000000011006	900000000000451002
66121002000128	20250509	1	11002000107	8471002000107	318331000221102	0	766939001	900000000000011006	900000000000451002
66141002000122	20250509	1	11002000107	8471002000107	6471002000106	1	41002000106	900000000000011006	900000000000451002
66151002000124	20250509	1	11002000107	8481002000105	318331000221102	0	766939001	900000000000011006	900000000000451002
66171002000127	20250509	1	11002000107	8481002000105	7841002000104	1	41002000106	900000000000011006	900000000000451002
66181002000129	20250509	1	11002000107	8491002000108	7911002000108	1	41002000106	900000000000011006	900000000000451002
66191002000126	20250509	1	11002000107	8491002000108	318331000221102	0	766939001	900000000000011006	900000000000451002
66211002000125	20250509	1	11002000107	8511002000104	8501002000102	1	41002000106	900000000000011006	900000000000451002
66221002000120	20250509	1	11002000107	8511002000104	318331000221102	0	766939001	900000000000011006	900000000000451002
66241002000126	20250509	1	11002000107	8521002000105	318331000221102	0	766939001	900000000000011006	900000000000451002
66261002000127	20250509	1	11002000107	8521002000105	7861002000100	1	41002000106	900000000000011006	900000000000451002
66271002000121	20250509	1	11002000107	8541002000100	8531002000108	1	41002000106	900000000000011006	900000000000451002
66281002000124	20250509	1	11002000107	8541002000100	318331000221102	0	766939001	900000000000011006	900000000000451002
66301002000123	20250509	1	11002000107	8551002000103	318331000221102	0	766939001	900000000000011006	900000000000451002
66311002000121	20250509	1	11002000107	8551002000103	1081002000107	1	41002000106	900000000000011006	900000000000451002
66331002000128	20250509	1	11002000107	8551002000103	2071002000102	1	41002000106	900000000000011006	900000000000451002
66341002000120	20250509	1	11002000107	8561002000101	1071002000109	1	41002000106	900000000000011006	900000000000451002
66351002000122	20250509	1	11002000107	8561002000101	318331000221102	0	766939001	900000000000011006	900000000000451002
66371002000125	20250509	1	11002000107	8571002000106	7751002000106	1	41002000106	900000000000011006	900000000000451002
66381002000127	20250509	1	11002000107	8571002000106	318331000221102	0	766939001	900000000000011006	900000000000451002
66401002000127	20250509	1	11002000107	8581002000109	318331000221102	0	766939001	900000000000011006	900000000000451002
66421002000124	20250509	1	11002000107	8581002000109	7841002000104	1	41002000106	900000000000011006	900000000000451002
66431002000122	20250509	1	11002000107	8591002000107	318331000221102	0	766939001	900000000000011006	900000000000451002
66441002000125	20250509	1	11002000107	8591002000107	7881002000108	1	41002000106	900000000000011006	900000000000451002
66461002000126	20250509	1	11002000107	8601002000101	318331000221102	0	766939001	900000000000011006	900000000000451002
66471002000120	20250509	1	11002000107	8601002000101	7881002000108	1	41002000106	900000000000011006	900000000000451002
66491002000121	20250509	1	11002000107	8611002000103	318331000221102	0	766939001	900000000000011006	900000000000451002
66501002000126	20250509	1	11002000107	8611002000103	7881002000108	1	41002000106	900000000000011006	900000000000451002
66521002000123	20250509	1	11002000107	8621002000109	318331000221102	0	766939001	900000000000011006	900000000000451002
66541002000129	20250509	1	11002000107	8621002000109	8061002000109	1	41002000106	900000000000011006	900000000000451002
66551002000127	20250509	1	11002000107	8631002000107	318331000221102	0	766939001	900000000000011006	900000000000451002
66571002000124	20250509	1	11002000107	8631002000107	8061002000109	1	41002000106	900000000000011006	900000000000451002
66581002000122	20250509	1	11002000107	8641002000104	318331000221102	0	766939001	900000000000011006	900000000000451002
66591002000120	20250509	1	11002000107	8641002000104	7881002000108	1	41002000106	900000000000011006	900000000000451002
66611002000127	20250509	1	11002000107	8651002000102	7911002000108	1	41002000106	900000000000011006	900000000000451002
66621002000122	20250509	1	11002000107	8651002000102	318331000221102	0	766939001	900000000000011006	900000000000451002
66641002000128	20250509	1	11002000107	8661002000100	7911002000108	1	41002000106	900000000000011006	900000000000451002
66651002000126	20250509	1	11002000107	8661002000100	318331000221102	0	766939001	900000000000011006	900000000000451002
66671002000123	20250509	1	11002000107	8671002000105	318331000221102	0	766939001	900000000000011006	900000000000451002
66691002000124	20250509	1	11002000107	8671002000105	8021002000100	1	41002000106	900000000000011006	900000000000451002
66701002000124	20250509	1	11002000107	8681002000108	8351002000109	1	41002000106	900000000000011006	900000000000451002
66711002000122	20250509	1	11002000107	8681002000108	318331000221102	0	766939001	900000000000011006	900000000000451002
66731002000129	20250509	1	11002000107	8691002000106	318331000221102	0	766939001	900000000000011006	900000000000451002
66751002000123	20250509	1	11002000107	8691002000106	8041002000105	1	41002000106	900000000000011006	900000000000451002
66761002000120	20250509	1	11002000107	8701002000106	318331000221102	0	766939001	900000000000011006	900000000000451002
66781002000128	20250509	1	11002000107	8701002000106	7771002000103	1	41002000106	900000000000011006	900000000000451002
66791002000125	20250509	1	11002000107	8721002000103	8711002000109	1	41002000106	900000000000011006	900000000000451002
66801002000129	20250509	1	11002000107	8721002000103	318331000221102	0	766939001	900000000000011006	900000000000451002
66821002000121	20250509	1	11002000107	8741002000108	8731002000100	1	41002000106	900000000000011006	900000000000451002
66831002000124	20250509	1	11002000107	8741002000108	318331000221102	0	766939001	900000000000011006	900000000000451002
66851002000125	20250509	1	11002000107	8751002000105	8711002000109	1	41002000106	900000000000011006	900000000000451002
66861002000128	20250509	1	11002000107	8751002000105	318331000221102	0	766939001	900000000000011006	900000000000451002
66881002000120	20250509	1	11002000107	8761002000107	901002000103	1	41002000106	900000000000011006	900000000000451002
66891002000123	20250509	1	11002000107	8761002000107	131002000106	1	41002000106	900000000000011006	900000000000451002
66901002000122	20250509	1	11002000107	8761002000107	318331000221102	0	766939001	900000000000011006	900000000000451002
66921002000125	20250509	1	11002000107	8771002000102	318331000221102	0	766939001	900000000000011006	900000000000451002
66941002000124	20250509	1	11002000107	8771002000102	8061002000109	1	41002000106	900000000000011006	900000000000451002
66951002000121	20250509	1	11002000107	8781002000104	318331000221102	0	766939001	900000000000011006	900000000000451002
66971002000129	20250509	1	11002000107	8781002000104	1171002000105	1	41002000106	900000000000011006	900000000000451002
66981002000126	20250509	1	11002000107	8791002000101	121002000108	1	41002000106	900000000000011006	900000000000451002
66991002000128	20250509	1	11002000107	8791002000101	891002000102	1	41002000106	900000000000011006	900000000000451002
67001002000123	20250509	1	11002000107	8791002000101	901002000103	1	41002000106	900000000000011006	900000000000451002
67011002000121	20250509	1	11002000107	8791002000101	131002000106	1	41002000106	900000000000011006	900000000000451002
67021002000126	20250509	1	11002000107	8791002000101	318331000221102	0	766939001	900000000000011006	900000000000451002
67041002000120	20250509	1	11002000107	8801002000100	121002000108	1	41002000106	900000000000011006	900000000000451002
67051002000122	20250509	1	11002000107	8801002000100	131002000106	1	41002000106	900000000000011006	900000000000451002
67061002000124	20250509	1	11002000107	8801002000100	111002000102	1	41002000106	900000000000011006	900000000000451002
67071002000125	20250509	1	11002000107	8801002000100	318331000221102	0	766939001	900000000000011006	900000000000451002
67091002000129	20250509	1	11002000107	8801002000100	331002000108	1	41002000106	900000000000011006	900000000000451002
67101002000122	20250509	1	11002000107	8811002000102	121002000108	1	41002000106	900000000000011006	900000000000451002
67111002000120	20250509	1	11002000107	8811002000102	891002000102	1	41002000106	900000000000011006	900000000000451002
67121002000125	20250509	1	11002000107	8811002000102	901002000103	1	41002000106	900000000000011006	900000000000451002
67131002000127	20250509	1	11002000107	8811002000102	131002000106	1	41002000106	900000000000011006	900000000000451002
67141002000124	20250509	1	11002000107	8811002000102	318331000221102	0	766939001	900000000000011006	900000000000451002
67161002000123	20250509	1	11002000107	8821002000108	318331000221102	0	766939001	900000000000011006	900000000000451002
67181002000126	20250509	1	11002000107	8821002000108	8061002000109	1	41002000106	900000000000011006	900000000000451002
67191002000128	20250509	1	11002000107	8831002000106	318331000221102	0	766939001	900000000000011006	900000000000451002
67211002000127	20250509	1	11002000107	8831002000106	8061002000109	1	41002000106	900000000000011006	900000000000451002
67221002000122	20250509	1	11002000107	8841002000103	318331000221102	0	766939001	900000000000011006	900000000000451002
67241002000128	20250509	1	11002000107	8841002000103	8021002000100	1	41002000106	900000000000011006	900000000000451002
67251002000126	20250509	1	11002000107	8851002000101	7911002000108	1	41002000106	900000000000011006	900000000000451002
67261002000129	20250509	1	11002000107	8851002000101	318331000221102	0	766939001	900000000000011006	900000000000451002
67281002000121	20250509	1	11002000107	8861002000104	7911002000108	1	41002000106	900000000000011006	900000000000451002
67291002000124	20250509	1	11002000107	8861002000104	318331000221102	0	766939001	900000000000011006	900000000000451002
67311002000123	20250509	1	11002000107	8871002000109	318331000221102	0	766939001	900000000000011006	900000000000451002
67331002000125	20250509	1	11002000107	8871002000109	8041002000105	1	41002000106	900000000000011006	900000000000451002
67341002000122	20250509	1	11002000107	8881002000107	318331000221102	0	766939001	900000000000011006	900000000000451002
67361002000121	20250509	1	11002000107	8881002000107	7841002000104	1	41002000106	900000000000011006	900000000000451002
67371002000127	20250509	1	11002000107	8891002000105	318331000221102	0	766939001	900000000000011006	900000000000451002
67391002000126	20250509	1	11002000107	8891002000105	8061002000109	1	41002000106	900000000000011006	900000000000451002
67401002000129	20250509	1	11002000107	8901002000109	318331000221102	0	766939001	900000000000011006	900000000000451002
67421002000121	20250509	1	11002000107	8901002000109	7731002000101	1	41002000106	900000000000011006	900000000000451002
67431002000124	20250509	1	11002000107	8911002000107	318331000221102	0	766939001	900000000000011006	900000000000451002
67451002000125	20250509	1	11002000107	8911002000107	7841002000104	1	41002000106	900000000000011006	900000000000451002
67461002000128	20250509	1	11002000107	8921002000101	318331000221102	0	766939001	900000000000011006	900000000000451002
67481002000120	20250509	1	11002000107	8921002000101	7841002000104	1	41002000106	900000000000011006	900000000000451002
67491002000123	20250509	1	11002000107	8931002000103	318331000221102	0	766939001	900000000000011006	900000000000451002
67511002000125	20250509	1	11002000107	8931002000103	7841002000104	1	41002000106	900000000000011006	900000000000451002
67521002000120	20250509	1	11002000107	8941002000106	8501002000102	1	41002000106	900000000000011006	900000000000451002
67531002000123	20250509	1	11002000107	8941002000106	318331000221102	0	766939001	900000000000011006	900000000000451002
67551002000129	20250509	1	11002000107	8951002000108	318331000221102	0	766939001	900000000000011006	900000000000451002
67571002000121	20250509	1	11002000107	8951002000108	8061002000109	1	41002000106	900000000000011006	900000000000451002
67581002000124	20250509	1	11002000107	8961002000105	318331000221102	0	766939001	900000000000011006	900000000000451002
67601002000127	20250509	1	11002000107	8961002000105	8061002000109	1	41002000106	900000000000011006	900000000000451002
67611002000129	20250509	1	11002000107	8971002000100	318331000221102	0	766939001	900000000000011006	900000000000451002
67631002000122	20250509	1	11002000107	8971002000100	8061002000109	1	41002000106	900000000000011006	900000000000451002
67641002000125	20250509	1	11002000107	8981002000102	318331000221102	0	766939001	900000000000011006	900000000000451002
67651002000128	20250509	1	11002000107	8981002000102	7881002000108	1	41002000106	900000000000011006	900000000000451002
67681002000123	20250509	1	11002000107	8991002000104	318331000221102	0	766939001	900000000000011006	900000000000451002
67701002000121	20250509	1	11002000107	8991002000104	8061002000109	1	41002000106	900000000000011006	900000000000451002
67711002000124	20250509	1	11002000107	9011002000101	9001002000104	1	41002000106	900000000000011006	900000000000451002
67721002000129	20250509	1	11002000107	9011002000101	318331000221102	0	766939001	900000000000011006	900000000000451002
67741002000123	20250509	1	11002000107	9021002000107	318331000221102	0	766939001	900000000000011006	900000000000451002
67761002000122	20250509	1	11002000107	9021002000107	8021002000100	1	41002000106	900000000000011006	900000000000451002
67771002000128	20250509	1	11002000107	9031002000105	318331000221102	0	766939001	900000000000011006	900000000000451002
67791002000127	20250509	1	11002000107	9031002000105	8021002000100	1	41002000106	900000000000011006	900000000000451002
67801002000126	20250509	1	11002000107	9041002000102	318331000221102	0	766939001	900000000000011006	900000000000451002
67821002000123	20250509	1	11002000107	9041002000102	8021002000100	1	41002000106	900000000000011006	900000000000451002
67831002000121	20250509	1	11002000107	9051002000100	318331000221102	0	766939001	900000000000011006	900000000000451002
67851002000127	20250509	1	11002000107	9051002000100	8021002000100	1	41002000106	900000000000011006	900000000000451002
67861002000125	20250509	1	11002000107	9061002000103	9001002000104	1	41002000106	900000000000011006	900000000000451002
67871002000124	20250509	1	11002000107	9061002000103	318331000221102	0	766939001	900000000000011006	900000000000451002
67891002000120	20250509	1	11002000107	9061002000103	8041002000105	1	41002000106	900000000000011006	900000000000451002
67901002000124	20250509	1	11002000107	9081002000106	9071002000108	1	41002000106	900000000000011006	900000000000451002
67911002000122	20250509	1	11002000107	9081002000106	318331000221102	0	766939001	900000000000011006	900000000000451002
67931002000129	20250509	1	11002000107	9091002000109	318331000221102	0	766939001	900000000000011006	900000000000451002
67951002000123	20250509	1	11002000107	9091002000109	8041002000105	1	41002000106	900000000000011006	900000000000451002
67961002000120	20250509	1	11002000107	9111002000102	9101002000100	1	41002000106	900000000000011006	900000000000451002
67971002000126	20250509	1	11002000107	9111002000102	318331000221102	0	766939001	900000000000011006	900000000000451002
67991002000125	20250509	1	11002000107	9121002000108	8151002000106	1	41002000106	900000000000011006	900000000000451002
68001002000122	20250509	1	11002000107	9121002000108	318331000221102	0	766939001	900000000000011006	900000000000451002
68021002000125	20250509	1	11002000107	9131002000106	8151002000106	1	41002000106	900000000000011006	900000000000451002
68031002000127	20250509	1	11002000107	9131002000106	318331000221102	0	766939001	900000000000011006	900000000000451002
68051002000121	20250509	1	11002000107	9141002000103	8151002000106	1	41002000106	900000000000011006	900000000000451002
68061002000123	20250509	1	11002000107	9141002000103	318331000221102	0	766939001	900000000000011006	900000000000451002
68081002000126	20250509	1	11002000107	9151002000101	1051002000101	1	41002000106	900000000000011006	900000000000451002
68091002000128	20250509	1	11002000107	9151002000101	318331000221102	0	766939001	900000000000011006	900000000000451002
68111002000124	20250509	1	11002000107	9161002000104	1391002000108	1	41002000106	900000000000011006	900000000000451002
68121002000129	20250509	1	11002000107	9161002000104	131002000106	1	41002000106	900000000000011006	900000000000451002
68131002000126	20250509	1	11002000107	9161002000104	111002000102	1	41002000106	900000000000011006	900000000000451002
68141002000123	20250509	1	11002000107	9161002000104	318331000221102	0	766939001	900000000000011006	900000000000451002
68161002000122	20250509	1	11002000107	9161002000104	2461002000100	1	41002000106	900000000000011006	900000000000451002
68171002000128	20250509	1	11002000107	9171002000109	121002000108	1	41002000106	900000000000011006	900000000000451002
68181002000125	20250509	1	11002000107	9171002000109	131002000106	1	41002000106	900000000000011006	900000000000451002
68191002000127	20250509	1	11002000107	9171002000109	111002000102	1	41002000106	900000000000011006	900000000000451002
68201002000129	20250509	1	11002000107	9171002000109	318331000221102	0	766939001	900000000000011006	900000000000451002
68221002000121	20250509	1	11002000107	9171002000109	331002000108	1	41002000106	900000000000011006	900000000000451002
68231002000124	20250509	1	11002000107	9181002000107	1651002000106	1	41002000106	900000000000011006	900000000000451002
68241002000127	20250509	1	11002000107	9181002000107	318331000221102	0	766939001	900000000000011006	900000000000451002
68261002000128	20250509	1	11002000107	9201002000108	9191002000105	1	41002000106	900000000000011006	900000000000451002
68271002000122	20250509	1	11002000107	9201002000108	318331000221102	0	766939001	900000000000011006	900000000000451002
68291002000123	20250509	1	11002000107	9211002000106	318331000221102	0	766939001	900000000000011006	900000000000451002
68311002000122	20250509	1	11002000107	9211002000106	71002000100	1	41002000106	900000000000011006	900000000000451002
68321002000127	20250509	1	11002000107	9241002000105	1611002000105	1	41002000106	900000000000011006	900000000000451002
68331002000129	20250509	1	11002000107	9241002000105	2171002000101	1	41002000106	900000000000011006	900000000000451002
68341002000121	20250509	1	11002000107	9241002000105	1631002000101	1	41002000106	900000000000011006	900000000000451002
68351002000123	20250509	1	11002000107	9241002000105	771002000105	1	41002000106	900000000000011006	900000000000451002
68361002000120	20250509	1	11002000107	9241002000105	9231002000102	1	41002000106	900000000000011006	900000000000451002
68371002000126	20250509	1	11002000107	9241002000105	831002000101	1	41002000106	900000000000011006	900000000000451002
68381002000128	20250509	1	11002000107	9241002000105	781002000108	1	41002000106	900000000000011006	900000000000451002
68391002000125	20250509	1	11002000107	9241002000105	811002000105	1	41002000106	900000000000011006	900000000000451002
68401002000128	20250509	1	11002000107	9241002000105	1621002000104	1	41002000106	900000000000011006	900000000000451002
68421002000120	20250509	1	11002000107	9241002000105	2161002000106	1	41002000106	900000000000011006	900000000000451002
68431002000123	20250509	1	11002000107	9241002000105	2151002000109	1	41002000106	900000000000011006	900000000000451002
68441002000126	20250509	1	11002000107	9241002000105	9221002000100	1	41002000106	900000000000011006	900000000000451002
68451002000129	20250509	1	11002000107	9241002000105	318331000221102	0	766939001	900000000000011006	900000000000451002
68461002000127	20250509	1	11002000107	9241002000105	821002000104	1	41002000106	900000000000011006	900000000000451002
68471002000121	20250509	1	11002000107	9241002000105	791002000106	1	41002000106	900000000000011006	900000000000451002
68481002000124	20250509	1	11002000107	9241002000105	801002000107	1	41002000106	900000000000011006	900000000000451002
68491002000122	20250509	1	11002000107	9251002000107	318331000221102	0	766939001	900000000000011006	900000000000451002
68511002000129	20250509	1	11002000107	9251002000107	871002000103	1	41002000106	900000000000011006	900000000000451002
68521002000124	20250509	1	11002000107	9261002000109	318331000221102	0	766939001	900000000000011006	900000000000451002
68541002000125	20250509	1	11002000107	9261002000109	871002000103	1	41002000106	900000000000011006	900000000000451002
68551002000128	20250509	1	11002000107	9271002000104	318331000221102	0	766939001	900000000000011006	900000000000451002
68571002000120	20250509	1	11002000107	9271002000104	7731002000101	1	41002000106	900000000000011006	900000000000451002
68581002000123	20250509	1	11002000107	9281002000101	891002000102	1	41002000106	900000000000011006	900000000000451002
68591002000121	20250509	1	11002000107	9281002000101	318331000221102	0	766939001	900000000000011006	900000000000451002
68611002000128	20250509	1	11002000107	9291002000103	891002000102	1	41002000106	900000000000011006	900000000000451002
68621002000123	20250509	1	11002000107	9291002000103	901002000103	1	41002000106	900000000000011006	900000000000451002
68631002000121	20250509	1	11002000107	9291002000103	131002000106	1	41002000106	900000000000011006	900000000000451002
68641002000129	20250509	1	11002000107	9291002000103	318331000221102	0	766939001	900000000000011006	900000000000451002
68661002000125	20250509	1	11002000107	9351002000103	1611002000105	1	41002000106	900000000000011006	900000000000451002
68671002000124	20250509	1	11002000107	9351002000103	2171002000101	1	41002000106	900000000000011006	900000000000451002
68681002000122	20250509	1	11002000107	9351002000103	9321002000105	1	41002000106	900000000000011006	900000000000451002
68691002000120	20250509	1	11002000107	9351002000103	9301002000102	1	41002000106	900000000000011006	900000000000451002
68701002000120	20250509	1	11002000107	9351002000103	1631002000101	1	41002000106	900000000000011006	900000000000451002
68711002000123	20250509	1	11002000107	9351002000103	771002000105	1	41002000106	900000000000011006	900000000000451002
68721002000128	20250509	1	11002000107	9351002000103	9231002000102	1	41002000106	900000000000011006	900000000000451002
68731002000125	20250509	1	11002000107	9351002000103	831002000101	1	41002000106	900000000000011006	900000000000451002
68741002000122	20250509	1	11002000107	9351002000103	9341002000100	1	41002000106	900000000000011006	900000000000451002
68751002000124	20250509	1	11002000107	9351002000103	781002000108	1	41002000106	900000000000011006	900000000000451002
68761002000121	20250509	1	11002000107	9351002000103	811002000105	1	41002000106	900000000000011006	900000000000451002
68771002000127	20250509	1	11002000107	9351002000103	1621002000104	1	41002000106	900000000000011006	900000000000451002
68781002000129	20250509	1	11002000107	9351002000103	9311002000104	1	41002000106	900000000000011006	900000000000451002
68801002000125	20250509	1	11002000107	9351002000103	2161002000106	1	41002000106	900000000000011006	900000000000451002
68811002000127	20250509	1	11002000107	9351002000103	2151002000109	1	41002000106	900000000000011006	900000000000451002
68821002000122	20250509	1	11002000107	9351002000103	9221002000100	1	41002000106	900000000000011006	900000000000451002
68831002000120	20250509	1	11002000107	9351002000103	318331000221102	0	766939001	900000000000011006	900000000000451002
68841002000128	20250509	1	11002000107	9351002000103	821002000104	1	41002000106	900000000000011006	900000000000451002
68851002000126	20250509	1	11002000107	9351002000103	9331002000108	1	41002000106	900000000000011006	900000000000451002
68861002000129	20250509	1	11002000107	9351002000103	791002000106	1	41002000106	900000000000011006	900000000000451002
68871002000123	20250509	1	11002000107	9351002000103	801002000107	1	41002000106	900000000000011006	900000000000451002
68881002000121	20250509	1	11002000107	9361002000101	131002000106	1	41002000106	900000000000011006	900000000000451002
68891002000124	20250509	1	11002000107	9361002000101	381002000109	1	41002000106	900000000000011006	900000000000451002
68901002000123	20250509	1	11002000107	9361002000101	318331000221102	0	766939001	900000000000011006	900000000000451002
68911002000121	20250509	1	11002000107	9361002000101	2381002000101	1	41002000106	900000000000011006	900000000000451002
68931002000128	20250509	1	11002000107	9371002000106	121002000108	1	41002000106	900000000000011006	900000000000451002
68941002000120	20250509	1	11002000107	9371002000106	318331000221102	0	766939001	900000000000011006	900000000000451002
68961002000124	20250509	1	11002000107	9371002000106	2461002000100	1	41002000106	900000000000011006	900000000000451002
68971002000125	20250509	1	11002000107	9381002000109	251002000107	1	41002000106	900000000000011006	900000000000451002
68981002000127	20250509	1	11002000107	9381002000109	1391002000108	1	41002000106	900000000000011006	900000000000451002
68991002000129	20250509	1	11002000107	9381002000109	131002000106	1	41002000106	900000000000011006	900000000000451002
69001002000129	20250509	1	11002000107	9381002000109	111002000102	1	41002000106	900000000000011006	900000000000451002
69011002000126	20250509	1	11002000107	9381002000109	318331000221102	0	766939001	900000000000011006	900000000000451002
69031002000124	20250509	1	11002000107	9391002000107	251002000107	1	41002000106	900000000000011006	900000000000451002
69041002000127	20250509	1	11002000107	9391002000107	131002000106	1	41002000106	900000000000011006	900000000000451002
69051002000125	20250509	1	11002000107	9391002000107	318331000221102	0	766939001	900000000000011006	900000000000451002
69061002000128	20250509	1	11002000107	9391002000107	2381002000101	1	41002000106	900000000000011006	900000000000451002
69081002000120	20250509	1	11002000107	9401002000109	121002000108	1	41002000106	900000000000011006	900000000000451002
69091002000123	20250509	1	11002000107	9401002000109	251002000107	1	41002000106	900000000000011006	900000000000451002
69101002000125	20250509	1	11002000107	9401002000109	131002000106	1	41002000106	900000000000011006	900000000000451002
69111002000127	20250509	1	11002000107	9401002000109	111002000102	1	41002000106	900000000000011006	900000000000451002
69121002000122	20250509	1	11002000107	9401002000109	2371002000104	1	41002000106	900000000000011006	900000000000451002
69141002000128	20250509	1	11002000107	9401002000109	318331000221102	0	766939001	900000000000011006	900000000000451002
69151002000126	20250509	1	11002000107	9401002000109	2461002000100	1	41002000106	900000000000011006	900000000000451002
69161002000129	20250509	1	11002000107	9411002000107	121002000108	1	41002000106	900000000000011006	900000000000451002
69171002000123	20250509	1	11002000107	9411002000107	251002000107	1	41002000106	900000000000011006	900000000000451002
69181002000121	20250509	1	11002000107	9411002000107	131002000106	1	41002000106	900000000000011006	900000000000451002
69191002000124	20250509	1	11002000107	9411002000107	111002000102	1	41002000106	900000000000011006	900000000000451002
69201002000122	20250509	1	11002000107	9411002000107	2371002000104	1	41002000106	900000000000011006	900000000000451002
69221002000125	20250509	1	11002000107	9411002000107	318331000221102	0	766939001	900000000000011006	900000000000451002
69231002000127	20250509	1	11002000107	9421002000101	901002000103	1	41002000106	900000000000011006	900000000000451002
69241002000124	20250509	1	11002000107	9421002000101	131002000106	1	41002000106	900000000000011006	900000000000451002
69251002000121	20250509	1	11002000107	9421002000101	318331000221102	0	766939001	900000000000011006	900000000000451002
69271002000129	20250509	1	11002000107	9431002000103	131002000106	1	41002000106	900000000000011006	900000000000451002
69281002000126	20250509	1	11002000107	9431002000103	318331000221102	0	766939001	900000000000011006	900000000000451002
69301002000127	20250509	1	11002000107	9431002000103	5191002000108	1	41002000106	900000000000011006	900000000000451002
69311002000129	20250509	1	11002000107	9451002000108	9441002000106	1	41002000106	900000000000011006	900000000000451002
69321002000124	20250509	1	11002000107	9451002000108	318331000221102	0	766939001	900000000000011006	900000000000451002
69341002000125	20250509	1	11002000107	9461002000105	2371002000104	1	41002000106	900000000000011006	900000000000451002
69351002000128	20250509	1	11002000107	9461002000105	318331000221102	0	766939001	900000000000011006	900000000000451002
69371002000120	20250509	1	11002000107	9471002000100	9441002000106	1	41002000106	900000000000011006	900000000000451002
69381002000123	20250509	1	11002000107	9471002000100	131002000106	1	41002000106	900000000000011006	900000000000451002
69391002000121	20250509	1	11002000107	9471002000100	318331000221102	0	766939001	900000000000011006	900000000000451002
69401002000123	20250509	1	11002000107	9471002000100	2381002000101	1	41002000106	900000000000011006	900000000000451002
69421002000126	20250509	1	11002000107	9481002000102	2571002000109	1	41002000106	900000000000011006	900000000000451002
69431002000128	20250509	1	11002000107	9481002000102	318331000221102	0	766939001	900000000000011006	900000000000451002
69451002000122	20250509	1	11002000107	9481002000102	2461002000100	1	41002000106	900000000000011006	900000000000451002
69461002000124	20250509	1	11002000107	9491002000104	131002000106	1	41002000106	900000000000011006	900000000000451002
69471002000125	20250509	1	11002000107	9491002000104	111002000102	1	41002000106	900000000000011006	900000000000451002
69481002000127	20250509	1	11002000107	9491002000104	318331000221102	0	766939001	900000000000011006	900000000000451002
69501002000124	20250509	1	11002000107	9491002000104	2461002000100	1	41002000106	900000000000011006	900000000000451002
69511002000122	20250509	1	11002000107	9501002000105	131002000106	1	41002000106	900000000000011006	900000000000451002
69521002000127	20250509	1	11002000107	9501002000105	111002000102	1	41002000106	900000000000011006	900000000000451002
69531002000129	20250509	1	11002000107	9501002000105	2371002000104	1	41002000106	900000000000011006	900000000000451002
69541002000121	20250509	1	11002000107	9501002000105	318331000221102	0	766939001	900000000000011006	900000000000451002
69561002000120	20250509	1	11002000107	9501002000105	2461002000100	1	41002000106	900000000000011006	900000000000451002
69571002000126	20250509	1	11002000107	9511002000108	251002000107	1	41002000106	900000000000011006	900000000000451002
69581002000128	20250509	1	11002000107	9511002000108	318331000221102	0	766939001	900000000000011006	900000000000451002
69601002000120	20250509	1	11002000107	9511002000108	2461002000100	1	41002000106	900000000000011006	900000000000451002
69611002000123	20250509	1	11002000107	9531002000104	9521002000102	1	41002000106	900000000000011006	900000000000451002
69621002000128	20250509	1	11002000107	9531002000104	318331000221102	0	766939001	900000000000011006	900000000000451002
69641002000122	20250509	1	11002000107	9541002000107	1811002000106	1	41002000106	900000000000011006	900000000000451002
69651002000124	20250509	1	11002000107	9541002000107	1821002000100	1	41002000106	900000000000011006	900000000000451002
69661002000121	20250509	1	11002000107	9541002000107	318331000221102	0	766939001	900000000000011006	900000000000451002
69681002000129	20250509	1	11002000107	9561002000106	318331000221102	0	766939001	900000000000011006	900000000000451002
69691002000126	20250509	1	11002000107	9561002000106	9551002000109	1	41002000106	900000000000011006	900000000000451002
69711002000128	20250509	1	11002000107	9571002000101	1751002000103	1	41002000106	900000000000011006	900000000000451002
69721002000123	20250509	1	11002000107	9571002000101	318331000221102	0	766939001	900000000000011006	900000000000451002
69741002000129	20250509	1	11002000107	9581002000103	9191002000105	1	41002000106	900000000000011006	900000000000451002
69751002000127	20250509	1	11002000107	9581002000103	318331000221102	0	766939001	900000000000011006	900000000000451002
69771002000124	20250509	1	11002000107	9591002000100	1751002000103	1	41002000106	900000000000011006	900000000000451002
69781002000122	20250509	1	11002000107	9591002000100	1771002000106	1	41002000106	900000000000011006	900000000000451002
69791002000120	20250509	1	11002000107	9591002000100	318331000221102	0	766939001	900000000000011006	900000000000451002
69811002000124	20250509	1	11002000107	9601002000106	7621002000105	1	41002000106	900000000000011006	900000000000451002
69821002000129	20250509	1	11002000107	9601002000106	2571002000109	1	41002000106	900000000000011006	900000000000451002
69831002000126	20250509	1	11002000107	9601002000106	318331000221102	0	766939001	900000000000011006	900000000000451002
69851002000120	20250509	1	11002000107	9601002000106	2461002000100	1	41002000106	900000000000011006	900000000000451002
69861002000122	20250509	1	11002000107	9621002000103	9611002000109	1	41002000106	900000000000011006	900000000000451002
69871002000128	20250509	1	11002000107	9621002000103	318331000221102	0	766939001	900000000000011006	900000000000451002
69891002000127	20250509	1	11002000107	9641002000108	9631002000100	1	41002000106	900000000000011006	900000000000451002
69901002000128	20250509	1	11002000107	9641002000108	318331000221102	0	766939001	900000000000011006	900000000000451002
69921002000120	20250509	1	11002000107	9661002000107	9651002000105	1	41002000106	900000000000011006	900000000000451002
69931002000123	20250509	1	11002000107	9661002000107	318331000221102	0	766939001	900000000000011006	900000000000451002
69951002000129	20250509	1	11002000107	9681002000104	318331000221102	0	766939001	900000000000011006	900000000000451002
69971002000121	20250509	1	11002000107	9681002000104	9671002000102	1	41002000106	900000000000011006	900000000000451002
69981002000124	20250509	1	11002000107	9701002000101	9691002000101	1	41002000106	900000000000011006	900000000000451002
69991002000122	20250509	1	11002000107	9701002000101	318331000221102	0	766939001	900000000000011006	900000000000451002
70011002000129	20250509	1	11002000107	9721002000109	318331000221102	0	766939001	900000000000011006	900000000000451002
70031002000122	20250509	1	11002000107	9721002000109	9711002000103	1	41002000106	900000000000011006	900000000000451002
70041002000125	20250509	1	11002000107	9731002000107	318331000221102	0	766939001	900000000000011006	900000000000451002
70061002000126	20250509	1	11002000107	9731002000107	1731002000108	1	41002000106	900000000000011006	900000000000451002
70071002000120	20250509	1	11002000107	9731002000107	2461002000100	1	41002000106	900000000000011006	900000000000451002
70081002000123	20250509	1	11002000107	9741002000104	8531002000108	1	41002000106	900000000000011006	900000000000451002
70091002000121	20250509	1	11002000107	9741002000104	318331000221102	0	766939001	900000000000011006	900000000000451002
70111002000125	20250509	1	11002000107	9751002000102	1771002000106	1	41002000106	900000000000011006	900000000000451002
70121002000120	20250509	1	11002000107	9751002000102	318331000221102	0	766939001	900000000000011006	900000000000451002
70141002000126	20250509	1	11002000107	9761002000100	1771002000106	1	41002000106	900000000000011006	900000000000451002
70151002000129	20250509	1	11002000107	9761002000100	318331000221102	0	766939001	900000000000011006	900000000000451002
70161002000127	20250509	1	11002000107	9761002000100	1781002000109	1	41002000106	900000000000011006	900000000000451002
70181002000124	20250509	1	11002000107	9781002000108	9771002000105	1	41002000106	900000000000011006	900000000000451002
70191002000122	20250509	1	11002000107	9781002000108	318331000221102	0	766939001	900000000000011006	900000000000451002
70211002000123	20250509	1	11002000107	9791002000106	3511002000105	1	41002000106	900000000000011006	900000000000451002
70221002000128	20250509	1	11002000107	9791002000106	318331000221102	0	766939001	900000000000011006	900000000000451002
70241002000122	20250509	1	11002000107	9811002000105	9801002000107	1	41002000106	900000000000011006	900000000000451002
70251002000124	20250509	1	11002000107	9811002000105	318331000221102	0	766939001	900000000000011006	900000000000451002
70271002000127	20250509	1	11002000107	9831002000101	318331000221102	0	766939001	900000000000011006	900000000000451002
70291002000126	20250509	1	11002000107	9831002000101	9821002000104	1	41002000106	900000000000011006	900000000000451002
70301002000125	20250509	1	11002000107	9851002000106	9841002000109	1	41002000106	900000000000011006	900000000000451002
70311002000127	20250509	1	11002000107	9851002000106	318331000221102	0	766939001	900000000000011006	900000000000451002
70331002000120	20250509	1	11002000107	9861002000108	318331000221102	0	766939001	900000000000011006	900000000000451002
70351002000126	20250509	1	11002000107	9861002000108	3431002000100	1	41002000106	900000000000011006	900000000000451002
70361002000129	20250509	1	11002000107	9871002000103	318331000221102	0	766939001	900000000000011006	900000000000451002
70371002000123	20250509	1	11002000107	9871002000103	1081002000107	1	41002000106	900000000000011006	900000000000451002
70381002000121	20250509	1	11002000107	9871002000103	2211002000104	1	41002000106	900000000000011006	900000000000451002
70401002000121	20250509	1	11002000107	9881002000100	391002000107	1	41002000106	900000000000011006	900000000000451002
70411002000124	20250509	1	11002000107	9881002000100	381002000109	1	41002000106	900000000000011006	900000000000451002
70421002000129	20250509	1	11002000107	9881002000100	318331000221102	0	766939001	900000000000011006	900000000000451002
70441002000123	20250509	1	11002000107	9891002000102	391002000107	1	41002000106	900000000000011006	900000000000451002
70451002000120	20250509	1	11002000107	9891002000102	381002000109	1	41002000106	900000000000011006	900000000000451002
70461002000122	20250509	1	11002000107	9891002000102	1351002000104	1	41002000106	900000000000011006	900000000000451002
70471002000128	20250509	1	11002000107	9891002000102	318331000221102	0	766939001	900000000000011006	900000000000451002
70491002000127	20250509	1	11002000107	9891002000102	371002000106	1	41002000106	900000000000011006	900000000000451002
70501002000122	20250509	1	11002000107	9901002000103	318331000221102	0	766939001	900000000000011006	900000000000451002
70511002000120	20250509	1	11002000107	9901002000103	931002000109	1	41002000106	900000000000011006	900000000000451002
70531002000127	20250509	1	11002000107	9911002000100	381002000109	1	41002000106	900000000000011006	900000000000451002
70541002000124	20250509	1	11002000107	9911002000100	318331000221102	0	766939001	900000000000011006	900000000000451002
70561002000123	20250509	1	11002000107	9911002000100	371002000106	1	41002000106	900000000000011006	900000000000451002
70571002000129	20250509	1	11002000107	9931002000109	318331000221102	0	766939001	900000000000011006	900000000000451002
70591002000128	20250509	1	11002000107	9931002000109	9921002000106	1	41002000106	900000000000011006	900000000000451002
70601002000123	20250509	1	11002000107	9951002000104	318331000221102	0	766939001	900000000000011006	900000000000451002
70621002000126	20250509	1	11002000107	9951002000104	9941002000101	1	41002000106	900000000000011006	900000000000451002
70631002000128	20250509	1	11002000107	9971002000107	318331000221102	0	766939001	900000000000011006	900000000000451002
70651002000122	20250509	1	11002000107	9971002000107	9961002000102	1	41002000106	900000000000011006	900000000000451002
70661002000124	20250509	1	11002000107	9991002000108	318331000221102	0	766939001	900000000000011006	900000000000451002
70681002000127	20250509	1	11002000107	9991002000108	9981002000105	1	41002000106	900000000000011006	900000000000451002
70691002000129	20250509	1	11002000107	10001002000108	318331000221102	0	766939001	900000000000011006	900000000000451002
70711002000126	20250509	1	11002000107	10001002000108	7731002000101	1	41002000106	900000000000011006	900000000000451002
70721002000121	20250509	1	11002000107	10011002000106	318331000221102	0	766939001	900000000000011006	900000000000451002
70741002000127	20250509	1	11002000107	10011002000106	6471002000106	1	41002000106	900000000000011006	900000000000451002
70751002000125	20250509	1	11002000107	10021002000100	7991002000100	1	41002000106	900000000000011006	900000000000451002
70761002000128	20250509	1	11002000107	10021002000100	318331000221102	0	766939001	900000000000011006	900000000000451002
70781002000120	20250509	1	11002000107	10031002000102	7991002000100	1	41002000106	900000000000011006	900000000000451002
70791002000123	20250509	1	11002000107	10031002000102	318331000221102	0	766939001	900000000000011006	900000000000451002
70811002000122	20250509	1	11002000107	10051002000107	318331000221102	0	766939001	900000000000011006	900000000000451002
70831002000129	20250509	1	11002000107	10051002000107	10041002000105	1	41002000106	900000000000011006	900000000000451002
70841002000121	20250509	1	11002000107	10061002000109	318331000221102	0	766939001	900000000000011006	900000000000451002
70861002000120	20250509	1	11002000107	10061002000109	71002000100	1	41002000106	900000000000011006	900000000000451002
70871002000126	20250509	1	11002000107	10071002000104	318331000221102	0	766939001	900000000000011006	900000000000451002
70891002000125	20250509	1	11002000107	10071002000104	71002000100	1	41002000106	900000000000011006	900000000000451002
70901002000126	20250509	1	11002000107	10081002000101	1271002000100	1	41002000106	900000000000011006	900000000000451002
70911002000128	20250509	1	11002000107	10081002000101	318331000221102	0	766939001	900000000000011006	900000000000451002
70931002000121	20250509	1	11002000107	10091002000103	1271002000100	1	41002000106	900000000000011006	900000000000451002
70941002000129	20250509	1	11002000107	10091002000103	318331000221102	0	766939001	900000000000011006	900000000000451002
70961002000125	20250509	1	11002000107	10101002000107	1271002000100	1	41002000106	900000000000011006	900000000000451002
70971002000124	20250509	1	11002000107	10101002000107	318331000221102	0	766939001	900000000000011006	900000000000451002
70991002000120	20250509	1	11002000107	10121002000104	318331000221102	0	766939001	900000000000011006	900000000000451002
71011002000124	20250509	1	11002000107	10121002000104	10111002000105	1	41002000106	900000000000011006	900000000000451002
71021002000129	20250509	1	11002000107	10131002000101	1811002000106	1	41002000106	900000000000011006	900000000000451002
71031002000126	20250509	1	11002000107	10131002000101	1821002000100	1	41002000106	900000000000011006	900000000000451002
71041002000123	20250509	1	11002000107	10131002000101	318331000221102	0	766939001	900000000000011006	900000000000451002
71061002000122	20250509	1	11002000107	10141002000109	561002000106	1	41002000106	900000000000011006	900000000000451002
71071002000128	20250509	1	11002000107	10141002000109	641002000108	1	41002000106	900000000000011006	900000000000451002
71081002000125	20250509	1	11002000107	10141002000109	651002000105	1	41002000106	900000000000011006	900000000000451002
71091002000127	20250509	1	11002000107	10141002000109	601002000106	1	41002000106	900000000000011006	900000000000451002
71101002000120	20250509	1	11002000107	10141002000109	731002000107	1	41002000106	900000000000011006	900000000000451002
71111002000123	20250509	1	11002000107	10141002000109	541002000107	1	41002000106	900000000000011006	900000000000451002
71121002000128	20250509	1	11002000107	10141002000109	4241002000109	1	41002000106	900000000000011006	900000000000451002
71141002000122	20250509	1	11002000107	10141002000109	571002000101	1	41002000106	900000000000011006	900000000000451002
71151002000124	20250509	1	11002000107	10141002000109	721002000109	1	41002000106	900000000000011006	900000000000451002
71161002000121	20250509	1	11002000107	10141002000109	531002000104	1	41002000106	900000000000011006	900000000000451002
71171002000127	20250509	1	11002000107	10141002000109	318331000221102	0	766939001	900000000000011006	900000000000451002
71181002000129	20250509	1	11002000107	10141002000109	611002000109	1	41002000106	900000000000011006	900000000000451002
71191002000126	20250509	1	11002000107	10141002000109	681002000104	1	41002000106	900000000000011006	900000000000451002
71201002000128	20250509	1	11002000107	10141002000109	631002000100	1	41002000106	900000000000011006	900000000000451002
71211002000125	20250509	1	11002000107	10141002000109	661002000107	1	41002000106	900000000000011006	900000000000451002
71221002000120	20250509	1	11002000107	10141002000109	741002000104	1	41002000106	900000000000011006	900000000000451002
71231002000123	20250509	1	11002000107	10151002000106	318331000221102	0	766939001	900000000000011006	900000000000451002
71251002000129	20250509	1	11002000107	10151002000106	1111002000103	1	41002000106	900000000000011006	900000000000451002
71261002000127	20250509	1	11002000107	10171002000103	318331000221102	0	766939001	900000000000011006	900000000000451002
71281002000124	20250509	1	11002000107	10171002000103	10161002000108	1	41002000106	900000000000011006	900000000000451002
71291002000122	20250509	1	11002000107	10181002000100	501002000105	1	41002000106	900000000000011006	900000000000451002
71301002000123	20250509	1	11002000107	10181002000100	318331000221102	0	766939001	900000000000011006	900000000000451002
71321002000126	20250509	1	11002000107	10191002000102	1801002000108	1	41002000106	900000000000011006	900000000000451002
71331002000128	20250509	1	11002000107	10191002000102	318331000221102	0	766939001	900000000000011006	900000000000451002
71351002000122	20250509	1	11002000107	10201002000104	1801002000108	1	41002000106	900000000000011006	900000000000451002
71361002000124	20250509	1	11002000107	10201002000104	318331000221102	0	766939001	900000000000011006	900000000000451002
71381002000127	20250509	1	11002000107	10211002000101	1821002000100	1	41002000106	900000000000011006	900000000000451002
71391002000129	20250509	1	11002000107	10211002000101	318331000221102	0	766939001	900000000000011006	900000000000451002
71411002000129	20250509	1	11002000107	10221002000107	1811002000106	1	41002000106	900000000000011006	900000000000451002
71421002000124	20250509	1	11002000107	10221002000107	318331000221102	0	766939001	900000000000011006	900000000000451002
71441002000125	20250509	1	11002000107	10231002000105	121002000108	1	41002000106	900000000000011006	900000000000451002
71451002000128	20250509	1	11002000107	10231002000105	131002000106	1	41002000106	900000000000011006	900000000000451002
71461002000126	20250509	1	11002000107	10231002000105	318331000221102	0	766939001	900000000000011006	900000000000451002
71471002000120	20250509	1	11002000107	10231002000105	2381002000101	1	41002000106	900000000000011006	900000000000451002
71491002000121	20250509	1	11002000107	10241002000102	131002000106	1	41002000106	900000000000011006	900000000000451002
71501002000126	20250509	1	11002000107	10241002000102	111002000102	1	41002000106	900000000000011006	900000000000451002
71511002000128	20250509	1	11002000107	10241002000102	318331000221102	0	766939001	900000000000011006	900000000000451002
71531002000121	20250509	1	11002000107	10241002000102	331002000108	1	41002000106	900000000000011006	900000000000451002
71541002000129	20250509	1	11002000107	10241002000102	2461002000100	1	41002000106	900000000000011006	900000000000451002
71551002000127	20250509	1	11002000107	10251002000100	251002000107	1	41002000106	900000000000011006	900000000000451002
71561002000125	20250509	1	11002000107	10251002000100	131002000106	1	41002000106	900000000000011006	900000000000451002
71571002000124	20250509	1	11002000107	10251002000100	111002000102	1	41002000106	900000000000011006	900000000000451002
71581002000122	20250509	1	11002000107	10251002000100	2371002000104	1	41002000106	900000000000011006	900000000000451002
71591002000120	20250509	1	11002000107	10251002000100	318331000221102	0	766939001	900000000000011006	900000000000451002
71611002000127	20250509	1	11002000107	10261002000103	201002000108	1	41002000106	900000000000011006	900000000000451002
71621002000122	20250509	1	11002000107	10261002000103	191002000105	1	41002000106	900000000000011006	900000000000451002
71631002000120	20250509	1	11002000107	10261002000103	318331000221102	0	766939001	900000000000011006	900000000000451002
71651002000126	20250509	1	11002000107	10261002000103	1141002000104	1	41002000106	900000000000011006	900000000000451002
71661002000129	20250509	1	11002000107	10271002000108	191002000105	1	41002000106	900000000000011006	900000000000451002
71681002000121	20250509	1	11002000107	10271002000108	181002000107	1	41002000106	900000000000011006	900000000000451002
71691002000124	20250509	1	11002000107	10271002000108	211002000106	1	41002000106	900000000000011006	900000000000451002
71701002000124	20250509	1	11002000107	10271002000108	201002000108	1	41002000106	900000000000011006	900000000000451002
71711002000122	20250509	1	11002000107	10271002000108	318331000221102	0	766939001	900000000000011006	900000000000451002
71721002000127	20250509	1	11002000107	10271002000108	221002000100	1	41002000106	900000000000011006	900000000000451002
71731002000129	20250509	1	11002000107	10281002000106	191002000105	1	41002000106	900000000000011006	900000000000451002
71741002000121	20250509	1	11002000107	10281002000106	6541002000104	1	41002000106	900000000000011006	900000000000451002
71761002000120	20250509	1	11002000107	10281002000106	181002000107	1	41002000106	900000000000011006	900000000000451002
71771002000126	20250509	1	11002000107	10281002000106	6581002000108	1	41002000106	900000000000011006	900000000000451002
71781002000128	20250509	1	11002000107	10281002000106	6591002000106	1	41002000106	900000000000011006	900000000000451002
71791002000125	20250509	1	11002000107	10281002000106	201002000108	1	41002000106	900000000000011006	900000000000451002
71801002000129	20250509	1	11002000107	10281002000106	6571002000105	1	41002000106	900000000000011006	900000000000451002
71811002000126	20250509	1	11002000107	10281002000106	318331000221102	0	766939001	900000000000011006	900000000000451002
71821002000121	20250509	1	11002000107	10281002000106	221002000100	1	41002000106	900000000000011006	900000000000451002
71831002000124	20250509	1	11002000107	10281002000106	6551002000102	1	41002000106	900000000000011006	900000000000451002
71841002000127	20250509	1	11002000107	10281002000106	6561002000100	1	41002000106	900000000000011006	900000000000451002
71851002000125	20250509	1	11002000107	10301002000105	10291002000109	1	41002000106	900000000000011006	900000000000451002
71861002000128	20250509	1	11002000107	10301002000105	318331000221102	0	766939001	900000000000011006	900000000000451002
71881002000120	20250509	1	11002000107	10311002000108	4301002000101	1	41002000106	900000000000011006	900000000000451002
71891002000123	20250509	1	11002000107	10311002000108	318331000221102	0	766939001	900000000000011006	900000000000451002
71911002000120	20250509	1	11002000107	10321002000102	763158003	0	116680003	900000000000011006	900000000000451002
71921002000125	20250509	1	11002000107	10321002000102	4391002000106	1	41002000106	900000000000011006	900000000000451002
71931002000127	20250509	1	11002000107	10321002000102	871530006	0	766939001	900000000000011006	900000000000451002
71941002000124	20250509	1	11002000107	10331002000104	763158003	0	116680003	900000000000011006	900000000000451002
71951002000121	20250509	1	11002000107	10331002000104	871530006	0	766939001	900000000000011006	900000000000451002
71961002000123	20250509	1	11002000107	10331002000104	5651002000108	1	41002000106	900000000000011006	900000000000451002
71971002000129	20250509	1	11002000107	10341002000107	318331000221102	0	766939001	900000000000011006	900000000000451002
71991002000128	20250509	1	11002000107	10341002000107	411002000107	1	41002000106	900000000000011006	900000000000451002
72001002000126	20250509	1	11002000107	10351002000109	7611002000104	1	41002000106	900000000000011006	900000000000451002
72011002000128	20250509	1	11002000107	10351002000109	318331000221102	0	766939001	900000000000011006	900000000000451002
72031002000121	20250509	1	11002000107	10361002000106	5811002000108	1	41002000106	900000000000011006	900000000000451002
72041002000129	20250509	1	11002000107	10361002000106	763158003	0	116680003	900000000000011006	900000000000451002
72051002000127	20250509	1	11002000107	10361002000106	871530006	0	766939001	900000000000011006	900000000000451002
72061002000125	20250509	1	11002000107	10371002000101	318331000221102	0	766939001	900000000000011006	900000000000451002
72081002000122	20250509	1	11002000107	10371002000101	411002000107	1	41002000106	900000000000011006	900000000000451002
72091002000120	20250509	1	11002000107	10381002000103	318331000221102	0	766939001	900000000000011006	900000000000451002
72111002000129	20250509	1	11002000107	10381002000103	441002000106	1	41002000106	900000000000011006	900000000000451002
72121002000124	20250509	1	11002000107	10391002000100	8531002000108	1	41002000106	900000000000011006	900000000000451002
72131002000122	20250509	1	11002000107	10391002000100	318331000221102	0	766939001	900000000000011006	900000000000451002
72151002000128	20250509	1	11002000107	10401002000103	318331000221102	0	766939001	900000000000011006	900000000000451002
72171002000120	20250509	1	11002000107	10401002000103	6921002000100	1	41002000106	900000000000011006	900000000000451002
72181002000123	20250509	1	11002000107	10411002000100	318331000221102	0	766939001	900000000000011006	900000000000451002
72201002000124	20250509	1	11002000107	10411002000100	71002000100	1	41002000106	900000000000011006	900000000000451002
72211002000122	20250509	1	11002000107	10421002000106	318331000221102	0	766939001	900000000000011006	900000000000451002
72231002000129	20250509	1	11002000107	10421002000106	71002000100	1	41002000106	900000000000011006	900000000000451002
72241002000121	20250509	1	11002000107	10431002000109	318331000221102	0	766939001	900000000000011006	900000000000451002
72261002000120	20250509	1	11002000107	10431002000109	71002000100	1	41002000106	900000000000011006	900000000000451002
72271002000126	20250509	1	11002000107	10441002000101	1651002000106	1	41002000106	900000000000011006	900000000000451002
72281002000128	20250509	1	11002000107	10441002000101	318331000221102	0	766939001	900000000000011006	900000000000451002
72301002000129	20250509	1	11002000107	10451002000104	121002000108	1	41002000106	900000000000011006	900000000000451002
72311002000126	20250509	1	11002000107	10451002000104	131002000106	1	41002000106	900000000000011006	900000000000451002
72321002000121	20250509	1	11002000107	10451002000104	111002000102	1	41002000106	900000000000011006	900000000000451002
72341002000127	20250509	1	11002000107	10451002000104	51002000108	1	41002000106	900000000000011006	900000000000451002
72351002000125	20250509	1	11002000107	10451002000104	318331000221102	0	766939001	900000000000011006	900000000000451002
72361002000128	20250509	1	11002000107	10451002000104	331002000108	1	41002000106	900000000000011006	900000000000451002
72371002000122	20250509	1	11002000107	10461002000102	251002000107	1	41002000106	900000000000011006	900000000000451002
72381002000120	20250509	1	11002000107	10461002000102	131002000106	1	41002000106	900000000000011006	900000000000451002
72391002000123	20250509	1	11002000107	10461002000102	111002000102	1	41002000106	900000000000011006	900000000000451002
72401002000120	20250509	1	11002000107	10461002000102	318331000221102	0	766939001	900000000000011006	900000000000451002
72421002000128	20250509	1	11002000107	10461002000102	331002000108	1	41002000106	900000000000011006	900000000000451002
72431002000125	20250509	1	11002000107	10471002000107	1391002000108	1	41002000106	900000000000011006	900000000000451002
72441002000122	20250509	1	11002000107	10471002000107	131002000106	1	41002000106	900000000000011006	900000000000451002
72451002000124	20250509	1	11002000107	10471002000107	111002000102	1	41002000106	900000000000011006	900000000000451002
72461002000121	20250509	1	11002000107	10471002000107	318331000221102	0	766939001	900000000000011006	900000000000451002
72481002000129	20250509	1	11002000107	10481002000105	318331000221102	0	766939001	900000000000011006	900000000000451002
72501002000121	20250509	1	11002000107	10481002000105	331002000108	1	41002000106	900000000000011006	900000000000451002
72511002000124	20250509	1	11002000107	10491002000108	121002000108	1	41002000106	900000000000011006	900000000000451002
72521002000129	20250509	1	11002000107	10491002000108	131002000106	1	41002000106	900000000000011006	900000000000451002
72531002000126	20250509	1	11002000107	10491002000108	111002000102	1	41002000106	900000000000011006	900000000000451002
72541002000123	20250509	1	11002000107	10491002000108	2371002000104	1	41002000106	900000000000011006	900000000000451002
72561002000122	20250509	1	11002000107	10491002000108	318331000221102	0	766939001	900000000000011006	900000000000451002
72571002000128	20250509	1	11002000107	10491002000108	2461002000100	1	41002000106	900000000000011006	900000000000451002
72581002000125	20250509	1	11002000107	10511002000104	10501002000102	1	41002000106	900000000000011006	900000000000451002
72591002000127	20250509	1	11002000107	10511002000104	318331000221102	0	766939001	900000000000011006	900000000000451002
72611002000120	20250509	1	11002000107	10531002000108	10521002000105	1	41002000106	900000000000011006	900000000000451002
72621002000125	20250509	1	11002000107	10531002000108	318331000221102	0	766939001	900000000000011006	900000000000451002
72641002000124	20250509	1	11002000107	10541002000100	1771002000106	1	41002000106	900000000000011006	900000000000451002
72651002000121	20250509	1	11002000107	10541002000100	318331000221102	0	766939001	900000000000011006	900000000000451002
72671002000129	20250509	1	11002000107	10551002000103	131002000106	1	41002000106	900000000000011006	900000000000451002
72681002000126	20250509	1	11002000107	10551002000103	111002000102	1	41002000106	900000000000011006	900000000000451002
72691002000128	20250509	1	11002000107	10551002000103	318331000221102	0	766939001	900000000000011006	900000000000451002
72711002000125	20250509	1	11002000107	10551002000103	331002000108	1	41002000106	900000000000011006	900000000000451002
72721002000120	20250509	1	11002000107	10561002000101	318331000221102	0	766939001	900000000000011006	900000000000451002
72741002000126	20250509	1	11002000107	10561002000101	71002000100	1	41002000106	900000000000011006	900000000000451002
72751002000129	20250509	1	11002000107	10571002000106	1821002000100	1	41002000106	900000000000011006	900000000000451002
72761002000127	20250509	1	11002000107	10571002000106	318331000221102	0	766939001	900000000000011006	900000000000451002
72781002000124	20250509	1	11002000107	10581002000109	1801002000108	1	41002000106	900000000000011006	900000000000451002
72791002000122	20250509	1	11002000107	10581002000109	1811002000106	1	41002000106	900000000000011006	900000000000451002
72801002000123	20250509	1	11002000107	10581002000109	1821002000100	1	41002000106	900000000000011006	900000000000451002
72811002000121	20250509	1	11002000107	10581002000109	318331000221102	0	766939001	900000000000011006	900000000000451002
72831002000128	20250509	1	11002000107	10591002000107	251002000107	1	41002000106	900000000000011006	900000000000451002
72841002000120	20250509	1	11002000107	10591002000107	1391002000108	1	41002000106	900000000000011006	900000000000451002
72851002000122	20250509	1	11002000107	10591002000107	131002000106	1	41002000106	900000000000011006	900000000000451002
72861002000124	20250509	1	11002000107	10591002000107	111002000102	1	41002000106	900000000000011006	900000000000451002
72881002000127	20250509	1	11002000107	10591002000107	3651002000107	1	41002000106	900000000000011006	900000000000451002
72891002000129	20250509	1	11002000107	10591002000107	318331000221102	0	766939001	900000000000011006	900000000000451002
72901002000125	20250509	1	11002000107	10601002000101	1811002000106	1	41002000106	900000000000011006	900000000000451002
72911002000127	20250509	1	11002000107	10601002000101	318331000221102	0	766939001	900000000000011006	900000000000451002
72931002000120	20250509	1	11002000107	10611002000103	318331000221102	0	766939001	900000000000011006	900000000000451002
72951002000126	20250509	1	11002000107	10611002000103	5471002000103	1	41002000106	900000000000011006	900000000000451002
72961002000129	20250509	1	11002000107	10621002000109	751002000102	1	41002000106	900000000000011006	900000000000451002
72971002000123	20250509	1	11002000107	10621002000109	561002000106	1	41002000106	900000000000011006	900000000000451002
72981002000121	20250509	1	11002000107	10621002000109	641002000108	1	41002000106	900000000000011006	900000000000451002
72991002000124	20250509	1	11002000107	10621002000109	591002000100	1	41002000106	900000000000011006	900000000000451002
73001002000120	20250509	1	11002000107	10621002000109	601002000106	1	41002000106	900000000000011006	900000000000451002
73011002000123	20250509	1	11002000107	10621002000109	671002000102	1	41002000106	900000000000011006	900000000000451002
73021002000128	20250509	1	11002000107	10621002000109	711002000103	1	41002000106	900000000000011006	900000000000451002
73031002000125	20250509	1	11002000107	10621002000109	551002000109	1	41002000106	900000000000011006	900000000000451002
73041002000122	20250509	1	11002000107	10621002000109	611002000109	1	41002000106	900000000000011006	900000000000451002
73051002000124	20250509	1	11002000107	10621002000109	681002000104	1	41002000106	900000000000011006	900000000000451002
73061002000121	20250509	1	11002000107	10621002000109	741002000104	1	41002000106	900000000000011006	900000000000451002
73071002000127	20250509	1	11002000107	10621002000109	621002000103	1	41002000106	900000000000011006	900000000000451002
73081002000129	20250509	1	11002000107	10621002000109	691002000101	1	41002000106	900000000000011006	900000000000451002
73091002000126	20250509	1	11002000107	10621002000109	581002000103	1	41002000106	900000000000011006	900000000000451002
73101002000124	20250509	1	11002000107	10621002000109	701002000101	1	41002000106	900000000000011006	900000000000451002
73111002000122	20250509	1	11002000107	10621002000109	651002000105	1	41002000106	900000000000011006	900000000000451002
73121002000127	20250509	1	11002000107	10621002000109	731002000107	1	41002000106	900000000000011006	900000000000451002
73131002000129	20250509	1	11002000107	10621002000109	541002000107	1	41002000106	900000000000011006	900000000000451002
73151002000123	20250509	1	11002000107	10621002000109	571002000101	1	41002000106	900000000000011006	900000000000451002
73161002000120	20250509	1	11002000107	10621002000109	721002000109	1	41002000106	900000000000011006	900000000000451002
73171002000126	20250509	1	11002000107	10621002000109	531002000104	1	41002000106	900000000000011006	900000000000451002
73181002000128	20250509	1	11002000107	10621002000109	318331000221102	0	766939001	900000000000011006	900000000000451002
73191002000125	20250509	1	11002000107	10621002000109	631002000100	1	41002000106	900000000000011006	900000000000451002
73201002000127	20250509	1	11002000107	10621002000109	661002000107	1	41002000106	900000000000011006	900000000000451002
73211002000129	20250509	1	11002000107	10631002000107	121002000108	1	41002000106	900000000000011006	900000000000451002
73221002000124	20250509	1	11002000107	10631002000107	318331000221102	0	766939001	900000000000011006	900000000000451002
73241002000125	20250509	1	11002000107	10641002000104	318331000221102	0	766939001	900000000000011006	900000000000451002
73261002000126	20250509	1	11002000107	10641002000104	2481002000108	1	41002000106	900000000000011006	900000000000451002
73271002000120	20250509	1	11002000107	10661002000100	10651002000102	1	41002000106	900000000000011006	900000000000451002
73281002000123	20250509	1	11002000107	10661002000100	318331000221102	0	766939001	900000000000011006	900000000000451002
73301002000122	20250509	1	11002000107	10681002000108	318331000221102	0	766939001	900000000000011006	900000000000451002
73311002000120	20250509	1	11002000107	10681002000108	10671002000105	1	41002000106	900000000000011006	900000000000451002
73331002000127	20250509	1	11002000107	10701002000106	10691002000106	1	41002000106	900000000000011006	900000000000451002
73341002000124	20250509	1	11002000107	10701002000106	318331000221102	0	766939001	900000000000011006	900000000000451002
73361002000123	20250509	1	11002000107	10721002000103	10711002000109	1	41002000106	900000000000011006	900000000000451002
73371002000129	20250509	1	11002000107	10721002000103	318331000221102	0	766939001	900000000000011006	900000000000451002
73391002000128	20250509	1	11002000107	10741002000108	10731002000100	1	41002000106	900000000000011006	900000000000451002
73401002000126	20250509	1	11002000107	10741002000108	318331000221102	0	766939001	900000000000011006	900000000000451002
73421002000123	20250509	1	11002000107	10761002000107	10751002000105	1	41002000106	900000000000011006	900000000000451002
73431002000121	20250509	1	11002000107	10761002000107	318331000221102	0	766939001	900000000000011006	900000000000451002
73451002000127	20250509	1	11002000107	10771002000102	1611002000105	1	41002000106	900000000000011006	900000000000451002
73461002000125	20250509	1	11002000107	10771002000102	2171002000101	1	41002000106	900000000000011006	900000000000451002
73471002000124	20250509	1	11002000107	10771002000102	9321002000105	1	41002000106	900000000000011006	900000000000451002
73481002000122	20250509	1	11002000107	10771002000102	9301002000102	1	41002000106	900000000000011006	900000000000451002
73491002000120	20250509	1	11002000107	10771002000102	1631002000101	1	41002000106	900000000000011006	900000000000451002
73501002000125	20250509	1	11002000107	10771002000102	771002000105	1	41002000106	900000000000011006	900000000000451002
73511002000127	20250509	1	11002000107	10771002000102	9231002000102	1	41002000106	900000000000011006	900000000000451002
73521002000122	20250509	1	11002000107	10771002000102	831002000101	1	41002000106	900000000000011006	900000000000451002
73531002000120	20250509	1	11002000107	10771002000102	9341002000100	1	41002000106	900000000000011006	900000000000451002
73541002000128	20250509	1	11002000107	10771002000102	781002000108	1	41002000106	900000000000011006	900000000000451002
73551002000126	20250509	1	11002000107	10771002000102	811002000105	1	41002000106	900000000000011006	900000000000451002
73561002000129	20250509	1	11002000107	10771002000102	1621002000104	1	41002000106	900000000000011006	900000000000451002
73571002000123	20250509	1	11002000107	10771002000102	9311002000104	1	41002000106	900000000000011006	900000000000451002
73591002000124	20250509	1	11002000107	10771002000102	2161002000106	1	41002000106	900000000000011006	900000000000451002
73601002000129	20250509	1	11002000107	10771002000102	2151002000109	1	41002000106	900000000000011006	900000000000451002
73611002000126	20250509	1	11002000107	10771002000102	9221002000100	1	41002000106	900000000000011006	900000000000451002
73621002000121	20250509	1	11002000107	10771002000102	318331000221102	0	766939001	900000000000011006	900000000000451002
73631002000124	20250509	1	11002000107	10771002000102	821002000104	1	41002000106	900000000000011006	900000000000451002
73641002000127	20250509	1	11002000107	10771002000102	9331002000108	1	41002000106	900000000000011006	900000000000451002
73651002000125	20250509	1	11002000107	10771002000102	791002000106	1	41002000106	900000000000011006	900000000000451002
73661002000128	20250509	1	11002000107	10771002000102	801002000107	1	41002000106	900000000000011006	900000000000451002
73671002000122	20250509	1	11002000107	10781002000104	431002000103	1	41002000106	900000000000011006	900000000000451002
73681002000120	20250509	1	11002000107	10781002000104	318331000221102	0	766939001	900000000000011006	900000000000451002
73701002000123	20250509	1	11002000107	10781002000104	441002000106	1	41002000106	900000000000011006	900000000000451002
73711002000121	20250509	1	11002000107	10781002000104	411002000107	1	41002000106	900000000000011006	900000000000451002
73721002000126	20250509	1	11002000107	10801002000100	318331000221102	0	766939001	900000000000011006	900000000000451002
73741002000120	20250509	1	11002000107	10801002000100	10791002000101	1	41002000106	900000000000011006	900000000000451002
73751002000122	20250509	1	11002000107	10821002000108	318331000221102	0	766939001	900000000000011006	900000000000451002
73771002000125	20250509	1	11002000107	10821002000108	10811002000102	1	41002000106	900000000000011006	900000000000451002
73781002000127	20250509	1	11002000107	10841002000103	318331000221102	0	766939001	900000000000011006	900000000000451002
73801002000128	20250509	1	11002000107	10841002000103	10831002000106	1	41002000106	900000000000011006	900000000000451002
73811002000125	20250509	1	11002000107	10861002000104	10851002000101	1	41002000106	900000000000011006	900000000000451002
73821002000120	20250509	1	11002000107	10861002000104	318331000221102	0	766939001	900000000000011006	900000000000451002
73841002000126	20250509	1	11002000107	10881002000107	318331000221102	0	766939001	900000000000011006	900000000000451002
73861002000127	20250509	1	11002000107	10881002000107	10871002000109	1	41002000106	900000000000011006	900000000000451002
73871002000121	20250509	1	11002000107	10901002000109	318331000221102	0	766939001	900000000000011006	900000000000451002
73891002000122	20250509	1	11002000107	10901002000109	10891002000105	1	41002000106	900000000000011006	900000000000451002
73901002000121	20250509	1	11002000107	10921002000101	318331000221102	0	766939001	900000000000011006	900000000000451002
73911002000124	20250509	1	11002000107	10921002000101	10911002000107	1	41002000106	900000000000011006	900000000000451002
73931002000126	20250509	1	11002000107	10931002000103	318331000221102	0	766939001	900000000000011006	900000000000451002
73951002000120	20250509	1	11002000107	10931002000103	3171002000106	1	41002000106	900000000000011006	900000000000451002
73961002000122	20250509	1	11002000107	10941002000106	91002000104	1	41002000106	900000000000011006	900000000000451002
73971002000128	20250509	1	11002000107	10941002000106	318331000221102	0	766939001	900000000000011006	900000000000451002
73991002000127	20250509	1	11002000107	10951002000108	1221002000101	1	41002000106	900000000000011006	900000000000451002
74001002000123	20250509	1	11002000107	10951002000108	318331000221102	0	766939001	900000000000011006	900000000000451002
74021002000126	20250509	1	11002000107	10971002000100	318331000221102	0	766939001	900000000000011006	900000000000451002
74041002000120	20250509	1	11002000107	10971002000100	10961002000105	1	41002000106	900000000000011006	900000000000451002
74051002000122	20250509	1	11002000107	10981002000102	318331000221102	0	766939001	900000000000011006	900000000000451002
74061002000124	20250509	1	11002000107	10981002000102	7881002000108	1	41002000106	900000000000011006	900000000000451002
74081002000127	20250509	1	11002000107	10991002000104	251002000107	1	41002000106	900000000000011006	900000000000451002
74091002000129	20250509	1	11002000107	10991002000104	318331000221102	0	766939001	900000000000011006	900000000000451002
74111002000120	20250509	1	11002000107	11001002000103	318331000221102	0	766939001	900000000000011006	900000000000451002
74131002000127	20250509	1	11002000107	11001002000103	1171002000105	1	41002000106	900000000000011006	900000000000451002
74141002000124	20250509	1	11002000107	11011002000100	318331000221102	0	766939001	900000000000011006	900000000000451002
74161002000123	20250509	1	11002000107	11011002000100	271002000104	1	41002000106	900000000000011006	900000000000451002
74171002000129	20250509	1	11002000107	11021002000106	6631002000106	1	41002000106	900000000000011006	900000000000451002
74181002000126	20250509	1	11002000107	11021002000106	318331000221102	0	766939001	900000000000011006	900000000000451002
74201002000125	20250509	1	11002000107	11031002000109	4631002000104	1	41002000106	900000000000011006	900000000000451002
74211002000127	20250509	1	11002000107	11031002000109	318331000221102	0	766939001	900000000000011006	900000000000451002
74231002000120	20250509	1	11002000107	11041002000101	3651002000107	1	41002000106	900000000000011006	900000000000451002
74241002000128	20250509	1	11002000107	11041002000101	318331000221102	0	766939001	900000000000011006	900000000000451002
74261002000129	20250509	1	11002000107	11051002000104	901002000103	1	41002000106	900000000000011006	900000000000451002
74271002000123	20250509	1	11002000107	11051002000104	131002000106	1	41002000106	900000000000011006	900000000000451002
74281002000121	20250509	1	11002000107	11051002000104	318331000221102	0	766939001	900000000000011006	900000000000451002
74301002000120	20250509	1	11002000107	11071002000107	318331000221102	0	766939001	900000000000011006	900000000000451002
74321002000128	20250509	1	11002000107	11071002000107	11061002000102	1	41002000106	900000000000011006	900000000000451002
74331002000125	20250509	1	11002000107	11081002000105	318331000221102	0	766939001	900000000000011006	900000000000451002
74341002000122	20250509	1	11002000107	11081002000105	10911002000107	1	41002000106	900000000000011006	900000000000451002
74361002000121	20250509	1	11002000107	11081002000105	10891002000105	1	41002000106	900000000000011006	900000000000451002
74371002000127	20250509	1	11002000107	11101002000104	11091002000108	1	41002000106	900000000000011006	900000000000451002
74381002000129	20250509	1	11002000107	11101002000104	763158003	0	116680003	900000000000011006	900000000000451002
74391002000126	20250509	1	11002000107	11101002000104	871530006	0	766939001	900000000000011006	900000000000451002
74401002000129	20250509	1	11002000107	11121002000107	318331000221102	0	766939001	900000000000011006	900000000000451002
74421002000121	20250509	1	11002000107	11121002000107	11111002000101	1	41002000106	900000000000011006	900000000000451002
74431002000124	20250509	1	11002000107	11131002000105	318331000221102	0	766939001	900000000000011006	900000000000451002
74451002000125	20250509	1	11002000107	11131002000105	71002000100	1	41002000106	900000000000011006	900000000000451002
74461002000128	20250509	1	11002000107	11151002000100	318331000221102	0	766939001	900000000000011006	900000000000451002
74481002000120	20250509	1	11002000107	11151002000100	11141002000102	1	41002000106	900000000000011006	900000000000451002
74491002000123	20250509	1	11002000107	11161002000103	318331000221102	0	766939001	900000000000011006	900000000000451002
74511002000125	20250509	1	11002000107	11161002000103	9981002000105	1	41002000106	900000000000011006	900000000000451002
74521002000120	20250509	1	11002000107	11181002000106	11171002000108	1	41002000106	900000000000011006	900000000000451002
74531002000123	20250509	1	11002000107	11181002000106	318331000221102	0	766939001	900000000000011006	900000000000451002
74551002000129	20250509	1	11002000107	11201002000107	11191002000109	1	41002000106	900000000000011006	900000000000451002
74561002000127	20250509	1	11002000107	11201002000107	318331000221102	0	766939001	900000000000011006	900000000000451002
74581002000124	20250509	1	11002000107	11221002000104	318331000221102	0	766939001	900000000000011006	900000000000451002
74601002000127	20250509	1	11002000107	11221002000104	11211002000105	1	41002000106	900000000000011006	900000000000451002
74611002000129	20250509	1	11002000107	11241002000109	318331000221102	0	766939001	900000000000011006	900000000000451002
74631002000122	20250509	1	11002000107	11241002000109	11231002000101	1	41002000106	900000000000011006	900000000000451002
74641002000125	20250509	1	11002000107	11251002000106	318331000221102	0	766939001	900000000000011006	900000000000451002
74661002000126	20250509	1	11002000107	11251002000106	11231002000101	1	41002000106	900000000000011006	900000000000451002
74671002000120	20250509	1	11002000107	11261002000108	318331000221102	0	766939001	900000000000011006	900000000000451002
74691002000121	20250509	1	11002000107	11261002000108	1031002000106	1	41002000106	900000000000011006	900000000000451002
74701002000121	20250509	1	11002000107	11271002000103	318331000221102	0	766939001	900000000000011006	900000000000451002
74721002000129	20250509	1	11002000107	11271002000103	371002000106	1	41002000106	900000000000011006	900000000000451002
74731002000126	20250509	1	11002000107	11281002000100	1271002000100	1	41002000106	900000000000011006	900000000000451002
74741002000123	20250509	1	11002000107	11281002000100	318331000221102	0	766939001	900000000000011006	900000000000451002
74761002000122	20250509	1	11002000107	11291002000102	751002000102	1	41002000106	900000000000011006	900000000000451002
74771002000128	20250509	1	11002000107	11291002000102	561002000106	1	41002000106	900000000000011006	900000000000451002
74781002000125	20250509	1	11002000107	11291002000102	641002000108	1	41002000106	900000000000011006	900000000000451002
74791002000127	20250509	1	11002000107	11291002000102	591002000100	1	41002000106	900000000000011006	900000000000451002
74801002000126	20250509	1	11002000107	11291002000102	601002000106	1	41002000106	900000000000011006	900000000000451002
74811002000128	20250509	1	11002000107	11291002000102	671002000102	1	41002000106	900000000000011006	900000000000451002
74821002000123	20250509	1	11002000107	11291002000102	711002000103	1	41002000106	900000000000011006	900000000000451002
74831002000121	20250509	1	11002000107	11291002000102	551002000109	1	41002000106	900000000000011006	900000000000451002
74841002000129	20250509	1	11002000107	11291002000102	611002000109	1	41002000106	900000000000011006	900000000000451002
74851002000127	20250509	1	11002000107	11291002000102	681002000104	1	41002000106	900000000000011006	900000000000451002
74861002000125	20250509	1	11002000107	11291002000102	741002000104	1	41002000106	900000000000011006	900000000000451002
74871002000124	20250509	1	11002000107	11291002000102	621002000103	1	41002000106	900000000000011006	900000000000451002
74881002000122	20250509	1	11002000107	11291002000102	691002000101	1	41002000106	900000000000011006	900000000000451002
74891002000120	20250509	1	11002000107	11291002000102	581002000103	1	41002000106	900000000000011006	900000000000451002
74901002000124	20250509	1	11002000107	11291002000102	701002000101	1	41002000106	900000000000011006	900000000000451002
74911002000122	20250509	1	11002000107	11291002000102	651002000105	1	41002000106	900000000000011006	900000000000451002
74921002000127	20250509	1	11002000107	11291002000102	731002000107	1	41002000106	900000000000011006	900000000000451002
74931002000129	20250509	1	11002000107	11291002000102	541002000107	1	41002000106	900000000000011006	900000000000451002
74951002000123	20250509	1	11002000107	11291002000102	571002000101	1	41002000106	900000000000011006	900000000000451002
74961002000120	20250509	1	11002000107	11291002000102	721002000109	1	41002000106	900000000000011006	900000000000451002
74971002000126	20250509	1	11002000107	11291002000102	531002000104	1	41002000106	900000000000011006	900000000000451002
74981002000128	20250509	1	11002000107	11291002000102	318331000221102	0	766939001	900000000000011006	900000000000451002
74991002000125	20250509	1	11002000107	11291002000102	631002000100	1	41002000106	900000000000011006	900000000000451002
75001002000124	20250509	1	11002000107	11291002000102	661002000107	1	41002000106	900000000000011006	900000000000451002
75011002000122	20250509	1	11002000107	11311002000103	11301002000101	1	41002000106	900000000000011006	900000000000451002
75021002000127	20250509	1	11002000107	11311002000103	318331000221102	0	766939001	900000000000011006	900000000000451002
75041002000121	20250509	1	11002000107	11321002000109	318331000221102	0	766939001	900000000000011006	900000000000451002
75061002000120	20250509	1	11002000107	11321002000109	6471002000106	1	41002000106	900000000000011006	900000000000451002
75071002000126	20250509	1	11002000107	11341002000104	11331002000107	1	41002000106	900000000000011006	900000000000451002
75081002000128	20250509	1	11002000107	11341002000104	318331000221102	0	766939001	900000000000011006	900000000000451002
75101002000123	20250509	1	11002000107	11361002000100	11351002000102	1	41002000106	900000000000011006	900000000000451002
75111002000121	20250509	1	11002000107	11361002000100	318331000221102	0	766939001	900000000000011006	900000000000451002
75131002000128	20250509	1	11002000107	11381002000108	11371002000105	1	41002000106	900000000000011006	900000000000451002
75141002000120	20250509	1	11002000107	11381002000108	763158003	0	116680003	900000000000011006	900000000000451002
75151002000122	20250509	1	11002000107	11381002000108	871530006	0	766939001	900000000000011006	900000000000451002
75161002000124	20250509	1	11002000107	11391002000106	318331000221102	0	766939001	900000000000011006	900000000000451002
75181002000127	20250509	1	11002000107	11391002000106	871002000103	1	41002000106	900000000000011006	900000000000451002
75191002000129	20250509	1	11002000107	11401002000108	3781002000105	1	41002000106	900000000000011006	900000000000451002
75201002000126	20250509	1	11002000107	11401002000108	318331000221102	0	766939001	900000000000011006	900000000000451002
75221002000123	20250509	1	11002000107	11421002000100	11411002000106	1	41002000106	900000000000011006	900000000000451002
75231002000121	20250509	1	11002000107	11421002000100	318331000221102	0	766939001	900000000000011006	900000000000451002
75251002000127	20250509	1	11002000107	11441002000105	318331000221102	0	766939001	900000000000011006	900000000000451002
75271002000124	20250509	1	11002000107	11441002000105	11431002000102	1	41002000106	900000000000011006	900000000000451002
75281002000122	20250509	1	11002000107	11451002000107	1771002000106	1	41002000106	900000000000011006	900000000000451002
75291002000120	20250509	1	11002000107	11451002000107	318331000221102	0	766939001	900000000000011006	900000000000451002
75301002000121	20250509	1	11002000107	11451002000107	1781002000109	1	41002000106	900000000000011006	900000000000451002
75321002000129	20250509	1	11002000107	11461002000109	3251002000109	1	41002000106	900000000000011006	900000000000451002
75331002000126	20250509	1	11002000107	11461002000109	318331000221102	0	766939001	900000000000011006	900000000000451002
75351002000120	20250509	1	11002000107	11471002000104	318331000221102	0	766939001	900000000000011006	900000000000451002
75371002000128	20250509	1	11002000107	11471002000104	3061002000100	1	41002000106	900000000000011006	900000000000451002
75381002000125	20250509	1	11002000107	11481002000101	318331000221102	0	766939001	900000000000011006	900000000000451002
75401002000125	20250509	1	11002000107	11481002000101	1111002000103	1	41002000106	900000000000011006	900000000000451002
75411002000127	20250509	1	11002000107	11491002000103	121002000108	1	41002000106	900000000000011006	900000000000451002
75421002000122	20250509	1	11002000107	11491002000103	131002000106	1	41002000106	900000000000011006	900000000000451002
75431002000120	20250509	1	11002000107	11491002000103	111002000102	1	41002000106	900000000000011006	900000000000451002
75441002000128	20250509	1	11002000107	11491002000103	318331000221102	0	766939001	900000000000011006	900000000000451002
75461002000129	20250509	1	11002000107	11501002000109	1801002000108	1	41002000106	900000000000011006	900000000000451002
75471002000123	20250509	1	11002000107	11501002000109	1811002000106	1	41002000106	900000000000011006	900000000000451002
75481002000121	20250509	1	11002000107	11501002000109	1821002000100	1	41002000106	900000000000011006	900000000000451002
75491002000124	20250509	1	11002000107	11501002000109	318331000221102	0	766939001	900000000000011006	900000000000451002
75511002000126	20250509	1	11002000107	11511002000107	1751002000103	1	41002000106	900000000000011006	900000000000451002
75521002000121	20250509	1	11002000107	11511002000107	318331000221102	0	766939001	900000000000011006	900000000000451002
75541002000127	20250509	1	11002000107	11521002000101	251002000107	1	41002000106	900000000000011006	900000000000451002
75551002000125	20250509	1	11002000107	11521002000101	3251002000109	1	41002000106	900000000000011006	900000000000451002
75561002000128	20250509	1	11002000107	11521002000101	318331000221102	0	766939001	900000000000011006	900000000000451002
75581002000120	20250509	1	11002000107	11531002000103	1481002000103	1	41002000106	900000000000011006	900000000000451002
75591002000123	20250509	1	11002000107	11531002000103	318331000221102	0	766939001	900000000000011006	900000000000451002
75611002000125	20250509	1	11002000107	11541002000106	751002000102	1	41002000106	900000000000011006	900000000000451002
75621002000120	20250509	1	11002000107	11541002000106	561002000106	1	41002000106	900000000000011006	900000000000451002
75631002000123	20250509	1	11002000107	11541002000106	641002000108	1	41002000106	900000000000011006	900000000000451002
75641002000126	20250509	1	11002000107	11541002000106	591002000100	1	41002000106	900000000000011006	900000000000451002
75651002000129	20250509	1	11002000107	11541002000106	601002000106	1	41002000106	900000000000011006	900000000000451002
75661002000127	20250509	1	11002000107	11541002000106	671002000102	1	41002000106	900000000000011006	900000000000451002
75671002000121	20250509	1	11002000107	11541002000106	711002000103	1	41002000106	900000000000011006	900000000000451002
75681002000124	20250509	1	11002000107	11541002000106	551002000109	1	41002000106	900000000000011006	900000000000451002
75691002000122	20250509	1	11002000107	11541002000106	611002000109	1	41002000106	900000000000011006	900000000000451002
75701002000122	20250509	1	11002000107	11541002000106	681002000104	1	41002000106	900000000000011006	900000000000451002
75711002000120	20250509	1	11002000107	11541002000106	741002000104	1	41002000106	900000000000011006	900000000000451002
75721002000125	20250509	1	11002000107	11541002000106	621002000103	1	41002000106	900000000000011006	900000000000451002
75731002000127	20250509	1	11002000107	11541002000106	691002000101	1	41002000106	900000000000011006	900000000000451002
75741002000124	20250509	1	11002000107	11541002000106	581002000103	1	41002000106	900000000000011006	900000000000451002
75751002000121	20250509	1	11002000107	11541002000106	701002000101	1	41002000106	900000000000011006	900000000000451002
75761002000123	20250509	1	11002000107	11541002000106	651002000105	1	41002000106	900000000000011006	900000000000451002
75771002000129	20250509	1	11002000107	11541002000106	731002000107	1	41002000106	900000000000011006	900000000000451002
75781002000126	20250509	1	11002000107	11541002000106	541002000107	1	41002000106	900000000000011006	900000000000451002
75801002000127	20250509	1	11002000107	11541002000106	571002000101	1	41002000106	900000000000011006	900000000000451002
75811002000129	20250509	1	11002000107	11541002000106	721002000109	1	41002000106	900000000000011006	900000000000451002
75821002000124	20250509	1	11002000107	11541002000106	531002000104	1	41002000106	900000000000011006	900000000000451002
75831002000122	20250509	1	11002000107	11541002000106	318331000221102	0	766939001	900000000000011006	900000000000451002
75841002000125	20250509	1	11002000107	11541002000106	631002000100	1	41002000106	900000000000011006	900000000000451002
75851002000128	20250509	1	11002000107	11541002000106	661002000107	1	41002000106	900000000000011006	900000000000451002
75861002000126	20250509	1	11002000107	11551002000108	1751002000103	1	41002000106	900000000000011006	900000000000451002
75871002000120	20250509	1	11002000107	11551002000108	318331000221102	0	766939001	900000000000011006	900000000000451002
75891002000121	20250509	1	11002000107	11561002000105	318331000221102	0	766939001	900000000000011006	900000000000451002
75911002000123	20250509	1	11002000107	11561002000105	1111002000103	1	41002000106	900000000000011006	900000000000451002
75921002000128	20250509	1	11002000107	11571002000100	318331000221102	0	766939001	900000000000011006	900000000000451002
75941002000122	20250509	1	11002000107	11571002000100	71002000100	1	41002000106	900000000000011006	900000000000451002
75951002000124	20250509	1	11002000107	11581002000102	751002000102	1	41002000106	900000000000011006	900000000000451002
75961002000121	20250509	1	11002000107	11581002000102	561002000106	1	41002000106	900000000000011006	900000000000451002
75971002000127	20250509	1	11002000107	11581002000102	641002000108	1	41002000106	900000000000011006	900000000000451002
75981002000129	20250509	1	11002000107	11581002000102	591002000100	1	41002000106	900000000000011006	900000000000451002
75991002000126	20250509	1	11002000107	11581002000102	601002000106	1	41002000106	900000000000011006	900000000000451002
76001002000125	20250509	1	11002000107	11581002000102	671002000102	1	41002000106	900000000000011006	900000000000451002
76011002000127	20250509	1	11002000107	11581002000102	711002000103	1	41002000106	900000000000011006	900000000000451002
76021002000122	20250509	1	11002000107	11581002000102	551002000109	1	41002000106	900000000000011006	900000000000451002
76031002000120	20250509	1	11002000107	11581002000102	611002000109	1	41002000106	900000000000011006	900000000000451002
76041002000128	20250509	1	11002000107	11581002000102	681002000104	1	41002000106	900000000000011006	900000000000451002
76051002000126	20250509	1	11002000107	11581002000102	741002000104	1	41002000106	900000000000011006	900000000000451002
76061002000129	20250509	1	11002000107	11581002000102	621002000103	1	41002000106	900000000000011006	900000000000451002
76071002000123	20250509	1	11002000107	11581002000102	691002000101	1	41002000106	900000000000011006	900000000000451002
76081002000121	20250509	1	11002000107	11581002000102	581002000103	1	41002000106	900000000000011006	900000000000451002
76091002000124	20250509	1	11002000107	11581002000102	701002000101	1	41002000106	900000000000011006	900000000000451002
76101002000126	20250509	1	11002000107	11581002000102	651002000105	1	41002000106	900000000000011006	900000000000451002
76111002000128	20250509	1	11002000107	11581002000102	731002000107	1	41002000106	900000000000011006	900000000000451002
76121002000123	20250509	1	11002000107	11581002000102	541002000107	1	41002000106	900000000000011006	900000000000451002
76141002000129	20250509	1	11002000107	11581002000102	571002000101	1	41002000106	900000000000011006	900000000000451002
76151002000127	20250509	1	11002000107	11581002000102	721002000109	1	41002000106	900000000000011006	900000000000451002
76161002000125	20250509	1	11002000107	11581002000102	531002000104	1	41002000106	900000000000011006	900000000000451002
76171002000124	20250509	1	11002000107	11581002000102	318331000221102	0	766939001	900000000000011006	900000000000451002
76181002000122	20250509	1	11002000107	11581002000102	631002000100	1	41002000106	900000000000011006	900000000000451002
76191002000120	20250509	1	11002000107	11581002000102	661002000107	1	41002000106	900000000000011006	900000000000451002
76201002000123	20250509	1	11002000107	11591002000104	1071002000109	1	41002000106	900000000000011006	900000000000451002
76211002000121	20250509	1	11002000107	11591002000104	318331000221102	0	766939001	900000000000011006	900000000000451002
76221002000126	20250509	1	11002000107	11591002000104	1081002000107	1	41002000106	900000000000011006	900000000000451002
76241002000120	20250509	1	11002000107	11601002000105	131002000106	1	41002000106	900000000000011006	900000000000451002
76251002000122	20250509	1	11002000107	11601002000105	318331000221102	0	766939001	900000000000011006	900000000000451002
76271002000125	20250509	1	11002000107	11611002000108	901002000103	1	41002000106	900000000000011006	900000000000451002
76281002000127	20250509	1	11002000107	11611002000108	131002000106	1	41002000106	900000000000011006	900000000000451002
76291002000129	20250509	1	11002000107	11611002000108	318331000221102	0	766939001	900000000000011006	900000000000451002
76311002000125	20250509	1	11002000107	11621002000102	1391002000108	1	41002000106	900000000000011006	900000000000451002
76321002000120	20250509	1	11002000107	11621002000102	131002000106	1	41002000106	900000000000011006	900000000000451002
76331002000123	20250509	1	11002000107	11621002000102	111002000102	1	41002000106	900000000000011006	900000000000451002
76341002000126	20250509	1	11002000107	11621002000102	318331000221102	0	766939001	900000000000011006	900000000000451002
76361002000127	20250509	1	11002000107	11631002000104	901002000103	1	41002000106	900000000000011006	900000000000451002
76371002000121	20250509	1	11002000107	11631002000104	318331000221102	0	766939001	900000000000011006	900000000000451002
76391002000122	20250509	1	11002000107	11641002000107	131002000106	1	41002000106	900000000000011006	900000000000451002
76401002000124	20250509	1	11002000107	11641002000107	1771002000106	1	41002000106	900000000000011006	900000000000451002
76411002000122	20250509	1	11002000107	11641002000107	318331000221102	0	766939001	900000000000011006	900000000000451002
76421002000127	20250509	1	11002000107	11641002000107	1781002000109	1	41002000106	900000000000011006	900000000000451002
76441002000121	20250509	1	11002000107	11651002000109	318331000221102	0	766939001	900000000000011006	900000000000451002
76461002000120	20250509	1	11002000107	11651002000109	6501002000101	1	41002000106	900000000000011006	900000000000451002
76471002000126	20250509	1	11002000107	11661002000106	318331000221102	0	766939001	900000000000011006	900000000000451002
76491002000125	20250509	1	11002000107	11661002000106	3431002000100	1	41002000106	900000000000011006	900000000000451002
76501002000120	20250509	1	11002000107	11671002000101	318331000221102	0	766939001	900000000000011006	900000000000451002
76521002000128	20250509	1	11002000107	11671002000101	71002000100	1	41002000106	900000000000011006	900000000000451002
76531002000125	20250509	1	11002000107	11681002000103	1271002000100	1	41002000106	900000000000011006	900000000000451002
76541002000122	20250509	1	11002000107	11681002000103	318331000221102	0	766939001	900000000000011006	900000000000451002
76561002000121	20250509	1	11002000107	11691002000100	131002000106	1	41002000106	900000000000011006	900000000000451002
76571002000127	20250509	1	11002000107	11691002000100	318331000221102	0	766939001	900000000000011006	900000000000451002
76591002000126	20250509	1	11002000107	11701002000100	3351002000100	1	41002000106	900000000000011006	900000000000451002
76601002000121	20250509	1	11002000107	11701002000100	318331000221102	0	766939001	900000000000011006	900000000000451002
76621002000129	20250509	1	11002000107	11711002000102	318331000221102	0	766939001	900000000000011006	900000000000451002
76641002000123	20250509	1	11002000107	11711002000102	71002000100	1	41002000106	900000000000011006	900000000000451002
76651002000120	20250509	1	11002000107	11721002000108	318331000221102	0	766939001	900000000000011006	900000000000451002
76671002000128	20250509	1	11002000107	11721002000108	71002000100	1	41002000106	900000000000011006	900000000000451002
76681002000125	20250509	1	11002000107	11731002000106	318331000221102	0	766939001	900000000000011006	900000000000451002
76701002000127	20250509	1	11002000107	11731002000106	441002000106	1	41002000106	900000000000011006	900000000000451002
76711002000129	20250509	1	11002000107	11731002000106	411002000107	1	41002000106	900000000000011006	900000000000451002
76721002000124	20250509	1	11002000107	11741002000103	318331000221102	0	766939001	900000000000011006	900000000000451002
76741002000125	20250509	1	11002000107	11741002000103	331002000108	1	41002000106	900000000000011006	900000000000451002
76751002000128	20250509	1	11002000107	11751002000101	318331000221102	0	766939001	900000000000011006	900000000000451002
76771002000120	20250509	1	11002000107	11751002000101	2481002000108	1	41002000106	900000000000011006	900000000000451002
76781002000123	20250509	1	11002000107	11761002000104	1771002000106	1	41002000106	900000000000011006	900000000000451002
76791002000121	20250509	1	11002000107	11761002000104	318331000221102	0	766939001	900000000000011006	900000000000451002
76811002000120	20250509	1	11002000107	11771002000109	131002000106	1	41002000106	900000000000011006	900000000000451002
76821002000125	20250509	1	11002000107	11771002000109	318331000221102	0	766939001	900000000000011006	900000000000451002
76831002000127	20250509	1	11002000107	11771002000109	2381002000101	1	41002000106	900000000000011006	900000000000451002
76851002000121	20250509	1	11002000107	11781002000107	131002000106	1	41002000106	900000000000011006	900000000000451002
76861002000123	20250509	1	11002000107	11781002000107	318331000221102	0	766939001	900000000000011006	900000000000451002
76881002000126	20250509	1	11002000107	11791002000105	9441002000106	1	41002000106	900000000000011006	900000000000451002
76891002000128	20250509	1	11002000107	11791002000105	131002000106	1	41002000106	900000000000011006	900000000000451002
76901002000129	20250509	1	11002000107	11791002000105	318331000221102	0	766939001	900000000000011006	900000000000451002
76911002000126	20250509	1	11002000107	11791002000105	2381002000101	1	41002000106	900000000000011006	900000000000451002
76931002000124	20250509	1	11002000107	11801002000106	2371002000104	1	41002000106	900000000000011006	900000000000451002
76941002000127	20250509	1	11002000107	11801002000106	318331000221102	0	766939001	900000000000011006	900000000000451002
76961002000128	20250509	1	11002000107	11811002000109	318331000221102	0	766939001	900000000000011006	900000000000451002
76981002000120	20250509	1	11002000107	11811002000109	2071002000102	1	41002000106	900000000000011006	900000000000451002
76991002000123	20250509	1	11002000107	11821002000103	121002000108	1	41002000106	900000000000011006	900000000000451002
77001002000128	20250509	1	11002000107	11821002000103	318331000221102	0	766939001	900000000000011006	900000000000451002
77021002000120	20250509	1	11002000107	11831002000100	3351002000100	1	41002000106	900000000000011006	900000000000451002
77031002000123	20250509	1	11002000107	11831002000100	318331000221102	0	766939001	900000000000011006	900000000000451002
77051002000129	20250509	1	11002000107	11841002000108	131002000106	1	41002000106	900000000000011006	900000000000451002
77061002000127	20250509	1	11002000107	11841002000108	1771002000106	1	41002000106	900000000000011006	900000000000451002
77071002000121	20250509	1	11002000107	11841002000108	318331000221102	0	766939001	900000000000011006	900000000000451002
77081002000124	20250509	1	11002000107	11841002000108	1781002000109	1	41002000106	900000000000011006	900000000000451002
77101002000129	20250509	1	11002000107	11851002000105	131002000106	1	41002000106	900000000000011006	900000000000451002
77111002000126	20250509	1	11002000107	11851002000105	318331000221102	0	766939001	900000000000011006	900000000000451002
77131002000124	20250509	1	11002000107	11861002000107	131002000106	1	41002000106	900000000000011006	900000000000451002
77141002000127	20250509	1	11002000107	11861002000107	318331000221102	0	766939001	900000000000011006	900000000000451002
77161002000128	20250509	1	11002000107	11871002000102	431002000103	1	41002000106	900000000000011006	900000000000451002
77171002000122	20250509	1	11002000107	11871002000102	318331000221102	0	766939001	900000000000011006	900000000000451002
77191002000123	20250509	1	11002000107	11871002000102	441002000106	1	41002000106	900000000000011006	900000000000451002
77201002000121	20250509	1	11002000107	11871002000102	421002000101	1	41002000106	900000000000011006	900000000000451002
77211002000124	20250509	1	11002000107	11871002000102	411002000107	1	41002000106	900000000000011006	900000000000451002
77221002000129	20250509	1	11002000107	11881002000104	10711002000109	1	41002000106	900000000000011006	900000000000451002
77231002000126	20250509	1	11002000107	11881002000104	318331000221102	0	766939001	900000000000011006	900000000000451002
77251002000120	20250509	1	11002000107	11891002000101	318331000221102	0	766939001	900000000000011006	900000000000451002
77271002000128	20250509	1	11002000107	11891002000101	71002000100	1	41002000106	900000000000011006	900000000000451002
77281002000125	20250509	1	11002000107	11901002000102	318331000221102	0	766939001	900000000000011006	900000000000451002
77301002000126	20250509	1	11002000107	11901002000102	6471002000106	1	41002000106	900000000000011006	900000000000451002
77311002000128	20250509	1	11002000107	11911002000104	318331000221102	0	766939001	900000000000011006	900000000000451002
77331002000121	20250509	1	11002000107	11911002000104	6471002000106	1	41002000106	900000000000011006	900000000000451002
77341002000129	20250509	1	11002000107	11921002000105	901002000103	1	41002000106	900000000000011006	900000000000451002
77351002000127	20250509	1	11002000107	11921002000105	131002000106	1	41002000106	900000000000011006	900000000000451002
77361002000125	20250509	1	11002000107	11921002000105	318331000221102	0	766939001	900000000000011006	900000000000451002
77381002000122	20250509	1	11002000107	11931002000108	1351002000104	1	41002000106	900000000000011006	900000000000451002
77391002000120	20250509	1	11002000107	11931002000108	318331000221102	0	766939001	900000000000011006	900000000000451002
77411002000120	20250509	1	11002000107	11941002000100	318331000221102	0	766939001	900000000000011006	900000000000451002
77431002000127	20250509	1	11002000107	11941002000100	6501002000101	1	41002000106	900000000000011006	900000000000451002
77441002000124	20250509	1	11002000107	11961002000101	318331000221102	0	766939001	900000000000011006	900000000000451002
77461002000123	20250509	1	11002000107	11961002000101	11951002000103	1	41002000106	900000000000011006	900000000000451002
77471002000129	20250509	1	11002000107	11971002000106	1611002000105	1	41002000106	900000000000011006	900000000000451002
77481002000126	20250509	1	11002000107	11971002000106	2171002000101	1	41002000106	900000000000011006	900000000000451002
77491002000128	20250509	1	11002000107	11971002000106	1631002000101	1	41002000106	900000000000011006	900000000000451002
77501002000123	20250509	1	11002000107	11971002000106	771002000105	1	41002000106	900000000000011006	900000000000451002
77511002000121	20250509	1	11002000107	11971002000106	831002000101	1	41002000106	900000000000011006	900000000000451002
77521002000126	20250509	1	11002000107	11971002000106	781002000108	1	41002000106	900000000000011006	900000000000451002
77531002000128	20250509	1	11002000107	11971002000106	811002000105	1	41002000106	900000000000011006	900000000000451002
77541002000120	20250509	1	11002000107	11971002000106	1621002000104	1	41002000106	900000000000011006	900000000000451002
77561002000124	20250509	1	11002000107	11971002000106	2161002000106	1	41002000106	900000000000011006	900000000000451002
77571002000125	20250509	1	11002000107	11971002000106	2151002000109	1	41002000106	900000000000011006	900000000000451002
77581002000127	20250509	1	11002000107	11971002000106	318331000221102	0	766939001	900000000000011006	900000000000451002
77591002000129	20250509	1	11002000107	11971002000106	821002000104	1	41002000106	900000000000011006	900000000000451002
77601002000124	20250509	1	11002000107	11971002000106	791002000106	1	41002000106	900000000000011006	900000000000451002
77611002000122	20250509	1	11002000107	11971002000106	801002000107	1	41002000106	900000000000011006	900000000000451002
77621002000127	20250509	1	11002000107	11991002000107	11981002000109	1	41002000106	900000000000011006	900000000000451002
77631002000129	20250509	1	11002000107	11991002000107	318331000221102	0	766939001	900000000000011006	900000000000451002
77651002000123	20250509	1	11002000107	12001002000109	3351002000100	1	41002000106	900000000000011006	900000000000451002
77661002000120	20250509	1	11002000107	12001002000109	318331000221102	0	766939001	900000000000011006	900000000000451002
77681002000128	20250509	1	11002000107	12011002000107	3351002000100	1	41002000106	900000000000011006	900000000000451002
77691002000125	20250509	1	11002000107	12011002000107	318331000221102	0	766939001	900000000000011006	900000000000451002
77711002000127	20250509	1	11002000107	12021002000101	318331000221102	0	766939001	900000000000011006	900000000000451002
77721002000122	20250509	1	11002000107	12021002000101	10671002000105	1	41002000106	900000000000011006	900000000000451002
77741002000128	20250509	1	11002000107	12031002000103	10691002000106	1	41002000106	900000000000011006	900000000000451002
77751002000126	20250509	1	11002000107	12031002000103	318331000221102	0	766939001	900000000000011006	900000000000451002
77771002000123	20250509	1	11002000107	12041002000106	901002000103	1	41002000106	900000000000011006	900000000000451002
77781002000121	20250509	1	11002000107	12041002000106	131002000106	1	41002000106	900000000000011006	900000000000451002
77791002000124	20250509	1	11002000107	12041002000106	318331000221102	0	766939001	900000000000011006	900000000000451002
77811002000123	20250509	1	11002000107	12051002000108	131002000106	1	41002000106	900000000000011006	900000000000451002
77821002000128	20250509	1	11002000107	12051002000108	111002000102	1	41002000106	900000000000011006	900000000000451002
77831002000125	20250509	1	11002000107	12051002000108	318331000221102	0	766939001	900000000000011006	900000000000451002
77851002000124	20250509	1	11002000107	12061002000105	318331000221102	0	766939001	900000000000011006	900000000000451002
77871002000127	20250509	1	11002000107	12061002000105	1171002000105	1	41002000106	900000000000011006	900000000000451002
77881002000129	20250509	1	11002000107	12071002000100	318331000221102	0	766939001	900000000000011006	900000000000451002
77901002000127	20250509	1	11002000107	12071002000100	1171002000105	1	41002000106	900000000000011006	900000000000451002
77911002000129	20250509	1	11002000107	12081002000102	318331000221102	0	766939001	900000000000011006	900000000000451002
77931002000122	20250509	1	11002000107	12081002000102	6471002000106	1	41002000106	900000000000011006	900000000000451002
77941002000125	20250509	1	11002000107	12091002000104	131002000106	1	41002000106	900000000000011006	900000000000451002
77951002000128	20250509	1	11002000107	12091002000104	111002000102	1	41002000106	900000000000011006	900000000000451002
77961002000126	20250509	1	11002000107	12091002000104	318331000221102	0	766939001	900000000000011006	900000000000451002
77981002000123	20250509	1	11002000107	12101002000108	131002000106	1	41002000106	900000000000011006	900000000000451002
77991002000121	20250509	1	11002000107	12101002000108	318331000221102	0	766939001	900000000000011006	900000000000451002
78011002000126	20250509	1	11002000107	12111002000106	1391002000108	1	41002000106	900000000000011006	900000000000451002
78021002000121	20250509	1	11002000107	12111002000106	131002000106	1	41002000106	900000000000011006	900000000000451002
78031002000124	20250509	1	11002000107	12111002000106	111002000102	1	41002000106	900000000000011006	900000000000451002
78041002000127	20250509	1	11002000107	12111002000106	318331000221102	0	766939001	900000000000011006	900000000000451002
78061002000128	20250509	1	11002000107	12121002000100	891002000102	1	41002000106	900000000000011006	900000000000451002
78071002000122	20250509	1	11002000107	12121002000100	901002000103	1	41002000106	900000000000011006	900000000000451002
78081002000120	20250509	1	11002000107	12121002000100	131002000106	1	41002000106	900000000000011006	900000000000451002
78091002000123	20250509	1	11002000107	12121002000100	318331000221102	0	766939001	900000000000011006	900000000000451002
78111002000127	20250509	1	11002000107	12131002000102	121002000108	1	41002000106	900000000000011006	900000000000451002
78121002000122	20250509	1	11002000107	12131002000102	318331000221102	0	766939001	900000000000011006	900000000000451002
78141002000128	20250509	1	11002000107	12151002000107	12141002000105	1	41002000106	900000000000011006	900000000000451002
78151002000126	20250509	1	11002000107	12151002000107	318331000221102	0	766939001	900000000000011006	900000000000451002
78171002000123	20250509	1	11002000107	12161002000109	1351002000104	1	41002000106	900000000000011006	900000000000451002
78181002000121	20250509	1	11002000107	12161002000109	318331000221102	0	766939001	900000000000011006	900000000000451002
78201002000122	20250509	1	11002000107	12171002000104	1391002000108	1	41002000106	900000000000011006	900000000000451002
78211002000120	20250509	1	11002000107	12171002000104	131002000106	1	41002000106	900000000000011006	900000000000451002
78221002000125	20250509	1	11002000107	12171002000104	111002000102	1	41002000106	900000000000011006	900000000000451002
78231002000127	20250509	1	11002000107	12171002000104	318331000221102	0	766939001	900000000000011006	900000000000451002
78251002000121	20250509	1	11002000107	12181002000101	318331000221102	0	766939001	900000000000011006	900000000000451002
78271002000129	20250509	1	11002000107	12181002000101	71002000100	1	41002000106	900000000000011006	900000000000451002
78281002000126	20250509	1	11002000107	12211002000102	318331000221102	0	766939001	900000000000011006	900000000000451002
78301002000127	20250509	1	11002000107	12211002000102	12191002000103	1	41002000106	900000000000011006	900000000000451002
78311002000129	20250509	1	11002000107	12211002000102	12201002000100	1	41002000106	900000000000011006	900000000000451002
78321002000124	20250509	1	11002000107	12221002000108	318331000221102	0	766939001	900000000000011006	900000000000451002
78331002000122	20250509	1	11002000107	12221002000108	7881002000108	1	41002000106	900000000000011006	900000000000451002
78351002000128	20250509	1	11002000107	12231002000106	318331000221102	0	766939001	900000000000011006	900000000000451002
78371002000120	20250509	1	11002000107	12231002000106	12201002000100	1	41002000106	900000000000011006	900000000000451002
78381002000123	20250509	1	11002000107	12241002000103	91002000104	1	41002000106	900000000000011006	900000000000451002
78391002000121	20250509	1	11002000107	12241002000103	318331000221102	0	766939001	900000000000011006	900000000000451002
78411002000121	20250509	1	11002000107	12271002000109	12251002000101	1	41002000106	900000000000011006	900000000000451002
78421002000126	20250509	1	11002000107	12271002000109	12261002000104	1	41002000106	900000000000011006	900000000000451002
78431002000128	20250509	1	11002000107	12271002000109	318331000221102	0	766939001	900000000000011006	900000000000451002
78451002000122	20250509	1	11002000107	12291002000105	318331000221102	0	766939001	900000000000011006	900000000000451002
78471002000125	20250509	1	11002000107	12291002000105	12281002000107	1	41002000106	900000000000011006	900000000000451002
78481002000127	20250509	1	11002000107	12311002000109	12251002000101	1	41002000106	900000000000011006	900000000000451002
78491002000129	20250509	1	11002000107	12311002000109	318331000221102	0	766939001	900000000000011006	900000000000451002
78511002000122	20250509	1	11002000107	12311002000109	12301002000106	1	41002000106	900000000000011006	900000000000451002
78521002000127	20250509	1	11002000107	12331002000100	318331000221102	0	766939001	900000000000011006	900000000000451002
78541002000121	20250509	1	11002000107	12331002000100	12321002000103	1	41002000106	900000000000011006	900000000000451002
78551002000123	20250509	1	11002000107	12331002000100	12201002000100	1	41002000106	900000000000011006	900000000000451002
78561002000120	20250509	1	11002000107	12341002000108	318331000221102	0	766939001	900000000000011006	900000000000451002
78581002000128	20250509	1	11002000107	12341002000108	8061002000109	1	41002000106	900000000000011006	900000000000451002
78591002000125	20250509	1	11002000107	12351002000105	318331000221102	0	766939001	900000000000011006	900000000000451002
78601002000120	20250509	1	11002000107	12351002000105	7881002000108	1	41002000106	900000000000011006	900000000000451002
78621002000128	20250509	1	11002000107	12371002000102	12361002000107	1	41002000106	900000000000011006	900000000000451002
78631002000125	20250509	1	11002000107	12371002000102	318331000221102	0	766939001	900000000000011006	900000000000451002
78651002000124	20250509	1	11002000107	12381002000104	318331000221102	0	766939001	900000000000011006	900000000000451002
78671002000127	20250509	1	11002000107	12381002000104	271002000104	1	41002000106	900000000000011006	900000000000451002
78681002000129	20250509	1	11002000107	12391002000101	251002000107	1	41002000106	900000000000011006	900000000000451002
78691002000126	20250509	1	11002000107	12391002000101	1391002000108	1	41002000106	900000000000011006	900000000000451002
78701002000126	20250509	1	11002000107	12391002000101	131002000106	1	41002000106	900000000000011006	900000000000451002
78711002000128	20250509	1	11002000107	12391002000101	111002000102	1	41002000106	900000000000011006	900000000000451002
78731002000121	20250509	1	11002000107	12391002000101	51002000108	1	41002000106	900000000000011006	900000000000451002
78741002000129	20250509	1	11002000107	12391002000101	318331000221102	0	766939001	900000000000011006	900000000000451002
78751002000127	20250509	1	11002000107	12401002000104	318331000221102	0	766939001	900000000000011006	900000000000451002
78771002000124	20250509	1	11002000107	12401002000104	8021002000100	1	41002000106	900000000000011006	900000000000451002
78781002000122	20250509	1	11002000107	12411002000101	318331000221102	0	766939001	900000000000011006	900000000000451002
78801002000121	20250509	1	11002000107	12411002000101	12201002000100	1	41002000106	900000000000011006	900000000000451002
78811002000124	20250509	1	11002000107	12441002000102	318331000221102	0	766939001	900000000000011006	900000000000451002
78821002000129	20250509	1	11002000107	12441002000102	12431002000105	1	41002000106	900000000000011006	900000000000451002
78841002000123	20250509	1	11002000107	12441002000102	12421002000107	1	41002000106	900000000000011006	900000000000451002
78851002000120	20250509	1	11002000107	12471002000108	318331000221102	0	766939001	900000000000011006	900000000000451002
78871002000128	20250509	1	11002000107	12471002000108	12461002000103	1	41002000106	900000000000011006	900000000000451002
78881002000125	20250509	1	11002000107	12471002000108	12451002000100	1	41002000106	900000000000011006	900000000000451002
78891002000127	20250509	1	11002000107	12481002000106	251002000107	1	41002000106	900000000000011006	900000000000451002
78901002000128	20250509	1	11002000107	12481002000106	318331000221102	0	766939001	900000000000011006	900000000000451002
78921002000120	20250509	1	11002000107	12491002000109	318331000221102	0	766939001	900000000000011006	900000000000451002
78941002000126	20250509	1	11002000107	12491002000109	1171002000105	1	41002000106	900000000000011006	900000000000451002
78951002000129	20250509	1	11002000107	12511002000100	12501002000103	1	41002000106	900000000000011006	900000000000451002
78961002000127	20250509	1	11002000107	12511002000100	318331000221102	0	766939001	900000000000011006	900000000000451002
78971002000121	20250509	1	11002000107	12511002000100	12431002000105	1	41002000106	900000000000011006	900000000000451002
78991002000122	20250509	1	11002000107	12521002000106	1051002000101	1	41002000106	900000000000011006	900000000000451002
79001002000122	20250509	1	11002000107	12521002000106	318331000221102	0	766939001	900000000000011006	900000000000451002
79021002000125	20250509	1	11002000107	12531002000109	318331000221102	0	766939001	900000000000011006	900000000000451002
79041002000124	20250509	1	11002000107	12531002000109	1031002000106	1	41002000106	900000000000011006	900000000000451002
79051002000121	20250509	1	11002000107	12541002000101	318331000221102	0	766939001	900000000000011006	900000000000451002
79071002000129	20250509	1	11002000107	12541002000101	12201002000100	1	41002000106	900000000000011006	900000000000451002
79081002000126	20250509	1	11002000107	12561002000102	318331000221102	0	766939001	900000000000011006	900000000000451002
79101002000121	20250509	1	11002000107	12561002000102	12551002000104	1	41002000106	900000000000011006	900000000000451002
79111002000124	20250509	1	11002000107	12581002000105	318331000221102	0	766939001	900000000000011006	900000000000451002
79121002000129	20250509	1	11002000107	12581002000105	12571002000107	1	41002000106	900000000000011006	900000000000451002
79141002000123	20250509	1	11002000107	12601002000102	12591002000108	1	41002000106	900000000000011006	900000000000451002
79151002000120	20250509	1	11002000107	12601002000102	318331000221102	0	766939001	900000000000011006	900000000000451002
79171002000128	20250509	1	11002000107	12611002000104	8221002000107	1	41002000106	900000000000011006	900000000000451002
79181002000125	20250509	1	11002000107	12611002000104	318331000221102	0	766939001	900000000000011006	900000000000451002
79201002000129	20250509	1	11002000107	12621002000105	12361002000107	1	41002000106	900000000000011006	900000000000451002
79211002000126	20250509	1	11002000107	12621002000105	318331000221102	0	766939001	900000000000011006	900000000000451002
79231002000124	20250509	1	11002000107	12631002000108	121002000108	1	41002000106	900000000000011006	900000000000451002
79241002000127	20250509	1	11002000107	12631002000108	131002000106	1	41002000106	900000000000011006	900000000000451002
79251002000125	20250509	1	11002000107	12631002000108	111002000102	1	41002000106	900000000000011006	900000000000451002
79271002000122	20250509	1	11002000107	12631002000108	51002000108	1	41002000106	900000000000011006	900000000000451002
79281002000120	20250509	1	11002000107	12631002000108	318331000221102	0	766939001	900000000000011006	900000000000451002
79291002000123	20250509	1	11002000107	12631002000108	331002000108	1	41002000106	900000000000011006	900000000000451002
79301002000124	20250509	1	11002000107	12651002000103	12641002000100	1	41002000106	900000000000011006	900000000000451002
79321002000127	20250509	1	11002000107	12651002000103	871530006	0	766939001	900000000000011006	900000000000451002
79331002000129	20250509	1	11002000107	12671002000106	12661002000101	1	41002000106	900000000000011006	900000000000451002
79341002000121	20250509	1	11002000107	12671002000106	318331000221102	0	766939001	900000000000011006	900000000000451002
79361002000120	20250509	1	11002000107	12681002000109	901002000103	1	41002000106	900000000000011006	900000000000451002
79371002000126	20250509	1	11002000107	12681002000109	131002000106	1	41002000106	900000000000011006	900000000000451002
79381002000128	20250509	1	11002000107	12681002000109	318331000221102	0	766939001	900000000000011006	900000000000451002
79401002000128	20250509	1	11002000107	12691002000107	901002000103	1	41002000106	900000000000011006	900000000000451002
79411002000125	20250509	1	11002000107	12691002000107	131002000106	1	41002000106	900000000000011006	900000000000451002
79421002000120	20250509	1	11002000107	12691002000107	318331000221102	0	766939001	900000000000011006	900000000000451002
79441002000126	20250509	1	11002000107	12701002000107	12641002000100	1	41002000106	900000000000011006	900000000000451002
79461002000127	20250509	1	11002000107	12701002000107	871530006	0	766939001	900000000000011006	900000000000451002
79471002000121	20250509	1	11002000107	12721002000104	318331000221102	0	766939001	900000000000011006	900000000000451002
79491002000122	20250509	1	11002000107	12721002000104	12711002000105	1	41002000106	900000000000011006	900000000000451002
79501002000127	20250509	1	11002000107	12741002000109	318331000221102	0	766939001	900000000000011006	900000000000451002
79521002000124	20250509	1	11002000107	12741002000109	12731002000101	1	41002000106	900000000000011006	900000000000451002
79531002000122	20250509	1	11002000107	12761002000108	318331000221102	0	766939001	900000000000011006	900000000000451002
79551002000128	20250509	1	11002000107	12761002000108	12751002000106	1	41002000106	900000000000011006	900000000000451002
79561002000126	20250509	1	11002000107	12791002000102	12771002000103	1	41002000106	900000000000011006	900000000000451002
79571002000120	20250509	1	11002000107	12791002000102	318331000221102	0	766939001	900000000000011006	900000000000451002
79581002000123	20250509	1	11002000107	12791002000102	12781002000100	1	41002000106	900000000000011006	900000000000451002
79601002000126	20250509	1	11002000107	12811002000103	318331000221102	0	766939001	900000000000011006	900000000000451002
79621002000123	20250509	1	11002000107	12811002000103	12801002000101	1	41002000106	900000000000011006	900000000000451002
79631002000121	20250509	1	11002000107	12831002000107	12821002000109	1	41002000106	900000000000011006	900000000000451002
79641002000129	20250509	1	11002000107	12831002000107	318331000221102	0	766939001	900000000000011006	900000000000451002
79661002000125	20250509	1	11002000107	12841002000104	251002000107	1	41002000106	900000000000011006	900000000000451002
79671002000124	20250509	1	11002000107	12841002000104	318331000221102	0	766939001	900000000000011006	900000000000451002
79691002000120	20250509	1	11002000107	12861002000100	318331000221102	0	766939001	900000000000011006	900000000000451002
79711002000123	20250509	1	11002000107	12861002000100	12851002000102	1	41002000106	900000000000011006	900000000000451002
79721002000128	20250509	1	11002000107	12881002000108	318331000221102	0	766939001	900000000000011006	900000000000451002
79741002000122	20250509	1	11002000107	12881002000108	12871002000105	1	41002000106	900000000000011006	900000000000451002
79751002000124	20250509	1	11002000107	12891002000106	318331000221102	0	766939001	900000000000011006	900000000000451002
79771002000127	20250509	1	11002000107	12891002000106	12851002000102	1	41002000106	900000000000011006	900000000000451002
79781002000129	20250509	1	11002000107	12901002000105	501002000105	1	41002000106	900000000000011006	900000000000451002
79791002000126	20250509	1	11002000107	12901002000105	6111002000109	1	41002000106	900000000000011006	900000000000451002
79811002000127	20250509	1	11002000107	12901002000105	7121002000100	1	41002000106	900000000000011006	900000000000451002
79821002000122	20250509	1	11002000107	12901002000105	318331000221102	0	766939001	900000000000011006	900000000000451002
79831002000120	20250509	1	11002000107	12901002000105	6101002000106	1	41002000106	900000000000011006	900000000000451002
79841002000128	20250509	1	11002000107	12901002000105	4121002000107	1	41002000106	900000000000011006	900000000000451002
79851002000126	20250509	1	11002000107	12921002000102	763158003	0	116680003	900000000000011006	900000000000451002
79861002000129	20250509	1	11002000107	12921002000102	871530006	0	766939001	900000000000011006	900000000000451002
79871002000123	20250509	1	11002000107	12921002000102	12911002000108	1	41002000106	900000000000011006	900000000000451002
79881002000121	20250509	1	11002000107	12941002000107	12931002000104	1	41002000106	900000000000011006	900000000000451002
79891002000124	20250509	1	11002000107	12941002000107	318331000221102	0	766939001	900000000000011006	900000000000451002
79911002000121	20250509	1	11002000107	12961002000106	12951002000109	1	41002000106	900000000000011006	900000000000451002
79921002000126	20250509	1	11002000107	12961002000106	318331000221102	0	766939001	900000000000011006	900000000000451002
79941002000120	20250509	1	11002000107	12981002000103	318331000221102	0	766939001	900000000000011006	900000000000451002
79951002000122	20250509	1	11002000107	12981002000103	12971002000101	1	41002000106	900000000000011006	900000000000451002
79971002000125	20250509	1	11002000107	13001002000104	12991002000100	1	41002000106	900000000000011006	900000000000451002
79981002000127	20250509	1	11002000107	13001002000104	318331000221102	0	766939001	900000000000011006	900000000000451002
80001002000122	20250509	1	11002000107	13021002000107	13011002000101	1	41002000106	900000000000011006	900000000000451002
80011002000120	20250509	1	11002000107	13021002000107	318331000221102	0	766939001	900000000000011006	900000000000451002
80031002000127	20250509	1	11002000107	13041002000102	13031002000105	1	41002000106	900000000000011006	900000000000451002
80041002000124	20250509	1	11002000107	13041002000102	318331000221102	0	766939001	900000000000011006	900000000000451002
80061002000123	20250509	1	11002000107	13061002000103	763158003	0	116680003	900000000000011006	900000000000451002
80071002000129	20250509	1	11002000107	13061002000103	871530006	0	766939001	900000000000011006	900000000000451002
80081002000126	20250509	1	11002000107	13061002000103	13051002000100	1	41002000106	900000000000011006	900000000000451002
80091002000128	20250509	1	11002000107	13071002000108	318331000221102	0	766939001	900000000000011006	900000000000451002
80111002000124	20250509	1	11002000107	13071002000108	7591002000108	1	41002000106	900000000000011006	900000000000451002
80121002000129	20250509	1	11002000107	13091002000109	13081002000106	1	41002000106	900000000000011006	900000000000451002
80131002000126	20250509	1	11002000107	13091002000109	318331000221102	0	766939001	900000000000011006	900000000000451002
80151002000120	20250509	1	11002000107	13101002000100	318331000221102	0	766939001	900000000000011006	900000000000451002
80161002000122	20250509	1	11002000107	13101002000100	12431002000105	1	41002000106	900000000000011006	900000000000451002
80181002000125	20250509	1	11002000107	13121002000108	13111002000102	1	41002000106	900000000000011006	900000000000451002
80191002000127	20250509	1	11002000107	13121002000108	318331000221102	0	766939001	900000000000011006	900000000000451002
80211002000126	20250509	1	11002000107	13131002000106	318331000221102	0	766939001	900000000000011006	900000000000451002
80231002000124	20250509	1	11002000107	13131002000106	3061002000100	1	41002000106	900000000000011006	900000000000451002
80241002000127	20250509	1	11002000107	13151002000101	318331000221102	0	766939001	900000000000011006	900000000000451002
80251002000125	20250509	1	11002000107	13151002000101	13141002000103	1	41002000106	900000000000011006	900000000000451002
80271002000122	20250509	1	11002000107	13201002000108	13181002000107	1	41002000106	900000000000011006	900000000000451002
80281002000120	20250509	1	11002000107	13201002000108	13161002000104	1	41002000106	900000000000011006	900000000000451002
80291002000123	20250509	1	11002000107	13201002000108	318331000221102	0	766939001	900000000000011006	900000000000451002
80311002000122	20250509	1	11002000107	13201002000108	13191002000105	1	41002000106	900000000000011006	900000000000451002
80321002000127	20250509	1	11002000107	13201002000108	13171002000109	1	41002000106	900000000000011006	900000000000451002
80331002000129	20250509	1	11002000107	13221002000100	318331000221102	0	766939001	900000000000011006	900000000000451002
80351002000123	20250509	1	11002000107	13221002000100	13211002000106	1	41002000106	900000000000011006	900000000000451002
80361002000120	20250509	1	11002000107	13231002000102	318331000221102	0	766939001	900000000000011006	900000000000451002
80381002000128	20250509	1	11002000107	13231002000102	13211002000106	1	41002000106	900000000000011006	900000000000451002
80391002000125	20250509	1	11002000107	13261002000109	318331000221102	0	766939001	900000000000011006	900000000000451002
80401002000128	20250509	1	11002000107	13261002000109	971002000107	1	41002000106	900000000000011006	900000000000451002
80421002000120	20250509	1	11002000107	13261002000109	13241002000105	1	41002000106	900000000000011006	900000000000451002
80431002000123	20250509	1	11002000107	13261002000109	13251002000107	1	41002000106	900000000000011006	900000000000451002
80441002000126	20250509	1	11002000107	13271002000104	318331000221102	0	766939001	900000000000011006	900000000000451002
80461002000127	20250509	1	11002000107	13271002000104	7841002000104	1	41002000106	900000000000011006	900000000000451002
80471002000121	20250509	1	11002000107	13301002000102	381002000109	1	41002000106	900000000000011006	900000000000451002
80481002000124	20250509	1	11002000107	13301002000102	13291002000103	1	41002000106	900000000000011006	900000000000451002
80491002000122	20250509	1	11002000107	13301002000102	1351002000104	1	41002000106	900000000000011006	900000000000451002
80501002000127	20250509	1	11002000107	13301002000102	763158003	0	116680003	900000000000011006	900000000000451002
80511002000129	20250509	1	11002000107	13301002000102	871530006	0	766939001	900000000000011006	900000000000451002
80521002000124	20250509	1	11002000107	13301002000102	13281002000101	1	41002000106	900000000000011006	900000000000451002
80541002000125	20250509	1	11002000107	13311002000104	4391002000106	1	41002000106	900000000000011006	900000000000451002
80551002000128	20250509	1	11002000107	13311002000104	871530006	0	766939001	900000000000011006	900000000000451002
80571002000120	20250509	1	11002000107	13321002000105	4801002000106	1	41002000106	900000000000011006	900000000000451002
80581002000123	20250509	1	11002000107	13321002000105	871530006	0	766939001	900000000000011006	900000000000451002
80601002000126	20250509	1	11002000107	13331002000108	871530006	0	766939001	900000000000011006	900000000000451002
80611002000128	20250509	1	11002000107	13331002000108	5191002000108	1	41002000106	900000000000011006	900000000000451002
80621002000123	20250509	1	11002000107	13341002000100	318331000221102	0	766939001	900000000000011006	900000000000451002
80641002000129	20250509	1	11002000107	13341002000100	1111002000103	1	41002000106	900000000000011006	900000000000451002
80651002000127	20250509	1	11002000107	13391002000107	1611002000105	1	41002000106	900000000000011006	900000000000451002
80661002000125	20250509	1	11002000107	13391002000107	13381002000109	1	41002000106	900000000000011006	900000000000451002
80671002000124	20250509	1	11002000107	13391002000107	9301002000102	1	41002000106	900000000000011006	900000000000451002
80681002000122	20250509	1	11002000107	13391002000107	9231002000102	1	41002000106	900000000000011006	900000000000451002
80691002000120	20250509	1	11002000107	13391002000107	831002000101	1	41002000106	900000000000011006	900000000000451002
80701002000120	20250509	1	11002000107	13391002000107	9341002000100	1	41002000106	900000000000011006	900000000000451002
80711002000123	20250509	1	11002000107	13391002000107	781002000108	1	41002000106	900000000000011006	900000000000451002
80721002000128	20250509	1	11002000107	13391002000107	13371002000106	1	41002000106	900000000000011006	900000000000451002
80731002000125	20250509	1	11002000107	13391002000107	13351002000103	1	41002000106	900000000000011006	900000000000451002
80741002000122	20250509	1	11002000107	13391002000107	1621002000104	1	41002000106	900000000000011006	900000000000451002
80751002000124	20250509	1	11002000107	13391002000107	2151002000109	1	41002000106	900000000000011006	900000000000451002
80761002000121	20250509	1	11002000107	13391002000107	801002000107	1	41002000106	900000000000011006	900000000000451002
80771002000127	20250509	1	11002000107	13391002000107	9331002000108	1	41002000106	900000000000011006	900000000000451002
80781002000129	20250509	1	11002000107	13391002000107	9321002000105	1	41002000106	900000000000011006	900000000000451002
80791002000126	20250509	1	11002000107	13391002000107	13361002000101	1	41002000106	900000000000011006	900000000000451002
80801002000125	20250509	1	11002000107	13391002000107	1631002000101	1	41002000106	900000000000011006	900000000000451002
80811002000127	20250509	1	11002000107	13391002000107	771002000105	1	41002000106	900000000000011006	900000000000451002
80821002000122	20250509	1	11002000107	13391002000107	811002000105	1	41002000106	900000000000011006	900000000000451002
80841002000128	20250509	1	11002000107	13391002000107	9311002000104	1	41002000106	900000000000011006	900000000000451002
80851002000126	20250509	1	11002000107	13391002000107	2161002000106	1	41002000106	900000000000011006	900000000000451002
80861002000129	20250509	1	11002000107	13391002000107	9221002000100	1	41002000106	900000000000011006	900000000000451002
80871002000123	20250509	1	11002000107	13391002000107	318331000221102	0	766939001	900000000000011006	900000000000451002
80881002000121	20250509	1	11002000107	13391002000107	821002000104	1	41002000106	900000000000011006	900000000000451002
80891002000124	20250509	1	11002000107	13391002000107	791002000106	1	41002000106	900000000000011006	900000000000451002
80911002000121	20250509	1	11002000107	13401002000109	871530006	0	766939001	900000000000011006	900000000000451002
80921002000126	20250509	1	11002000107	13401002000109	5191002000108	1	41002000106	900000000000011006	900000000000451002
80941002000120	20250509	1	11002000107	13411002000107	4801002000106	1	41002000106	900000000000011006	900000000000451002
80951002000122	20250509	1	11002000107	13411002000107	871530006	0	766939001	900000000000011006	900000000000451002
80971002000125	20250509	1	11002000107	13421002000101	4391002000106	1	41002000106	900000000000011006	900000000000451002
80981002000127	20250509	1	11002000107	13421002000101	871530006	0	766939001	900000000000011006	900000000000451002
80991002000129	20250509	1	11002000107	13431002000103	1591002000101	1	41002000106	900000000000011006	900000000000451002
81001002000128	20250509	1	11002000107	13431002000103	318331000221102	0	766939001	900000000000011006	900000000000451002
81031002000123	20250509	1	11002000107	13441002000106	871530006	0	766939001	900000000000011006	900000000000451002
81041002000126	20250509	1	11002000107	13441002000106	5651002000108	1	41002000106	900000000000011006	900000000000451002
81061002000127	20250509	1	11002000107	13451002000108	4801002000106	1	41002000106	900000000000011006	900000000000451002
81071002000121	20250509	1	11002000107	13451002000108	871530006	0	766939001	900000000000011006	900000000000451002
81091002000122	20250509	1	11002000107	13461002000105	4391002000106	1	41002000106	900000000000011006	900000000000451002
81101002000129	20250509	1	11002000107	13461002000105	871530006	0	766939001	900000000000011006	900000000000451002
81111002000126	20250509	1	11002000107	13481002000102	13471002000100	1	41002000106	900000000000011006	900000000000451002
81121002000121	20250509	1	11002000107	13481002000102	318331000221102	0	766939001	900000000000011006	900000000000451002
81141002000127	20250509	1	11002000107	13491002000104	318331000221102	0	766939001	900000000000011006	900000000000451002
81161002000128	20250509	1	11002000107	13491002000104	1111002000103	1	41002000106	900000000000011006	900000000000451002
81171002000122	20250509	1	11002000107	13501002000105	11411002000106	1	41002000106	900000000000011006	900000000000451002
81181002000120	20250509	1	11002000107	13501002000105	318331000221102	0	766939001	900000000000011006	900000000000451002
81211002000124	20250509	1	11002000107	13511002000108	871530006	0	766939001	900000000000011006	900000000000451002
81221002000129	20250509	1	11002000107	13511002000108	12911002000108	1	41002000106	900000000000011006	900000000000451002
81231002000126	20250509	1	11002000107	13521002000102	318331000221102	0	766939001	900000000000011006	900000000000451002
81251002000120	20250509	1	11002000107	13521002000102	71002000100	1	41002000106	900000000000011006	900000000000451002
81261002000122	20250509	1	11002000107	13541002000107	13531002000104	1	41002000106	900000000000011006	900000000000451002
81281002000125	20250509	1	11002000107	13541002000107	871530006	0	766939001	900000000000011006	900000000000451002
81291002000127	20250509	1	11002000107	13551002000109	318331000221102	0	766939001	900000000000011006	900000000000451002
81311002000128	20250509	1	11002000107	13551002000109	3171002000106	1	41002000106	900000000000011006	900000000000451002
81321002000123	20250509	1	11002000107	13561002000106	9801002000107	1	41002000106	900000000000011006	900000000000451002
81331002000121	20250509	1	11002000107	13561002000106	318331000221102	0	766939001	900000000000011006	900000000000451002
81351002000127	20250509	1	11002000107	13571002000101	318331000221102	0	766939001	900000000000011006	900000000000451002
81371002000124	20250509	1	11002000107	13571002000101	3081002000108	1	41002000106	900000000000011006	900000000000451002
81381002000122	20250509	1	11002000107	13581002000103	318331000221102	0	766939001	900000000000011006	900000000000451002
81401002000122	20250509	1	11002000107	13581002000103	3081002000108	1	41002000106	900000000000011006	900000000000451002
81411002000120	20250509	1	11002000107	13591002000100	5811002000108	1	41002000106	900000000000011006	900000000000451002
81431002000127	20250509	1	11002000107	13591002000100	871530006	0	766939001	900000000000011006	900000000000451002
81441002000124	20250509	1	11002000107	13601002000106	318331000221102	0	766939001	900000000000011006	900000000000451002
81461002000123	20250509	1	11002000107	13601002000106	3171002000106	1	41002000106	900000000000011006	900000000000451002
81471002000129	20250509	1	11002000107	13611002000109	8151002000106	1	41002000106	900000000000011006	900000000000451002
81481002000126	20250509	1	11002000107	13611002000109	318331000221102	0	766939001	900000000000011006	900000000000451002
81501002000123	20250509	1	11002000107	13631002000100	13621002000103	1	41002000106	900000000000011006	900000000000451002
81511002000121	20250509	1	11002000107	13631002000100	318331000221102	0	766939001	900000000000011006	900000000000451002
81531002000128	20250509	1	11002000107	13661002000107	13641002000108	1	41002000106	900000000000011006	900000000000451002
81541002000120	20250509	1	11002000107	13661002000107	318331000221102	0	766939001	900000000000011006	900000000000451002
81561002000124	20250509	1	11002000107	13661002000107	13651002000105	1	41002000106	900000000000011006	900000000000451002
81571002000125	20250509	1	11002000107	13671002000102	431002000103	1	41002000106	900000000000011006	900000000000451002
81581002000127	20250509	1	11002000107	13671002000102	318331000221102	0	766939001	900000000000011006	900000000000451002
81601002000124	20250509	1	11002000107	13671002000102	441002000106	1	41002000106	900000000000011006	900000000000451002
81611002000122	20250509	1	11002000107	13671002000102	411002000107	1	41002000106	900000000000011006	900000000000451002
81621002000127	20250509	1	11002000107	13681002000104	318331000221102	0	766939001	900000000000011006	900000000000451002
81641002000121	20250509	1	11002000107	13681002000104	441002000106	1	41002000106	900000000000011006	900000000000451002
81651002000123	20250509	1	11002000107	13691002000101	318331000221102	0	766939001	900000000000011006	900000000000451002
81661002000120	20250509	1	11002000107	13691002000101	1501002000106	1	41002000106	900000000000011006	900000000000451002
81681002000128	20250509	1	11002000107	13701002000101	318331000221102	0	766939001	900000000000011006	900000000000451002
81701002000125	20250509	1	11002000107	13701002000101	6521002000109	1	41002000106	900000000000011006	900000000000451002
81711002000127	20250509	1	11002000107	13711002000103	318331000221102	0	766939001	900000000000011006	900000000000451002
81731002000120	20250509	1	11002000107	13711002000103	8061002000109	1	41002000106	900000000000011006	900000000000451002
81741002000128	20250509	1	11002000107	13721002000109	1071002000109	1	41002000106	900000000000011006	900000000000451002
81751002000126	20250509	1	11002000107	13721002000109	318331000221102	0	766939001	900000000000011006	900000000000451002
81761002000129	20250509	1	11002000107	13721002000109	1081002000107	1	41002000106	900000000000011006	900000000000451002
81781002000121	20250509	1	11002000107	13731002000107	121002000108	1	41002000106	900000000000011006	900000000000451002
81791002000124	20250509	1	11002000107	13731002000107	131002000106	1	41002000106	900000000000011006	900000000000451002
81801002000120	20250509	1	11002000107	13731002000107	111002000102	1	41002000106	900000000000011006	900000000000451002
81821002000128	20250509	1	11002000107	13731002000107	51002000108	1	41002000106	900000000000011006	900000000000451002
81831002000125	20250509	1	11002000107	13731002000107	318331000221102	0	766939001	900000000000011006	900000000000451002
81841002000122	20250509	1	11002000107	13731002000107	331002000108	1	41002000106	900000000000011006	900000000000451002
81851002000124	20250509	1	11002000107	13741002000104	1271002000100	1	41002000106	900000000000011006	900000000000451002
81861002000121	20250509	1	11002000107	13741002000104	318331000221102	0	766939001	900000000000011006	900000000000451002
81881002000129	20250509	1	11002000107	13751002000102	318331000221102	0	766939001	900000000000011006	900000000000451002
81901002000127	20250509	1	11002000107	13751002000102	12461002000103	1	41002000106	900000000000011006	900000000000451002
81911002000129	20250509	1	11002000107	13751002000102	12451002000100	1	41002000106	900000000000011006	900000000000451002
81921002000124	20250509	1	11002000107	13761002000100	318331000221102	0	766939001	900000000000011006	900000000000451002
81941002000125	20250509	1	11002000107	13761002000100	13211002000106	1	41002000106	900000000000011006	900000000000451002
81951002000128	20250509	1	11002000107	13771002000105	7751002000106	1	41002000106	900000000000011006	900000000000451002
81961002000126	20250509	1	11002000107	13771002000105	318331000221102	0	766939001	900000000000011006	900000000000451002
81981002000123	20250509	1	11002000107	13781002000108	318331000221102	0	766939001	900000000000011006	900000000000451002
81991002000121	20250509	1	11002000107	13781002000108	971002000107	1	41002000106	900000000000011006	900000000000451002
82011002000121	20250509	1	11002000107	13781002000108	13241002000105	1	41002000106	900000000000011006	900000000000451002
82021002000126	20250509	1	11002000107	13781002000108	13251002000107	1	41002000106	900000000000011006	900000000000451002
82031002000128	20250509	1	11002000107	13791002000106	121002000108	1	41002000106	900000000000011006	900000000000451002
82041002000120	20250509	1	11002000107	13791002000106	251002000107	1	41002000106	900000000000011006	900000000000451002
82051002000122	20250509	1	11002000107	13791002000106	131002000106	1	41002000106	900000000000011006	900000000000451002
82061002000124	20250509	1	11002000107	13791002000106	111002000102	1	41002000106	900000000000011006	900000000000451002
82081002000127	20250509	1	11002000107	13791002000106	51002000108	1	41002000106	900000000000011006	900000000000451002
82091002000129	20250509	1	11002000107	13791002000106	318331000221102	0	766939001	900000000000011006	900000000000451002
82101002000122	20250509	1	11002000107	13791002000106	331002000108	1	41002000106	900000000000011006	900000000000451002
82111002000120	20250509	1	11002000107	13801002000107	3351002000100	1	41002000106	900000000000011006	900000000000451002
82121002000125	20250509	1	11002000107	13801002000107	318331000221102	0	766939001	900000000000011006	900000000000451002
82141002000124	20250509	1	11002000107	13811002000105	318331000221102	0	766939001	900000000000011006	900000000000451002
82161002000123	20250509	1	11002000107	13811002000105	2861002000102	1	41002000106	900000000000011006	900000000000451002
82171002000129	20250509	1	11002000107	13821002000104	318331000221102	0	766939001	900000000000011006	900000000000451002
82191002000128	20250509	1	11002000107	13821002000104	7841002000104	1	41002000106	900000000000011006	900000000000451002
82201002000125	20250509	1	11002000107	13831002000101	318331000221102	0	766939001	900000000000011006	900000000000451002
82211002000127	20250509	1	11002000107	13831002000101	2211002000104	1	41002000106	900000000000011006	900000000000451002
82231002000120	20250509	1	11002000107	13841002000109	121002000108	1	41002000106	900000000000011006	900000000000451002
82241002000128	20250509	1	11002000107	13841002000109	1391002000108	1	41002000106	900000000000011006	900000000000451002
82251002000126	20250509	1	11002000107	13841002000109	131002000106	1	41002000106	900000000000011006	900000000000451002
82261002000129	20250509	1	11002000107	13841002000109	111002000102	1	41002000106	900000000000011006	900000000000451002
82281002000121	20250509	1	11002000107	13841002000109	51002000108	1	41002000106	900000000000011006	900000000000451002
82291002000124	20250509	1	11002000107	13841002000109	318331000221102	0	766939001	900000000000011006	900000000000451002
82301002000120	20250509	1	11002000107	13851002000106	381002000109	1	41002000106	900000000000011006	900000000000451002
82311002000123	20250509	1	11002000107	13851002000106	13291002000103	1	41002000106	900000000000011006	900000000000451002
82321002000128	20250509	1	11002000107	13851002000106	1351002000104	1	41002000106	900000000000011006	900000000000451002
82331002000125	20250509	1	11002000107	13851002000106	318331000221102	0	766939001	900000000000011006	900000000000451002
82351002000124	20250509	1	11002000107	13851002000106	13281002000101	1	41002000106	900000000000011006	900000000000451002
82361002000121	20250509	1	11002000107	13861002000108	7911002000108	1	41002000106	900000000000011006	900000000000451002
82371002000127	20250509	1	11002000107	13861002000108	318331000221102	0	766939001	900000000000011006	900000000000451002
82391002000126	20250509	1	11002000107	13871002000103	7991002000100	1	41002000106	900000000000011006	900000000000451002
82401002000129	20250509	1	11002000107	13871002000103	318331000221102	0	766939001	900000000000011006	900000000000451002
82421002000121	20250509	1	11002000107	13881002000100	131002000106	1	41002000106	900000000000011006	900000000000451002
82431002000124	20250509	1	11002000107	13881002000100	318331000221102	0	766939001	900000000000011006	900000000000451002
82451002000125	20250509	1	11002000107	13881002000100	71002000100	1	41002000106	900000000000011006	900000000000451002
82461002000128	20250509	1	11002000107	13891002000102	4231002000101	1	41002000106	900000000000011006	900000000000451002
82471002000122	20250509	1	11002000107	13891002000102	561002000106	1	41002000106	900000000000011006	900000000000451002
82481002000120	20250509	1	11002000107	13891002000102	641002000108	1	41002000106	900000000000011006	900000000000451002
82491002000123	20250509	1	11002000107	13891002000102	651002000105	1	41002000106	900000000000011006	900000000000451002
82501002000128	20250509	1	11002000107	13891002000102	601002000106	1	41002000106	900000000000011006	900000000000451002
82511002000125	20250509	1	11002000107	13891002000102	731002000107	1	41002000106	900000000000011006	900000000000451002
82521002000120	20250509	1	11002000107	13891002000102	541002000107	1	41002000106	900000000000011006	900000000000451002
82531002000123	20250509	1	11002000107	13891002000102	4221002000104	1	41002000106	900000000000011006	900000000000451002
82541002000126	20250509	1	11002000107	13891002000102	4241002000109	1	41002000106	900000000000011006	900000000000451002
82561002000127	20250509	1	11002000107	13891002000102	721002000109	1	41002000106	900000000000011006	900000000000451002
82571002000121	20250509	1	11002000107	13891002000102	551002000109	1	41002000106	900000000000011006	900000000000451002
82581002000124	20250509	1	11002000107	13891002000102	531002000104	1	41002000106	900000000000011006	900000000000451002
82591002000122	20250509	1	11002000107	13891002000102	318331000221102	0	766939001	900000000000011006	900000000000451002
82601002000127	20250509	1	11002000107	13891002000102	611002000109	1	41002000106	900000000000011006	900000000000451002
82611002000129	20250509	1	11002000107	13891002000102	681002000104	1	41002000106	900000000000011006	900000000000451002
82621002000124	20250509	1	11002000107	13891002000102	631002000100	1	41002000106	900000000000011006	900000000000451002
82631002000122	20250509	1	11002000107	13891002000102	661002000107	1	41002000106	900000000000011006	900000000000451002
82641002000125	20250509	1	11002000107	13891002000102	741002000104	1	41002000106	900000000000011006	900000000000451002
82651002000128	20250509	1	11002000107	13901002000103	12771002000103	1	41002000106	900000000000011006	900000000000451002
82661002000126	20250509	1	11002000107	13901002000103	318331000221102	0	766939001	900000000000011006	900000000000451002
82671002000120	20250509	1	11002000107	13901002000103	12781002000100	1	41002000106	900000000000011006	900000000000451002
82691002000121	20250509	1	11002000107	13911002000100	2431002000107	1	41002000106	900000000000011006	900000000000451002
82701002000121	20250509	1	11002000107	13911002000100	318331000221102	0	766939001	900000000000011006	900000000000451002
82711002000124	20250509	1	11002000107	13911002000100	2441002000104	1	41002000106	900000000000011006	900000000000451002
82731002000126	20250509	1	11002000107	13911002000100	461002000105	1	41002000106	900000000000011006	900000000000451002
82741002000123	20250509	1	11002000107	13911002000100	2421002000109	1	41002000106	900000000000011006	900000000000451002
82751002000120	20250509	1	11002000107	13921002000106	10521002000105	1	41002000106	900000000000011006	900000000000451002
82761002000122	20250509	1	11002000107	13921002000106	318331000221102	0	766939001	900000000000011006	900000000000451002
82781002000125	20250509	1	11002000107	13931002000109	318331000221102	0	766939001	900000000000011006	900000000000451002
82801002000126	20250509	1	11002000107	13931002000109	11211002000105	1	41002000106	900000000000011006	900000000000451002
82811002000128	20250509	1	11002000107	13941002000101	1611002000105	1	41002000106	900000000000011006	900000000000451002
82821002000123	20250509	1	11002000107	13941002000101	13381002000109	1	41002000106	900000000000011006	900000000000451002
82831002000121	20250509	1	11002000107	13941002000101	9301002000102	1	41002000106	900000000000011006	900000000000451002
82841002000129	20250509	1	11002000107	13941002000101	9231002000102	1	41002000106	900000000000011006	900000000000451002
82851002000127	20250509	1	11002000107	13941002000101	831002000101	1	41002000106	900000000000011006	900000000000451002
82861002000125	20250509	1	11002000107	13941002000101	9341002000100	1	41002000106	900000000000011006	900000000000451002
82871002000124	20250509	1	11002000107	13941002000101	781002000108	1	41002000106	900000000000011006	900000000000451002
82881002000122	20250509	1	11002000107	13941002000101	13371002000106	1	41002000106	900000000000011006	900000000000451002
82891002000120	20250509	1	11002000107	13941002000101	13351002000103	1	41002000106	900000000000011006	900000000000451002
82901002000124	20250509	1	11002000107	13941002000101	1621002000104	1	41002000106	900000000000011006	900000000000451002
82911002000122	20250509	1	11002000107	13941002000101	2151002000109	1	41002000106	900000000000011006	900000000000451002
82921002000127	20250509	1	11002000107	13941002000101	801002000107	1	41002000106	900000000000011006	900000000000451002
82931002000129	20250509	1	11002000107	13941002000101	9331002000108	1	41002000106	900000000000011006	900000000000451002
82941002000121	20250509	1	11002000107	13941002000101	9321002000105	1	41002000106	900000000000011006	900000000000451002
82951002000123	20250509	1	11002000107	13941002000101	13361002000101	1	41002000106	900000000000011006	900000000000451002
82961002000120	20250509	1	11002000107	13941002000101	1631002000101	1	41002000106	900000000000011006	900000000000451002
82971002000126	20250509	1	11002000107	13941002000101	771002000105	1	41002000106	900000000000011006	900000000000451002
82981002000128	20250509	1	11002000107	13941002000101	811002000105	1	41002000106	900000000000011006	900000000000451002
83001002000129	20250509	1	11002000107	13941002000101	9311002000104	1	41002000106	900000000000011006	900000000000451002
83011002000126	20250509	1	11002000107	13941002000101	2161002000106	1	41002000106	900000000000011006	900000000000451002
83021002000121	20250509	1	11002000107	13941002000101	9221002000100	1	41002000106	900000000000011006	900000000000451002
83031002000124	20250509	1	11002000107	13941002000101	318331000221102	0	766939001	900000000000011006	900000000000451002
83041002000127	20250509	1	11002000107	13941002000101	821002000104	1	41002000106	900000000000011006	900000000000451002
83051002000125	20250509	1	11002000107	13941002000101	791002000106	1	41002000106	900000000000011006	900000000000451002
83061002000128	20250509	1	11002000107	13951002000104	318331000221102	0	766939001	900000000000011006	900000000000451002
83081002000120	20250509	1	11002000107	13951002000104	1561002000107	1	41002000106	900000000000011006	900000000000451002
83091002000123	20250509	1	11002000107	13961002000102	318331000221102	0	766939001	900000000000011006	900000000000451002
83101002000125	20250509	1	11002000107	13961002000102	7881002000108	1	41002000106	900000000000011006	900000000000451002
83121002000122	20250509	1	11002000107	13971002000107	9071002000108	1	41002000106	900000000000011006	900000000000451002
83131002000120	20250509	1	11002000107	13971002000107	318331000221102	0	766939001	900000000000011006	900000000000451002
83151002000126	20250509	1	11002000107	13981002000105	12501002000103	1	41002000106	900000000000011006	900000000000451002
83161002000129	20250509	1	11002000107	13981002000105	318331000221102	0	766939001	900000000000011006	900000000000451002
83171002000123	20250509	1	11002000107	13981002000105	12431002000105	1	41002000106	900000000000011006	900000000000451002
83191002000124	20250509	1	11002000107	14001002000101	318331000221102	0	766939001	900000000000011006	900000000000451002
83211002000120	20250509	1	11002000107	14001002000101	13991002000108	1	41002000106	900000000000011006	900000000000451002
83221002000125	20250509	1	11002000107	14011002000103	8731002000100	1	41002000106	900000000000011006	900000000000451002
83231002000127	20250509	1	11002000107	14011002000103	318331000221102	0	766939001	900000000000011006	900000000000451002
83251002000121	20250509	1	11002000107	14021002000109	318331000221102	0	766939001	900000000000011006	900000000000451002
83271002000129	20250509	1	11002000107	14021002000109	8041002000105	1	41002000106	900000000000011006	900000000000451002
83281002000126	20250509	1	11002000107	14031002000107	318331000221102	0	766939001	900000000000011006	900000000000451002
83301002000127	20250509	1	11002000107	14031002000107	8171002000103	1	41002000106	900000000000011006	900000000000451002
83311002000129	20250509	1	11002000107	14041002000104	11331002000107	1	41002000106	900000000000011006	900000000000451002
83321002000124	20250509	1	11002000107	14041002000104	318331000221102	0	766939001	900000000000011006	900000000000451002
83341002000125	20250509	1	11002000107	14051002000102	318331000221102	0	766939001	900000000000011006	900000000000451002
83361002000126	20250509	1	11002000107	14051002000102	7591002000108	1	41002000106	900000000000011006	900000000000451002
83371002000120	20250509	1	11002000107	14061002000100	12641002000100	1	41002000106	900000000000011006	900000000000451002
83381002000123	20250509	1	11002000107	14061002000100	318331000221102	0	766939001	900000000000011006	900000000000451002
83401002000123	20250509	1	11002000107	14071002000105	318331000221102	0	766939001	900000000000011006	900000000000451002
83421002000126	20250509	1	11002000107	14071002000105	3081002000108	1	41002000106	900000000000011006	900000000000451002
83431002000128	20250509	1	11002000107	14081002000108	13471002000100	1	41002000106	900000000000011006	900000000000451002
83441002000120	20250509	1	11002000107	14081002000108	318331000221102	0	766939001	900000000000011006	900000000000451002
83461002000124	20250509	1	11002000107	14091002000106	318331000221102	0	766939001	900000000000011006	900000000000451002
83481002000127	20250509	1	11002000107	14091002000106	7861002000100	1	41002000106	900000000000011006	900000000000451002
83491002000129	20250509	1	11002000107	14101002000102	121002000108	1	41002000106	900000000000011006	900000000000451002
83501002000124	20250509	1	11002000107	14101002000102	1391002000108	1	41002000106	900000000000011006	900000000000451002
83511002000122	20250509	1	11002000107	14101002000102	131002000106	1	41002000106	900000000000011006	900000000000451002
83521002000127	20250509	1	11002000107	14101002000102	111002000102	1	41002000106	900000000000011006	900000000000451002
83531002000129	20250509	1	11002000107	14101002000102	318331000221102	0	766939001	900000000000011006	900000000000451002
83551002000123	20250509	1	11002000107	14111002000104	318331000221102	0	766939001	900000000000011006	900000000000451002
83571002000126	20250509	1	11002000107	14111002000104	7121002000100	1	41002000106	900000000000011006	900000000000451002
83581002000128	20250509	1	11002000107	14121002000105	1931002000105	1	41002000106	900000000000011006	900000000000451002
83591002000125	20250509	1	11002000107	14121002000105	318331000221102	0	766939001	900000000000011006	900000000000451002
83601002000120	20250509	1	11002000107	14121002000105	1951002000100	1	41002000106	900000000000011006	900000000000451002
83621002000128	20250509	1	11002000107	14121002000105	1921002000107	1	41002000106	900000000000011006	900000000000451002
83631002000125	20250509	1	11002000107	14121002000105	1941002000102	1	41002000106	900000000000011006	900000000000451002
83641002000122	20250509	1	11002000107	14131002000108	4361002000100	1	41002000106	900000000000011006	900000000000451002
83651002000124	20250509	1	11002000107	14131002000108	318331000221102	0	766939001	900000000000011006	900000000000451002
83671002000127	20250509	1	11002000107	14141002000100	318331000221102	0	766939001	900000000000011006	900000000000451002
83691002000126	20250509	1	11002000107	14141002000100	3621002000100	1	41002000106	900000000000011006	900000000000451002
83701002000126	20250509	1	11002000107	14151002000103	13531002000104	1	41002000106	900000000000011006	900000000000451002
83711002000128	20250509	1	11002000107	14151002000103	763158003	0	116680003	900000000000011006	900000000000451002
83721002000123	20250509	1	11002000107	14151002000103	871530006	0	766939001	900000000000011006	900000000000451002
83731002000121	20250509	1	11002000107	14161002000101	318331000221102	0	766939001	900000000000011006	900000000000451002
83751002000127	20250509	1	11002000107	14161002000101	6501002000101	1	41002000106	900000000000011006	900000000000451002
83761002000125	20250509	1	11002000107	14171002000106	318331000221102	0	766939001	900000000000011006	900000000000451002
83781002000122	20250509	1	11002000107	14171002000106	12751002000106	1	41002000106	900000000000011006	900000000000451002
83791002000120	20250509	1	11002000107	14181002000109	12141002000105	1	41002000106	900000000000011006	900000000000451002
83801002000121	20250509	1	11002000107	14181002000109	318331000221102	0	766939001	900000000000011006	900000000000451002
83821002000129	20250509	1	11002000107	14191002000107	318331000221102	0	766939001	900000000000011006	900000000000451002
83841002000123	20250509	1	11002000107	14191002000107	11951002000103	1	41002000106	900000000000011006	900000000000451002
83851002000120	20250509	1	11002000107	14201002000105	1391002000108	1	41002000106	900000000000011006	900000000000451002
83861002000122	20250509	1	11002000107	14201002000105	131002000106	1	41002000106	900000000000011006	900000000000451002
83871002000128	20250509	1	11002000107	14201002000105	111002000102	1	41002000106	900000000000011006	900000000000451002
83881002000125	20250509	1	11002000107	14201002000105	318331000221102	0	766939001	900000000000011006	900000000000451002
83901002000128	20250509	1	11002000107	14201002000105	51002000108	1	41002000106	900000000000011006	900000000000451002
83911002000125	20250509	1	11002000107	14211002000108	12251002000101	1	41002000106	900000000000011006	900000000000451002
83921002000120	20250509	1	11002000107	14211002000108	12261002000104	1	41002000106	900000000000011006	900000000000451002
83931002000123	20250509	1	11002000107	14211002000108	318331000221102	0	766939001	900000000000011006	900000000000451002
83951002000129	20250509	1	11002000107	14221002000102	1611002000105	1	41002000106	900000000000011006	900000000000451002
83961002000127	20250509	1	11002000107	14221002000102	2171002000101	1	41002000106	900000000000011006	900000000000451002
83971002000121	20250509	1	11002000107	14221002000102	9321002000105	1	41002000106	900000000000011006	900000000000451002
83981002000124	20250509	1	11002000107	14221002000102	9301002000102	1	41002000106	900000000000011006	900000000000451002
83991002000122	20250509	1	11002000107	14221002000102	1631002000101	1	41002000106	900000000000011006	900000000000451002
84001002000126	20250509	1	11002000107	14221002000102	771002000105	1	41002000106	900000000000011006	900000000000451002
84011002000128	20250509	1	11002000107	14221002000102	9231002000102	1	41002000106	900000000000011006	900000000000451002
84021002000123	20250509	1	11002000107	14221002000102	831002000101	1	41002000106	900000000000011006	900000000000451002
84031002000121	20250509	1	11002000107	14221002000102	9341002000100	1	41002000106	900000000000011006	900000000000451002
84041002000129	20250509	1	11002000107	14221002000102	781002000108	1	41002000106	900000000000011006	900000000000451002
84051002000127	20250509	1	11002000107	14221002000102	811002000105	1	41002000106	900000000000011006	900000000000451002
84061002000125	20250509	1	11002000107	14221002000102	1621002000104	1	41002000106	900000000000011006	900000000000451002
84071002000124	20250509	1	11002000107	14221002000102	9311002000104	1	41002000106	900000000000011006	900000000000451002
84091002000120	20250509	1	11002000107	14221002000102	2161002000106	1	41002000106	900000000000011006	900000000000451002
84101002000127	20250509	1	11002000107	14221002000102	2151002000109	1	41002000106	900000000000011006	900000000000451002
84111002000129	20250509	1	11002000107	14221002000102	9221002000100	1	41002000106	900000000000011006	900000000000451002
84121002000124	20250509	1	11002000107	14221002000102	318331000221102	0	766939001	900000000000011006	900000000000451002
84131002000122	20250509	1	11002000107	14221002000102	821002000104	1	41002000106	900000000000011006	900000000000451002
84141002000125	20250509	1	11002000107	14221002000102	9331002000108	1	41002000106	900000000000011006	900000000000451002
84151002000128	20250509	1	11002000107	14221002000102	791002000106	1	41002000106	900000000000011006	900000000000451002
84161002000126	20250509	1	11002000107	14221002000102	801002000107	1	41002000106	900000000000011006	900000000000451002
84171002000120	20250509	1	11002000107	14231002000104	131002000106	1	41002000106	900000000000011006	900000000000451002
84181002000123	20250509	1	11002000107	14231002000104	111002000102	1	41002000106	900000000000011006	900000000000451002
84191002000121	20250509	1	11002000107	14231002000104	318331000221102	0	766939001	900000000000011006	900000000000451002
84211002000122	20250509	1	11002000107	14231002000104	51002000108	1	41002000106	900000000000011006	900000000000451002
84221002000127	20250509	1	11002000107	14231002000104	331002000108	1	41002000106	900000000000011006	900000000000451002
84231002000129	20250509	1	11002000107	14241002000107	111002000102	1	41002000106	900000000000011006	900000000000451002
84241002000121	20250509	1	11002000107	14241002000107	318331000221102	0	766939001	900000000000011006	900000000000451002
84261002000120	20250509	1	11002000107	14251002000109	318331000221102	0	766939001	900000000000011006	900000000000451002
84281002000128	20250509	1	11002000107	14251002000109	8021002000100	1	41002000106	900000000000011006	900000000000451002
84291002000125	20250509	1	11002000107	14261002000106	318331000221102	0	766939001	900000000000011006	900000000000451002
84311002000126	20250509	1	11002000107	14261002000106	331002000108	1	41002000106	900000000000011006	900000000000451002
84321002000121	20250509	1	11002000107	14271002000101	3651002000107	1	41002000106	900000000000011006	900000000000451002
84331002000124	20250509	1	11002000107	14271002000101	1391002000108	1	41002000106	900000000000011006	900000000000451002
84341002000127	20250509	1	11002000107	14271002000101	131002000106	1	41002000106	900000000000011006	900000000000451002
84351002000125	20250509	1	11002000107	14271002000101	111002000102	1	41002000106	900000000000011006	900000000000451002
84361002000128	20250509	1	11002000107	14271002000101	318331000221102	0	766939001	900000000000011006	900000000000451002
84381002000120	20250509	1	11002000107	14281002000103	12251002000101	1	41002000106	900000000000011006	900000000000451002
84391002000123	20250509	1	11002000107	14281002000103	318331000221102	0	766939001	900000000000011006	900000000000451002
84411002000123	20250509	1	11002000107	14281002000103	12301002000106	1	41002000106	900000000000011006	900000000000451002
84421002000128	20250509	1	11002000107	14291002000100	318331000221102	0	766939001	900000000000011006	900000000000451002
84441002000122	20250509	1	11002000107	14291002000100	7731002000101	1	41002000106	900000000000011006	900000000000451002
84451002000124	20250509	1	11002000107	14301002000104	318331000221102	0	766939001	900000000000011006	900000000000451002
84461002000121	20250509	1	11002000107	14301002000104	3541002000109	1	41002000106	900000000000011006	900000000000451002
84481002000129	20250509	1	11002000107	14311002000101	901002000103	1	41002000106	900000000000011006	900000000000451002
84491002000126	20250509	1	11002000107	14311002000101	318331000221102	0	766939001	900000000000011006	900000000000451002
84511002000124	20250509	1	11002000107	14321002000107	8281002000106	1	41002000106	900000000000011006	900000000000451002
84521002000129	20250509	1	11002000107	14321002000107	318331000221102	0	766939001	900000000000011006	900000000000451002
84541002000123	20250509	1	11002000107	14331002000105	121002000108	1	41002000106	900000000000011006	900000000000451002
84551002000120	20250509	1	11002000107	14331002000105	251002000107	1	41002000106	900000000000011006	900000000000451002
84561002000122	20250509	1	11002000107	14331002000105	131002000106	1	41002000106	900000000000011006	900000000000451002
84571002000128	20250509	1	11002000107	14331002000105	111002000102	1	41002000106	900000000000011006	900000000000451002
84591002000127	20250509	1	11002000107	14331002000105	318331000221102	0	766939001	900000000000011006	900000000000451002
84601002000122	20250509	1	11002000107	14331002000105	331002000108	1	41002000106	900000000000011006	900000000000451002
84611002000120	20250509	1	11002000107	14341002000102	318331000221102	0	766939001	900000000000011006	900000000000451002
84631002000127	20250509	1	11002000107	14341002000102	11141002000102	1	41002000106	900000000000011006	900000000000451002
84641002000124	20250509	1	11002000107	14351002000100	318331000221102	0	766939001	900000000000011006	900000000000451002
84661002000123	20250509	1	11002000107	14351002000100	7771002000103	1	41002000106	900000000000011006	900000000000451002
84671002000129	20250509	1	11002000107	14361002000103	11981002000109	1	41002000106	900000000000011006	900000000000451002
84681002000126	20250509	1	11002000107	14361002000103	318331000221102	0	766939001	900000000000011006	900000000000451002
84701002000128	20250509	1	11002000107	14371002000108	318331000221102	0	766939001	900000000000011006	900000000000451002
84721002000120	20250509	1	11002000107	14371002000108	7651002000103	1	41002000106	900000000000011006	900000000000451002
84731002000123	20250509	1	11002000107	14381002000106	1751002000103	1	41002000106	900000000000011006	900000000000451002
84741002000126	20250509	1	11002000107	14381002000106	1071002000109	1	41002000106	900000000000011006	900000000000451002
84751002000129	20250509	1	11002000107	14381002000106	318331000221102	0	766939001	900000000000011006	900000000000451002
84771002000121	20250509	1	11002000107	14391002000109	4011002000100	1	41002000106	900000000000011006	900000000000451002
84781002000124	20250509	1	11002000107	14391002000109	318331000221102	0	766939001	900000000000011006	900000000000451002
84801002000123	20250509	1	11002000107	14401002000106	251002000107	1	41002000106	900000000000011006	900000000000451002
84811002000121	20250509	1	11002000107	14401002000106	1391002000108	1	41002000106	900000000000011006	900000000000451002
84821002000126	20250509	1	11002000107	14401002000106	131002000106	1	41002000106	900000000000011006	900000000000451002
84831002000128	20250509	1	11002000107	14401002000106	111002000102	1	41002000106	900000000000011006	900000000000451002
84851002000122	20250509	1	11002000107	14401002000106	51002000108	1	41002000106	900000000000011006	900000000000451002
84861002000124	20250509	1	11002000107	14401002000106	318331000221102	0	766939001	900000000000011006	900000000000451002
84871002000125	20250509	1	11002000107	14411002000109	501002000105	1	41002000106	900000000000011006	900000000000451002
84881002000127	20250509	1	11002000107	14411002000109	318331000221102	0	766939001	900000000000011006	900000000000451002
84891002000129	20250509	1	11002000107	14411002000109	6101002000106	1	41002000106	900000000000011006	900000000000451002
84901002000125	20250509	1	11002000107	14411002000109	6111002000109	1	41002000106	900000000000011006	900000000000451002
84921002000122	20250509	1	11002000107	14411002000109	4121002000107	1	41002000106	900000000000011006	900000000000451002
84931002000120	20250509	1	11002000107	14421002000103	318331000221102	0	766939001	900000000000011006	900000000000451002
84951002000126	20250509	1	11002000107	14421002000103	7501002000103	1	41002000106	900000000000011006	900000000000451002
84961002000129	20250509	1	11002000107	14431002000100	501002000105	1	41002000106	900000000000011006	900000000000451002
84971002000123	20250509	1	11002000107	14431002000100	318331000221102	0	766939001	900000000000011006	900000000000451002
84991002000124	20250509	1	11002000107	14441002000108	7971002000101	1	41002000106	900000000000011006	900000000000451002
85001002000125	20250509	1	11002000107	14441002000108	318331000221102	0	766939001	900000000000011006	900000000000451002
85021002000122	20250509	1	11002000107	14451002000105	8711002000109	1	41002000106	900000000000011006	900000000000451002
85031002000120	20250509	1	11002000107	14451002000105	318331000221102	0	766939001	900000000000011006	900000000000451002
85051002000126	20250509	1	11002000107	14461002000107	8101002000107	1	41002000106	900000000000011006	900000000000451002
85061002000129	20250509	1	11002000107	14461002000107	318331000221102	0	766939001	900000000000011006	900000000000451002
85081002000121	20250509	1	11002000107	14471002000102	318331000221102	0	766939001	900000000000011006	900000000000451002
85101002000126	20250509	1	11002000107	14471002000102	12281002000107	1	41002000106	900000000000011006	900000000000451002
85111002000128	20250509	1	11002000107	14481002000104	8351002000109	1	41002000106	900000000000011006	900000000000451002
85121002000123	20250509	1	11002000107	14481002000104	318331000221102	0	766939001	900000000000011006	900000000000451002
85141002000129	20250509	1	11002000107	14491002000101	318331000221102	0	766939001	900000000000011006	900000000000451002
85151002000127	20250509	1	11002000107	14491002000101	8391002000100	1	41002000106	900000000000011006	900000000000451002
85171002000124	20250509	1	11002000107	14501002000107	13181002000107	1	41002000106	900000000000011006	900000000000451002
85181002000122	20250509	1	11002000107	14501002000107	13161002000104	1	41002000106	900000000000011006	900000000000451002
85191002000120	20250509	1	11002000107	14501002000107	318331000221102	0	766939001	900000000000011006	900000000000451002
85211002000121	20250509	1	11002000107	14501002000107	13191002000105	1	41002000106	900000000000011006	900000000000451002
85221002000126	20250509	1	11002000107	14501002000107	13171002000109	1	41002000106	900000000000011006	900000000000451002
85231002000128	20250509	1	11002000107	14511002000105	251002000107	1	41002000106	900000000000011006	900000000000451002
85241002000120	20250509	1	11002000107	14511002000105	1391002000108	1	41002000106	900000000000011006	900000000000451002
85251002000122	20250509	1	11002000107	14511002000105	131002000106	1	41002000106	900000000000011006	900000000000451002
85261002000124	20250509	1	11002000107	14511002000105	111002000102	1	41002000106	900000000000011006	900000000000451002
85281002000127	20250509	1	11002000107	14511002000105	3651002000107	1	41002000106	900000000000011006	900000000000451002
85291002000129	20250509	1	11002000107	14511002000105	318331000221102	0	766939001	900000000000011006	900000000000451002
85301002000128	20250509	1	11002000107	14521002000104	6941002000105	1	41002000106	900000000000011006	900000000000451002
85311002000125	20250509	1	11002000107	14521002000104	318331000221102	0	766939001	900000000000011006	900000000000451002
85331002000123	20250509	1	11002000107	14531002000101	131002000106	1	41002000106	900000000000011006	900000000000451002
85341002000126	20250509	1	11002000107	14531002000101	1771002000106	1	41002000106	900000000000011006	900000000000451002
85351002000129	20250509	1	11002000107	14531002000101	318331000221102	0	766939001	900000000000011006	900000000000451002
85361002000127	20250509	1	11002000107	14531002000101	1781002000109	1	41002000106	900000000000011006	900000000000451002
85381002000124	20250509	1	11002000107	14541002000109	11351002000102	1	41002000106	900000000000011006	900000000000451002
85391002000122	20250509	1	11002000107	14541002000109	318331000221102	0	766939001	900000000000011006	900000000000451002
85411002000122	20250509	1	11002000107	14551002000106	1481002000103	1	41002000106	900000000000011006	900000000000451002
85421002000127	20250509	1	11002000107	14551002000106	318331000221102	0	766939001	900000000000011006	900000000000451002
85441002000121	20250509	1	11002000107	14561002000108	9001002000104	1	41002000106	900000000000011006	900000000000451002
85451002000123	20250509	1	11002000107	14561002000108	318331000221102	0	766939001	900000000000011006	900000000000451002
85471002000126	20250509	1	11002000107	14561002000108	8041002000105	1	41002000106	900000000000011006	900000000000451002
85481002000128	20250509	1	11002000107	14571002000103	7361002000107	1	41002000106	900000000000011006	900000000000451002
85491002000125	20250509	1	11002000107	14571002000103	318331000221102	0	766939001	900000000000011006	900000000000451002
85511002000123	20250509	1	11002000107	14581002000100	318331000221102	0	766939001	900000000000011006	900000000000451002
85531002000125	20250509	1	11002000107	14581002000100	7151002000107	1	41002000106	900000000000011006	900000000000451002
85541002000122	20250509	1	11002000107	14591002000102	318331000221102	0	766939001	900000000000011006	900000000000451002
85561002000121	20250509	1	11002000107	14591002000102	6921002000100	1	41002000106	900000000000011006	900000000000451002
85571002000127	20250509	1	11002000107	14601002000108	318331000221102	0	766939001	900000000000011006	900000000000451002
85591002000126	20250509	1	11002000107	14601002000108	6751002000109	1	41002000106	900000000000011006	900000000000451002
85601002000121	20250509	1	11002000107	14611002000106	8501002000102	1	41002000106	900000000000011006	900000000000451002
85611002000124	20250509	1	11002000107	14611002000106	318331000221102	0	766939001	900000000000011006	900000000000451002
85631002000126	20250509	1	11002000107	14621002000100	1711002000104	1	41002000106	900000000000011006	900000000000451002
85641002000123	20250509	1	11002000107	14621002000100	318331000221102	0	766939001	900000000000011006	900000000000451002
85661002000122	20250509	1	11002000107	14641002000105	318331000221102	0	766939001	900000000000011006	900000000000451002
85681002000125	20250509	1	11002000107	14641002000105	14631002000102	1	41002000106	900000000000011006	900000000000451002
85691002000127	20250509	1	11002000107	14651002000107	7481002000106	1	41002000106	900000000000011006	900000000000451002
85701002000127	20250509	1	11002000107	14651002000107	318331000221102	0	766939001	900000000000011006	900000000000451002
85721002000124	20250509	1	11002000107	14661002000109	9001002000104	1	41002000106	900000000000011006	900000000000451002
85731002000122	20250509	1	11002000107	14661002000109	318331000221102	0	766939001	900000000000011006	900000000000451002
85751002000128	20250509	1	11002000107	14671002000104	9101002000100	1	41002000106	900000000000011006	900000000000451002
85761002000126	20250509	1	11002000107	14671002000104	318331000221102	0	766939001	900000000000011006	900000000000451002
85781002000123	20250509	1	11002000107	14681002000101	251002000107	1	41002000106	900000000000011006	900000000000451002
85791002000121	20250509	1	11002000107	14681002000101	1391002000108	1	41002000106	900000000000011006	900000000000451002
85801002000122	20250509	1	11002000107	14681002000101	131002000106	1	41002000106	900000000000011006	900000000000451002
85811002000120	20250509	1	11002000107	14681002000101	111002000102	1	41002000106	900000000000011006	900000000000451002
85821002000125	20250509	1	11002000107	14681002000101	318331000221102	0	766939001	900000000000011006	900000000000451002
85841002000124	20250509	1	11002000107	14691002000103	318331000221102	0	766939001	900000000000011006	900000000000451002
85861002000123	20250509	1	11002000107	14691002000103	4541002000106	1	41002000106	900000000000011006	900000000000451002
85871002000129	20250509	1	11002000107	14701002000103	7821002000109	1	41002000106	900000000000011006	900000000000451002
85881002000126	20250509	1	11002000107	14701002000103	318331000221102	0	766939001	900000000000011006	900000000000451002
85901002000129	20250509	1	11002000107	14711002000100	318331000221102	0	766939001	900000000000011006	900000000000451002
85921002000121	20250509	1	11002000107	14711002000100	461002000105	1	41002000106	900000000000011006	900000000000451002
85931002000124	20250509	1	11002000107	14721002000106	318331000221102	0	766939001	900000000000011006	900000000000451002
85951002000125	20250509	1	11002000107	14721002000106	10111002000105	1	41002000106	900000000000011006	900000000000451002
85961002000128	20250509	1	11002000107	14731002000109	318331000221102	0	766939001	900000000000011006	900000000000451002
85981002000120	20250509	1	11002000107	14731002000109	151002000101	1	41002000106	900000000000011006	900000000000451002
85991002000123	20250509	1	11002000107	14741002000101	318331000221102	0	766939001	900000000000011006	900000000000451002
86011002000122	20250509	1	11002000107	14741002000101	12731002000101	1	41002000106	900000000000011006	900000000000451002
86021002000127	20250509	1	11002000107	14751002000104	121002000108	1	41002000106	900000000000011006	900000000000451002
86031002000129	20250509	1	11002000107	14751002000104	251002000107	1	41002000106	900000000000011006	900000000000451002
86041002000121	20250509	1	11002000107	14751002000104	3251002000109	1	41002000106	900000000000011006	900000000000451002
86051002000123	20250509	1	11002000107	14751002000104	131002000106	1	41002000106	900000000000011006	900000000000451002
86061002000120	20250509	1	11002000107	14751002000104	111002000102	1	41002000106	900000000000011006	900000000000451002
86081002000128	20250509	1	11002000107	14751002000104	318331000221102	0	766939001	900000000000011006	900000000000451002
86091002000125	20250509	1	11002000107	14751002000104	331002000108	1	41002000106	900000000000011006	900000000000451002
86101002000123	20250509	1	11002000107	14761002000102	251002000107	1	41002000106	900000000000011006	900000000000451002
86111002000121	20250509	1	11002000107	14761002000102	131002000106	1	41002000106	900000000000011006	900000000000451002
86121002000126	20250509	1	11002000107	14761002000102	111002000102	1	41002000106	900000000000011006	900000000000451002
86131002000128	20250509	1	11002000107	14761002000102	318331000221102	0	766939001	900000000000011006	900000000000451002
86151002000122	20250509	1	11002000107	14761002000102	331002000108	1	41002000106	900000000000011006	900000000000451002
86161002000124	20250509	1	11002000107	14771002000107	251002000107	1	41002000106	900000000000011006	900000000000451002
86171002000125	20250509	1	11002000107	14771002000107	3251002000109	1	41002000106	900000000000011006	900000000000451002
86181002000127	20250509	1	11002000107	14771002000107	318331000221102	0	766939001	900000000000011006	900000000000451002
86201002000126	20250509	1	11002000107	14781002000105	318331000221102	0	766939001	900000000000011006	900000000000451002
86221002000123	20250509	1	11002000107	14781002000105	4121002000107	1	41002000106	900000000000011006	900000000000451002
86231002000121	20250509	1	11002000107	14791002000108	1391002000108	1	41002000106	900000000000011006	900000000000451002
86241002000129	20250509	1	11002000107	14791002000108	501002000105	1	41002000106	900000000000011006	900000000000451002
86251002000127	20250509	1	11002000107	14791002000108	131002000106	1	41002000106	900000000000011006	900000000000451002
86261002000125	20250509	1	11002000107	14791002000108	111002000102	1	41002000106	900000000000011006	900000000000451002
86281002000122	20250509	1	11002000107	14791002000108	51002000108	1	41002000106	900000000000011006	900000000000451002
86291002000120	20250509	1	11002000107	14791002000108	318331000221102	0	766939001	900000000000011006	900000000000451002
86301002000121	20250509	1	11002000107	14791002000108	4121002000107	1	41002000106	900000000000011006	900000000000451002
86311002000124	20250509	1	11002000107	14801002000109	501002000105	1	41002000106	900000000000011006	900000000000451002
86321002000129	20250509	1	11002000107	14801002000109	318331000221102	0	766939001	900000000000011006	900000000000451002
86331002000126	20250509	1	11002000107	14801002000109	6101002000106	1	41002000106	900000000000011006	900000000000451002
86351002000120	20250509	1	11002000107	14801002000109	51002000108	1	41002000106	900000000000011006	900000000000451002
86361002000122	20250509	1	11002000107	14811002000107	131002000106	1	41002000106	900000000000011006	900000000000451002
86371002000128	20250509	1	11002000107	14811002000107	111002000102	1	41002000106	900000000000011006	900000000000451002
86381002000125	20250509	1	11002000107	14811002000107	381002000109	1	41002000106	900000000000011006	900000000000451002
86391002000127	20250509	1	11002000107	14811002000107	318331000221102	0	766939001	900000000000011006	900000000000451002
86411002000127	20250509	1	11002000107	14821002000101	318331000221102	0	766939001	900000000000011006	900000000000451002
86431002000120	20250509	1	11002000107	14821002000101	5031002000108	1	41002000106	900000000000011006	900000000000451002
86441002000128	20250509	1	11002000107	14831002000103	4781002000107	1	41002000106	900000000000011006	900000000000451002
86451002000126	20250509	1	11002000107	14831002000103	763158003	0	116680003	900000000000011006	900000000000451002
86461002000129	20250509	1	11002000107	14831002000103	871530006	0	766939001	900000000000011006	900000000000451002
86471002000123	20250509	1	11002000107	14841002000106	12661002000101	1	41002000106	900000000000011006	900000000000451002
86481002000121	20250509	1	11002000107	14841002000106	318331000221102	0	766939001	900000000000011006	900000000000451002
86501002000129	20250509	1	11002000107	14851002000108	131002000106	1	41002000106	900000000000011006	900000000000451002
86511002000126	20250509	1	11002000107	14851002000108	111002000102	1	41002000106	900000000000011006	900000000000451002
86521002000121	20250509	1	11002000107	14851002000108	1771002000106	1	41002000106	900000000000011006	900000000000451002
86531002000124	20250509	1	11002000107	14851002000108	318331000221102	0	766939001	900000000000011006	900000000000451002
86541002000127	20250509	1	11002000107	14851002000108	1781002000109	1	41002000106	900000000000011006	900000000000451002
86561002000128	20250509	1	11002000107	14861002000105	1321002000106	1	41002000106	900000000000011006	900000000000451002
86571002000122	20250509	1	11002000107	14861002000105	318331000221102	0	766939001	900000000000011006	900000000000451002
86591002000123	20250509	1	11002000107	14861002000105	1171002000105	1	41002000106	900000000000011006	900000000000451002
86601002000128	20250509	1	11002000107	14871002000100	291002000103	1	41002000106	900000000000011006	900000000000451002
86611002000125	20250509	1	11002000107	14871002000100	318331000221102	0	766939001	900000000000011006	900000000000451002
86631002000123	20250509	1	11002000107	14881002000102	318331000221102	0	766939001	900000000000011006	900000000000451002
86651002000129	20250509	1	11002000107	14881002000102	12551002000104	1	41002000106	900000000000011006	900000000000451002
86661002000127	20250509	1	11002000107	14891002000104	1591002000101	1	41002000106	900000000000011006	900000000000451002
86671002000121	20250509	1	11002000107	14891002000104	318331000221102	0	766939001	900000000000011006	900000000000451002
86691002000122	20250509	1	11002000107	14891002000104	441002000106	1	41002000106	900000000000011006	900000000000451002
86701002000122	20250509	1	11002000107	14901002000100	501002000105	1	41002000106	900000000000011006	900000000000451002
86711002000120	20250509	1	11002000107	14901002000100	318331000221102	0	766939001	900000000000011006	900000000000451002
86731002000127	20250509	1	11002000107	14901002000100	51002000108	1	41002000106	900000000000011006	900000000000451002
86741002000124	20250509	1	11002000107	14911002000102	251002000107	1	41002000106	900000000000011006	900000000000451002
86751002000121	20250509	1	11002000107	14911002000102	131002000106	1	41002000106	900000000000011006	900000000000451002
86761002000123	20250509	1	11002000107	14911002000102	111002000102	1	41002000106	900000000000011006	900000000000451002
86781002000126	20250509	1	11002000107	14911002000102	51002000108	1	41002000106	900000000000011006	900000000000451002
86791002000128	20250509	1	11002000107	14911002000102	318331000221102	0	766939001	900000000000011006	900000000000451002
86801002000127	20250509	1	11002000107	14911002000102	331002000108	1	41002000106	900000000000011006	900000000000451002
86811002000129	20250509	1	11002000107	14921002000108	891002000102	1	41002000106	900000000000011006	900000000000451002
86821002000124	20250509	1	11002000107	14921002000108	318331000221102	0	766939001	900000000000011006	900000000000451002
86841002000125	20250509	1	11002000107	14931002000106	1611002000105	1	41002000106	900000000000011006	900000000000451002
86851002000128	20250509	1	11002000107	14931002000106	1621002000104	1	41002000106	900000000000011006	900000000000451002
86871002000120	20250509	1	11002000107	14931002000106	1631002000101	1	41002000106	900000000000011006	900000000000451002
86881002000123	20250509	1	11002000107	14931002000106	771002000105	1	41002000106	900000000000011006	900000000000451002
86891002000121	20250509	1	11002000107	14931002000106	831002000101	1	41002000106	900000000000011006	900000000000451002
86901002000120	20250509	1	11002000107	14931002000106	318331000221102	0	766939001	900000000000011006	900000000000451002
86911002000123	20250509	1	11002000107	14931002000106	821002000104	1	41002000106	900000000000011006	900000000000451002
86921002000128	20250509	1	11002000107	14931002000106	781002000108	1	41002000106	900000000000011006	900000000000451002
86931002000125	20250509	1	11002000107	14931002000106	791002000106	1	41002000106	900000000000011006	900000000000451002
86941002000122	20250509	1	11002000107	14931002000106	801002000107	1	41002000106	900000000000011006	900000000000451002
86951002000124	20250509	1	11002000107	14931002000106	811002000105	1	41002000106	900000000000011006	900000000000451002
86961002000121	20250509	1	11002000107	14941002000103	561002000106	1	41002000106	900000000000011006	900000000000451002
86971002000127	20250509	1	11002000107	14941002000103	641002000108	1	41002000106	900000000000011006	900000000000451002
86981002000129	20250509	1	11002000107	14941002000103	651002000105	1	41002000106	900000000000011006	900000000000451002
86991002000126	20250509	1	11002000107	14941002000103	601002000106	1	41002000106	900000000000011006	900000000000451002
87001002000121	20250509	1	11002000107	14941002000103	731002000107	1	41002000106	900000000000011006	900000000000451002
87011002000124	20250509	1	11002000107	14941002000103	541002000107	1	41002000106	900000000000011006	900000000000451002
87021002000129	20250509	1	11002000107	14941002000103	4241002000109	1	41002000106	900000000000011006	900000000000451002
87041002000123	20250509	1	11002000107	14941002000103	571002000101	1	41002000106	900000000000011006	900000000000451002
87051002000120	20250509	1	11002000107	14941002000103	721002000109	1	41002000106	900000000000011006	900000000000451002
87061002000122	20250509	1	11002000107	14941002000103	531002000104	1	41002000106	900000000000011006	900000000000451002
87071002000128	20250509	1	11002000107	14941002000103	318331000221102	0	766939001	900000000000011006	900000000000451002
87081002000125	20250509	1	11002000107	14941002000103	611002000109	1	41002000106	900000000000011006	900000000000451002
87091002000127	20250509	1	11002000107	14941002000103	681002000104	1	41002000106	900000000000011006	900000000000451002
87101002000120	20250509	1	11002000107	14941002000103	631002000100	1	41002000106	900000000000011006	900000000000451002
87111002000123	20250509	1	11002000107	14941002000103	661002000107	1	41002000106	900000000000011006	900000000000451002
87121002000128	20250509	1	11002000107	14941002000103	741002000104	1	41002000106	900000000000011006	900000000000451002
87131002000125	20250509	1	11002000107	14951002000101	318331000221102	0	766939001	900000000000011006	900000000000451002
87151002000124	20250509	1	11002000107	14951002000101	6431002000108	1	41002000106	900000000000011006	900000000000451002
87161002000121	20250509	1	11002000107	14961002000104	318331000221102	0	766939001	900000000000011006	900000000000451002
87181002000129	20250509	1	11002000107	14961002000104	12801002000101	1	41002000106	900000000000011006	900000000000451002
87191002000126	20250509	1	11002000107	14971002000109	12821002000109	1	41002000106	900000000000011006	900000000000451002
87201002000128	20250509	1	11002000107	14971002000109	318331000221102	0	766939001	900000000000011006	900000000000451002
87221002000120	20250509	1	11002000107	14981002000107	251002000107	1	41002000106	900000000000011006	900000000000451002
87231002000123	20250509	1	11002000107	14981002000107	6661002000104	1	41002000106	900000000000011006	900000000000451002
87241002000126	20250509	1	11002000107	14981002000107	318331000221102	0	766939001	900000000000011006	900000000000451002
87261002000127	20250509	1	11002000107	14991002000105	1611002000105	1	41002000106	900000000000011006	900000000000451002
87271002000121	20250509	1	11002000107	14991002000105	2171002000101	1	41002000106	900000000000011006	900000000000451002
87281002000124	20250509	1	11002000107	14991002000105	1631002000101	1	41002000106	900000000000011006	900000000000451002
87291002000122	20250509	1	11002000107	14991002000105	771002000105	1	41002000106	900000000000011006	900000000000451002
87301002000123	20250509	1	11002000107	14991002000105	9231002000102	1	41002000106	900000000000011006	900000000000451002
87311002000121	20250509	1	11002000107	14991002000105	831002000101	1	41002000106	900000000000011006	900000000000451002
87321002000126	20250509	1	11002000107	14991002000105	781002000108	1	41002000106	900000000000011006	900000000000451002
87331002000128	20250509	1	11002000107	14991002000105	811002000105	1	41002000106	900000000000011006	900000000000451002
87341002000120	20250509	1	11002000107	14991002000105	1621002000104	1	41002000106	900000000000011006	900000000000451002
87361002000124	20250509	1	11002000107	14991002000105	2161002000106	1	41002000106	900000000000011006	900000000000451002
87371002000125	20250509	1	11002000107	14991002000105	2151002000109	1	41002000106	900000000000011006	900000000000451002
87381002000127	20250509	1	11002000107	14991002000105	9221002000100	1	41002000106	900000000000011006	900000000000451002
87391002000129	20250509	1	11002000107	14991002000105	318331000221102	0	766939001	900000000000011006	900000000000451002
87401002000127	20250509	1	11002000107	14991002000105	821002000104	1	41002000106	900000000000011006	900000000000451002
87411002000129	20250509	1	11002000107	14991002000105	791002000106	1	41002000106	900000000000011006	900000000000451002
87421002000124	20250509	1	11002000107	14991002000105	801002000107	1	41002000106	900000000000011006	900000000000451002
87431002000122	20250509	1	11002000107	15001002000100	318331000221102	0	766939001	900000000000011006	900000000000451002
87451002000128	20250509	1	11002000107	15001002000100	6201002000103	1	41002000106	900000000000011006	900000000000451002
87461002000126	20250509	1	11002000107	15011002000102	6991002000103	1	41002000106	900000000000011006	900000000000451002
87471002000120	20250509	1	11002000107	15011002000102	318331000221102	0	766939001	900000000000011006	900000000000451002
87491002000121	20250509	1	11002000107	15021002000108	318331000221102	0	766939001	900000000000011006	900000000000451002
87511002000128	20250509	1	11002000107	15021002000108	12871002000105	1	41002000106	900000000000011006	900000000000451002
87521002000123	20250509	1	11002000107	15031002000106	318331000221102	0	766939001	900000000000011006	900000000000451002
87541002000129	20250509	1	11002000107	15031002000106	12851002000102	1	41002000106	900000000000011006	900000000000451002
87551002000127	20250509	1	11002000107	15041002000103	318331000221102	0	766939001	900000000000011006	900000000000451002
87571002000124	20250509	1	11002000107	15041002000103	12711002000105	1	41002000106	900000000000011006	900000000000451002
87581002000122	20250509	1	11002000107	15051002000101	501002000105	1	41002000106	900000000000011006	900000000000451002
87591002000120	20250509	1	11002000107	15051002000101	6111002000109	1	41002000106	900000000000011006	900000000000451002
87611002000127	20250509	1	11002000107	15051002000101	7121002000100	1	41002000106	900000000000011006	900000000000451002
87621002000122	20250509	1	11002000107	15051002000101	318331000221102	0	766939001	900000000000011006	900000000000451002
87631002000120	20250509	1	11002000107	15051002000101	6101002000106	1	41002000106	900000000000011006	900000000000451002
87641002000128	20250509	1	11002000107	15051002000101	4121002000107	1	41002000106	900000000000011006	900000000000451002
87651002000126	20250509	1	11002000107	15071002000109	15061002000104	1	41002000106	900000000000011006	900000000000451002
87661002000129	20250509	1	11002000107	15071002000109	318331000221102	0	766939001	900000000000011006	900000000000451002
87671002000123	20250509	1	11002000107	15071002000109	12571002000107	1	41002000106	900000000000011006	900000000000451002
87691002000124	20250509	1	11002000107	15081002000107	13291002000103	1	41002000106	900000000000011006	900000000000451002
87701002000124	20250509	1	11002000107	15081002000107	318331000221102	0	766939001	900000000000011006	900000000000451002
87721002000127	20250509	1	11002000107	15091002000105	15061002000104	1	41002000106	900000000000011006	900000000000451002
87731002000129	20250509	1	11002000107	15091002000105	318331000221102	0	766939001	900000000000011006	900000000000451002
87741002000121	20250509	1	11002000107	15091002000105	12571002000107	1	41002000106	900000000000011006	900000000000451002
87761002000120	20250509	1	11002000107	15101002000101	318331000221102	0	766939001	900000000000011006	900000000000451002
87781002000128	20250509	1	11002000107	15101002000101	11111002000101	1	41002000106	900000000000011006	900000000000451002
87791002000125	20250509	1	11002000107	15111002000103	5001002000102	1	41002000106	900000000000011006	900000000000451002
87801002000129	20250509	1	11002000107	15111002000103	318331000221102	0	766939001	900000000000011006	900000000000451002
87821002000121	20250509	1	11002000107	15121002000109	5001002000102	1	41002000106	900000000000011006	900000000000451002
87831002000124	20250509	1	11002000107	15121002000109	318331000221102	0	766939001	900000000000011006	900000000000451002
87841002000127	20250509	1	11002000107	15121002000109	4991002000107	1	41002000106	900000000000011006	900000000000451002
87861002000128	20250509	1	11002000107	15131002000107	6941002000105	1	41002000106	900000000000011006	900000000000451002
87871002000122	20250509	1	11002000107	15131002000107	318331000221102	0	766939001	900000000000011006	900000000000451002
87891002000123	20250509	1	11002000107	15141002000104	6941002000105	1	41002000106	900000000000011006	900000000000451002
87901002000122	20250509	1	11002000107	15141002000104	318331000221102	0	766939001	900000000000011006	900000000000451002
87921002000125	20250509	1	11002000107	15241002000106	15211002000107	1	41002000106	900000000000011006	900000000000451002
87931002000127	20250509	1	11002000107	15241002000106	1611002000105	1	41002000106	900000000000011006	900000000000451002
87941002000124	20250509	1	11002000107	15241002000106	2171002000101	1	41002000106	900000000000011006	900000000000451002
87951002000121	20250509	1	11002000107	15241002000106	9321002000105	1	41002000106	900000000000011006	900000000000451002
87961002000123	20250509	1	11002000107	15241002000106	15171002000105	1	41002000106	900000000000011006	900000000000451002
87971002000129	20250509	1	11002000107	15241002000106	13381002000109	1	41002000106	900000000000011006	900000000000451002
87981002000126	20250509	1	11002000107	15241002000106	15151002000102	1	41002000106	900000000000011006	900000000000451002
87991002000128	20250509	1	11002000107	15241002000106	9301002000102	1	41002000106	900000000000011006	900000000000451002
88001002000120	20250509	1	11002000107	15241002000106	15191002000106	1	41002000106	900000000000011006	900000000000451002
88011002000123	20250509	1	11002000107	15241002000106	9231002000102	1	41002000106	900000000000011006	900000000000451002
88021002000128	20250509	1	11002000107	15241002000106	9341002000100	1	41002000106	900000000000011006	900000000000451002
88031002000125	20250509	1	11002000107	15241002000106	15161002000100	1	41002000106	900000000000011006	900000000000451002
88041002000122	20250509	1	11002000107	15241002000106	13351002000103	1	41002000106	900000000000011006	900000000000451002
88051002000124	20250509	1	11002000107	15241002000106	9311002000104	1	41002000106	900000000000011006	900000000000451002
88071002000127	20250509	1	11002000107	15241002000106	15221002000101	1	41002000106	900000000000011006	900000000000451002
88081002000129	20250509	1	11002000107	15241002000106	15201002000109	1	41002000106	900000000000011006	900000000000451002
88091002000126	20250509	1	11002000107	15241002000106	2161002000106	1	41002000106	900000000000011006	900000000000451002
88101002000124	20250509	1	11002000107	15241002000106	15181002000108	1	41002000106	900000000000011006	900000000000451002
88111002000122	20250509	1	11002000107	15241002000106	2151002000109	1	41002000106	900000000000011006	900000000000451002
88121002000127	20250509	1	11002000107	15241002000106	9221002000100	1	41002000106	900000000000011006	900000000000451002
88131002000129	20250509	1	11002000107	15241002000106	318331000221102	0	766939001	900000000000011006	900000000000451002
88141002000121	20250509	1	11002000107	15241002000106	9331002000108	1	41002000106	900000000000011006	900000000000451002
88151002000123	20250509	1	11002000107	15241002000106	15231002000103	1	41002000106	900000000000011006	900000000000451002
88161002000120	20250509	1	11002000107	15261002000105	121002000108	1	41002000106	900000000000011006	900000000000451002
88171002000126	20250509	1	11002000107	15261002000105	1391002000108	1	41002000106	900000000000011006	900000000000451002
88181002000128	20250509	1	11002000107	15261002000105	131002000106	1	41002000106	900000000000011006	900000000000451002
88191002000125	20250509	1	11002000107	15261002000105	111002000102	1	41002000106	900000000000011006	900000000000451002
88211002000129	20250509	1	11002000107	15261002000105	51002000108	1	41002000106	900000000000011006	900000000000451002
88221002000124	20250509	1	11002000107	15261002000105	15251002000108	1	41002000106	900000000000011006	900000000000451002
88231002000122	20250509	1	11002000107	15261002000105	318331000221102	0	766939001	900000000000011006	900000000000451002
88241002000125	20250509	1	11002000107	15271002000100	121002000108	1	41002000106	900000000000011006	900000000000451002
88251002000128	20250509	1	11002000107	15271002000100	1391002000108	1	41002000106	900000000000011006	900000000000451002
88261002000126	20250509	1	11002000107	15271002000100	131002000106	1	41002000106	900000000000011006	900000000000451002
88271002000120	20250509	1	11002000107	15271002000100	111002000102	1	41002000106	900000000000011006	900000000000451002
88291002000121	20250509	1	11002000107	15271002000100	51002000108	1	41002000106	900000000000011006	900000000000451002
88301002000122	20250509	1	11002000107	15271002000100	15251002000108	1	41002000106	900000000000011006	900000000000451002
88311002000120	20250509	1	11002000107	15271002000100	318331000221102	0	766939001	900000000000011006	900000000000451002
88321002000125	20250509	1	11002000107	15281002000102	5001002000102	1	41002000106	900000000000011006	900000000000451002
88331002000127	20250509	1	11002000107	15281002000102	318331000221102	0	766939001	900000000000011006	900000000000451002
88341002000124	20250509	1	11002000107	15281002000102	4991002000107	1	41002000106	900000000000011006	900000000000451002
88361002000123	20250509	1	11002000107	15301002000103	15291002000104	1	41002000106	900000000000011006	900000000000451002
88371002000129	20250509	1	11002000107	15301002000103	318331000221102	0	766939001	900000000000011006	900000000000451002
88391002000128	20250509	1	11002000107	15321002000106	318331000221102	0	766939001	900000000000011006	900000000000451002
88411002000128	20250509	1	11002000107	15321002000106	15311002000100	1	41002000106	900000000000011006	900000000000451002
88421002000123	20250509	1	11002000107	15341002000101	318331000221102	0	766939001	900000000000011006	900000000000451002
88431002000121	20250509	1	11002000107	15341002000101	15331002000109	1	41002000106	900000000000011006	900000000000451002
88451002000127	20250509	1	11002000107	15361002000102	15351002000104	1	41002000106	900000000000011006	900000000000451002
88461002000125	20250509	1	11002000107	15361002000102	318331000221102	0	766939001	900000000000011006	900000000000451002
88481002000122	20250509	1	11002000107	15381002000105	318331000221102	0	766939001	900000000000011006	900000000000451002
88501002000125	20250509	1	11002000107	15381002000105	15371002000107	1	41002000106	900000000000011006	900000000000451002
88511002000127	20250509	1	11002000107	15401002000105	15391002000108	1	41002000106	900000000000011006	900000000000451002
88521002000122	20250509	1	11002000107	15401002000105	318331000221102	0	766939001	900000000000011006	900000000000451002
88541002000128	20250509	1	11002000107	15421002000102	15411002000108	1	41002000106	900000000000011006	900000000000451002
88551002000126	20250509	1	11002000107	15421002000102	318331000221102	0	766939001	900000000000011006	900000000000451002
88571002000123	20250509	1	11002000107	15431002000104	901002000103	1	41002000106	900000000000011006	900000000000451002
88581002000121	20250509	1	11002000107	15431002000104	131002000106	1	41002000106	900000000000011006	900000000000451002
88591002000124	20250509	1	11002000107	15431002000104	318331000221102	0	766939001	900000000000011006	900000000000451002
88611002000126	20250509	1	11002000107	15441002000107	2431002000107	1	41002000106	900000000000011006	900000000000451002
88621002000121	20250509	1	11002000107	15441002000107	2441002000104	1	41002000106	900000000000011006	900000000000451002
88641002000127	20250509	1	11002000107	15441002000107	2421002000109	1	41002000106	900000000000011006	900000000000451002
88651002000125	20250509	1	11002000107	15441002000107	6201002000103	1	41002000106	900000000000011006	900000000000451002
88661002000128	20250509	1	11002000107	15441002000107	318331000221102	0	766939001	900000000000011006	900000000000451002
88671002000122	20250509	1	11002000107	15441002000107	461002000105	1	41002000106	900000000000011006	900000000000451002
88681002000120	20250509	1	11002000107	15461002000106	318331000221102	0	766939001	900000000000011006	900000000000451002
88701002000123	20250509	1	11002000107	15461002000106	15451002000109	1	41002000106	900000000000011006	900000000000451002
88711002000121	20250509	1	11002000107	15481002000103	15471002000101	1	41002000106	900000000000011006	900000000000451002
88721002000126	20250509	1	11002000107	15481002000103	318331000221102	0	766939001	900000000000011006	900000000000451002
88741002000120	20250509	1	11002000107	15501002000106	318331000221102	0	766939001	900000000000011006	900000000000451002
88761002000124	20250509	1	11002000107	15501002000106	15491002000100	1	41002000106	900000000000011006	900000000000451002
88771002000125	20250509	1	11002000107	15511002000109	15471002000101	1	41002000106	900000000000011006	900000000000451002
88781002000127	20250509	1	11002000107	15511002000109	318331000221102	0	766939001	900000000000011006	900000000000451002
88801002000128	20250509	1	11002000107	15521002000103	131002000106	1	41002000106	900000000000011006	900000000000451002
88811002000125	20250509	1	11002000107	15521002000103	318331000221102	0	766939001	900000000000011006	900000000000451002
88831002000123	20250509	1	11002000107	15521002000103	2071002000102	1	41002000106	900000000000011006	900000000000451002
88841002000126	20250509	1	11002000107	15541002000108	318331000221102	0	766939001	900000000000011006	900000000000451002
88861002000127	20250509	1	11002000107	15541002000108	15531002000100	1	41002000106	900000000000011006	900000000000451002
88871002000121	20250509	1	11002000107	15551002000105	131002000106	1	41002000106	900000000000011006	900000000000451002
88881002000124	20250509	1	11002000107	15551002000105	111002000102	1	41002000106	900000000000011006	900000000000451002
88891002000122	20250509	1	11002000107	15551002000105	318331000221102	0	766939001	900000000000011006	900000000000451002
88911002000124	20250509	1	11002000107	15561002000107	901002000103	1	41002000106	900000000000011006	900000000000451002
88921002000129	20250509	1	11002000107	15561002000107	318331000221102	0	766939001	900000000000011006	900000000000451002
88941002000123	20250509	1	11002000107	15571002000102	111002000102	1	41002000106	900000000000011006	900000000000451002
88951002000120	20250509	1	11002000107	15571002000102	318331000221102	0	766939001	900000000000011006	900000000000451002
88971002000128	20250509	1	11002000107	15581002000104	1391002000108	1	41002000106	900000000000011006	900000000000451002
88981002000125	20250509	1	11002000107	15581002000104	131002000106	1	41002000106	900000000000011006	900000000000451002
88991002000127	20250509	1	11002000107	15581002000104	111002000102	1	41002000106	900000000000011006	900000000000451002
89001002000127	20250509	1	11002000107	15581002000104	318331000221102	0	766939001	900000000000011006	900000000000451002
89021002000124	20250509	1	11002000107	15601002000107	318331000221102	0	766939001	900000000000011006	900000000000451002
89041002000125	20250509	1	11002000107	15601002000107	15591002000101	1	41002000106	900000000000011006	900000000000451002
89051002000128	20250509	1	11002000107	15611002000105	201002000108	1	41002000106	900000000000011006	900000000000451002
89061002000126	20250509	1	11002000107	15611002000105	191002000105	1	41002000106	900000000000011006	900000000000451002
89071002000120	20250509	1	11002000107	15611002000105	318331000221102	0	766939001	900000000000011006	900000000000451002
89091002000121	20250509	1	11002000107	15621002000104	318331000221102	0	766939001	900000000000011006	900000000000451002
89111002000125	20250509	1	11002000107	15621002000104	3061002000100	1	41002000106	900000000000011006	900000000000451002
89121002000120	20250509	1	11002000107	15631002000101	15211002000107	1	41002000106	900000000000011006	900000000000451002
89131002000123	20250509	1	11002000107	15631002000101	1611002000105	1	41002000106	900000000000011006	900000000000451002
89141002000126	20250509	1	11002000107	15631002000101	2171002000101	1	41002000106	900000000000011006	900000000000451002
89151002000129	20250509	1	11002000107	15631002000101	9321002000105	1	41002000106	900000000000011006	900000000000451002
89161002000127	20250509	1	11002000107	15631002000101	15171002000105	1	41002000106	900000000000011006	900000000000451002
89171002000121	20250509	1	11002000107	15631002000101	13381002000109	1	41002000106	900000000000011006	900000000000451002
89181002000124	20250509	1	11002000107	15631002000101	15151002000102	1	41002000106	900000000000011006	900000000000451002
89191002000122	20250509	1	11002000107	15631002000101	9301002000102	1	41002000106	900000000000011006	900000000000451002
89201002000120	20250509	1	11002000107	15631002000101	15191002000106	1	41002000106	900000000000011006	900000000000451002
89211002000123	20250509	1	11002000107	15631002000101	9231002000102	1	41002000106	900000000000011006	900000000000451002
89221002000128	20250509	1	11002000107	15631002000101	9341002000100	1	41002000106	900000000000011006	900000000000451002
89231002000125	20250509	1	11002000107	15631002000101	15161002000100	1	41002000106	900000000000011006	900000000000451002
89241002000122	20250509	1	11002000107	15631002000101	13351002000103	1	41002000106	900000000000011006	900000000000451002
89251002000124	20250509	1	11002000107	15631002000101	9311002000104	1	41002000106	900000000000011006	900000000000451002
89271002000127	20250509	1	11002000107	15631002000101	15221002000101	1	41002000106	900000000000011006	900000000000451002
89281002000129	20250509	1	11002000107	15631002000101	15201002000109	1	41002000106	900000000000011006	900000000000451002
89291002000126	20250509	1	11002000107	15631002000101	2161002000106	1	41002000106	900000000000011006	900000000000451002
89301002000125	20250509	1	11002000107	15631002000101	15181002000108	1	41002000106	900000000000011006	900000000000451002
89311002000127	20250509	1	11002000107	15631002000101	2151002000109	1	41002000106	900000000000011006	900000000000451002
89321002000122	20250509	1	11002000107	15631002000101	9221002000100	1	41002000106	900000000000011006	900000000000451002
89331002000120	20250509	1	11002000107	15631002000101	318331000221102	0	766939001	900000000000011006	900000000000451002
89341002000128	20250509	1	11002000107	15631002000101	9331002000108	1	41002000106	900000000000011006	900000000000451002
89351002000126	20250509	1	11002000107	15631002000101	15231002000103	1	41002000106	900000000000011006	900000000000451002
89361002000129	20250509	1	11002000107	15641002000109	251002000107	1	41002000106	900000000000011006	900000000000451002
89371002000123	20250509	1	11002000107	15641002000109	1391002000108	1	41002000106	900000000000011006	900000000000451002
89381002000121	20250509	1	11002000107	15641002000109	131002000106	1	41002000106	900000000000011006	900000000000451002
89391002000124	20250509	1	11002000107	15641002000109	111002000102	1	41002000106	900000000000011006	900000000000451002
89411002000124	20250509	1	11002000107	15641002000109	51002000108	1	41002000106	900000000000011006	900000000000451002
89421002000129	20250509	1	11002000107	15641002000109	318331000221102	0	766939001	900000000000011006	900000000000451002
89431002000126	20250509	1	11002000107	15651002000106	318331000221102	0	766939001	900000000000011006	900000000000451002
89451002000120	20250509	1	11002000107	15651002000106	71002000100	1	41002000106	900000000000011006	900000000000451002
89461002000122	20250509	1	11002000107	15661002000108	318331000221102	0	766939001	900000000000011006	900000000000451002
89471002000128	20250509	1	11002000107	15661002000108	7881002000108	1	41002000106	900000000000011006	900000000000451002
89491002000127	20250509	1	11002000107	15671002000103	191002000105	1	41002000106	900000000000011006	900000000000451002
89511002000120	20250509	1	11002000107	15671002000103	181002000107	1	41002000106	900000000000011006	900000000000451002
89521002000125	20250509	1	11002000107	15671002000103	211002000106	1	41002000106	900000000000011006	900000000000451002
89531002000127	20250509	1	11002000107	15671002000103	201002000108	1	41002000106	900000000000011006	900000000000451002
89541002000124	20250509	1	11002000107	15671002000103	318331000221102	0	766939001	900000000000011006	900000000000451002
89551002000121	20250509	1	11002000107	15671002000103	221002000100	1	41002000106	900000000000011006	900000000000451002
89561002000123	20250509	1	11002000107	15681002000100	1801002000108	1	41002000106	900000000000011006	900000000000451002
89571002000129	20250509	1	11002000107	15681002000100	318331000221102	0	766939001	900000000000011006	900000000000451002
89591002000128	20250509	1	11002000107	15691002000102	318331000221102	0	766939001	900000000000011006	900000000000451002
89601002000123	20250509	1	11002000107	15691002000102	7881002000108	1	41002000106	900000000000011006	900000000000451002
89621002000126	20250509	1	11002000107	15701002000102	318331000221102	0	766939001	900000000000011006	900000000000451002
89641002000120	20250509	1	11002000107	15701002000102	1891002000103	1	41002000106	900000000000011006	900000000000451002
89651002000122	20250509	1	11002000107	15711002000104	121002000108	1	41002000106	900000000000011006	900000000000451002
89661002000124	20250509	1	11002000107	15711002000104	318331000221102	0	766939001	900000000000011006	900000000000451002
89681002000127	20250509	1	11002000107	15721002000105	1811002000106	1	41002000106	900000000000011006	900000000000451002
89691002000129	20250509	1	11002000107	15721002000105	1821002000100	1	41002000106	900000000000011006	900000000000451002
89701002000129	20250509	1	11002000107	15721002000105	318331000221102	0	766939001	900000000000011006	900000000000451002
89721002000121	20250509	1	11002000107	15731002000108	1821002000100	1	41002000106	900000000000011006	900000000000451002
89731002000124	20250509	1	11002000107	15731002000108	318331000221102	0	766939001	900000000000011006	900000000000451002
89751002000125	20250509	1	11002000107	15741002000100	1801002000108	1	41002000106	900000000000011006	900000000000451002
89761002000128	20250509	1	11002000107	15741002000100	318331000221102	0	766939001	900000000000011006	900000000000451002
89781002000120	20250509	1	11002000107	15751002000103	8531002000108	1	41002000106	900000000000011006	900000000000451002
89791002000123	20250509	1	11002000107	15751002000103	318331000221102	0	766939001	900000000000011006	900000000000451002
89811002000122	20250509	1	11002000107	15761002000101	318331000221102	0	766939001	900000000000011006	900000000000451002
89831002000129	20250509	1	11002000107	15761002000101	1111002000103	1	41002000106	900000000000011006	900000000000451002
89841002000121	20250509	1	11002000107	15771002000106	901002000103	1	41002000106	900000000000011006	900000000000451002
89851002000123	20250509	1	11002000107	15771002000106	131002000106	1	41002000106	900000000000011006	900000000000451002
89861002000120	20250509	1	11002000107	15771002000106	318331000221102	0	766939001	900000000000011006	900000000000451002
89881002000128	20250509	1	11002000107	15781002000109	131002000106	1	41002000106	900000000000011006	900000000000451002
89891002000125	20250509	1	11002000107	15781002000109	111002000102	1	41002000106	900000000000011006	900000000000451002
89901002000126	20250509	1	11002000107	15781002000109	318331000221102	0	766939001	900000000000011006	900000000000451002
89921002000123	20250509	1	11002000107	15791002000107	1391002000108	1	41002000106	900000000000011006	900000000000451002
89931002000121	20250509	1	11002000107	15791002000107	131002000106	1	41002000106	900000000000011006	900000000000451002
89941002000129	20250509	1	11002000107	15791002000107	111002000102	1	41002000106	900000000000011006	900000000000451002
89951002000127	20250509	1	11002000107	15791002000107	318331000221102	0	766939001	900000000000011006	900000000000451002
89971002000124	20250509	1	11002000107	15801002000108	131002000106	1	41002000106	900000000000011006	900000000000451002
89981002000122	20250509	1	11002000107	15801002000108	318331000221102	0	766939001	900000000000011006	900000000000451002
90001002000121	20250509	1	11002000107	15811002000106	131002000106	1	41002000106	900000000000011006	900000000000451002
90011002000124	20250509	1	11002000107	15811002000106	318331000221102	0	766939001	900000000000011006	900000000000451002
90021002000129	20250509	1	11002000107	11002000107	1201891009	0	116680003	900000000000011006	900000000000451002
90031002000126	20250509	1	11002000107	21002000101	900000000000453004	0	116680003	900000000000011006	900000000000451002
90041002000123	20250509	1	11002000107	31002000103	362981000	0	116680003	900000000000011006	900000000000451002
90051002000120	20250509	1	11002000107	41002000106	762705008	0	116680003	900000000000011006	900000000000451002
103341002000121	20250509	1	11002000107	61002000105	4661002000106	0	116680003	900000000000011006	900000000000451002
103351002000123	20250509	1	11002000107	81002000102	11131002000105	0	116680003	900000000000011006	900000000000451002
103361002000120	20250509	1	11002000107	101002000100	10941002000106	0	116680003	900000000000011006	900000000000451002
103371002000126	20250509	1	11002000107	141002000103	1701002000102	0	116680003	900000000000011006	900000000000451002
103381002000128	20250509	1	11002000107	161002000104	14731002000109	0	116680003	900000000000011006	900000000000451002
103391002000125	20250509	1	11002000107	171002000109	11131002000105	0	116680003	900000000000011006	900000000000451002
103401002000128	20250509	1	11002000107	231002000102	10271002000108	0	116680003	900000000000011006	900000000000451002
103411002000125	20250509	1	11002000107	241002000105	11131002000105	0	116680003	900000000000011006	900000000000451002
103421002000120	20250509	1	11002000107	261002000109	10991002000104	0	116680003	900000000000011006	900000000000451002
103431002000123	20250509	1	11002000107	281002000101	11011002000100	0	116680003	900000000000011006	900000000000451002
103441002000126	20250509	1	11002000107	301002000102	14871002000100	0	116680003	900000000000011006	900000000000451002
103451002000129	20250509	1	11002000107	311002000104	11131002000105	0	116680003	900000000000011006	900000000000451002
103461002000127	20250509	1	11002000107	321002000105	3891002000104	0	116680003	900000000000011006	900000000000451002
103471002000121	20250509	1	11002000107	341002000100	13791002000106	0	116680003	900000000000011006	900000000000451002
103481002000124	20250509	1	11002000107	351002000103	13731002000107	0	116680003	900000000000011006	900000000000451002
103491002000122	20250509	1	11002000107	361002000101	11131002000105	0	116680003	900000000000011006	900000000000451002
103501002000127	20250509	1	11002000107	401002000109	2261002000101	0	116680003	900000000000011006	900000000000451002
103511002000129	20250509	1	11002000107	451002000108	2601002000104	0	116680003	900000000000011006	900000000000451002
103521002000124	20250509	1	11002000107	471002000100	14711002000100	0	116680003	900000000000011006	900000000000451002
103531002000122	20250509	1	11002000107	481002000102	14711002000100	0	116680003	900000000000011006	900000000000451002
103541002000125	20250509	1	11002000107	491002000104	11131002000105	0	116680003	900000000000011006	900000000000451002
103551002000128	20250509	1	11002000107	511002000108	14431002000100	0	116680003	900000000000011006	900000000000451002
103561002000126	20250509	1	11002000107	521002000102	13731002000107	0	116680003	900000000000011006	900000000000451002
103571002000120	20250509	1	11002000107	761002000100	4611002000108	0	116680003	900000000000011006	900000000000451002
103581002000123	20250509	1	11002000107	841002000109	4471002000104	0	116680003	900000000000011006	900000000000451002
103591002000121	20250509	1	11002000107	851002000106	11131002000105	0	116680003	900000000000011006	900000000000451002
103601002000126	20250509	1	11002000107	861002000108	2261002000101	0	116680003	900000000000011006	900000000000451002
103611002000128	20250509	1	11002000107	881002000100	11391002000106	0	116680003	900000000000011006	900000000000451002
103621002000123	20250509	1	11002000107	911002000100	7141002000105	0	116680003	900000000000011006	900000000000451002
103631002000121	20250509	1	11002000107	921002000106	6841002000102	0	116680003	900000000000011006	900000000000451002
103641002000129	20250509	1	11002000107	941002000101	9901002000103	0	116680003	900000000000011006	900000000000451002
103651002000127	20250509	1	11002000107	951002000104	2101002000105	0	116680003	900000000000011006	900000000000451002
103661002000125	20250509	1	11002000107	961002000102	2091002000101	0	116680003	900000000000011006	900000000000451002
103671002000124	20250509	1	11002000107	981002000105	2551002000101	0	116680003	900000000000011006	900000000000451002
103681002000122	20250509	1	11002000107	1001002000100	2061002000107	0	116680003	900000000000011006	900000000000451002
103691002000120	20250509	1	11002000107	1011002000102	13881002000100	0	116680003	900000000000011006	900000000000451002
103701002000120	20250509	1	11002000107	1021002000108	6861002000103	0	116680003	900000000000011006	900000000000451002
103711002000123	20250509	1	11002000107	1041002000103	12531002000109	0	116680003	900000000000011006	900000000000451002
103721002000128	20250509	1	11002000107	1061002000104	12521002000106	0	116680003	900000000000011006	900000000000451002
103731002000125	20250509	1	11002000107	1091002000105	13721002000109	0	116680003	900000000000011006	900000000000451002
103741002000122	20250509	1	11002000107	1101002000101	8561002000101	0	116680003	900000000000011006	900000000000451002
103751002000124	20250509	1	11002000107	1121002000109	2321002000100	0	116680003	900000000000011006	900000000000451002
103761002000121	20250509	1	11002000107	1131002000107	7141002000105	0	116680003	900000000000011006	900000000000451002
103771002000127	20250509	1	11002000107	1151002000102	10261002000103	0	116680003	900000000000011006	900000000000451002
103781002000129	20250509	1	11002000107	1161002000100	10991002000104	0	116680003	900000000000011006	900000000000451002
103791002000126	20250509	1	11002000107	1181002000108	11001002000103	0	116680003	900000000000011006	900000000000451002
103801002000125	20250509	1	11002000107	1191002000106	11131002000105	0	116680003	900000000000011006	900000000000451002
103811002000127	20250509	1	11002000107	1201002000109	11001002000103	0	116680003	900000000000011006	900000000000451002
103821002000122	20250509	1	11002000107	1211002000107	10941002000106	0	116680003	900000000000011006	900000000000451002
103831002000120	20250509	1	11002000107	1231002000103	10951002000108	0	116680003	900000000000011006	900000000000451002
103841002000128	20250509	1	11002000107	1241002000106	6861002000103	0	116680003	900000000000011006	900000000000451002
103851002000126	20250509	1	11002000107	1251002000108	2591002000105	0	116680003	900000000000011006	900000000000451002
103861002000129	20250509	1	11002000107	1261002000105	2261002000101	0	116680003	900000000000011006	900000000000451002
103871002000123	20250509	1	11002000107	1281002000102	13741002000104	0	116680003	900000000000011006	900000000000451002
103881002000121	20250509	1	11002000107	1291002000104	2291002000107	0	116680003	900000000000011006	900000000000451002
103891002000124	20250509	1	11002000107	1311002000100	7801002000101	0	116680003	900000000000011006	900000000000451002
103901002000123	20250509	1	11002000107	1331002000109	7791002000102	0	116680003	900000000000011006	900000000000451002
103911002000121	20250509	1	11002000107	1341002000101	8561002000101	0	116680003	900000000000011006	900000000000451002
103921002000126	20250509	1	11002000107	1361002000102	2711002000107	0	116680003	900000000000011006	900000000000451002
103931002000128	20250509	1	11002000107	1371002000107	2711002000107	0	116680003	900000000000011006	900000000000451002
103941002000120	20250509	1	11002000107	1381002000105	11131002000105	0	116680003	900000000000011006	900000000000451002
103951002000122	20250509	1	11002000107	1401002000105	14101002000102	0	116680003	900000000000011006	900000000000451002
103961002000124	20250509	1	11002000107	1411002000108	13841002000109	0	116680003	900000000000011006	900000000000451002
103971002000125	20250509	1	11002000107	1421002000102	6861002000103	0	116680003	900000000000011006	900000000000451002
103981002000127	20250509	1	11002000107	1431002000104	10951002000108	0	116680003	900000000000011006	900000000000451002
103991002000129	20250509	1	11002000107	1441002000107	2321002000100	0	116680003	900000000000011006	900000000000451002
104001002000120	20250509	1	11002000107	1451002000109	2601002000104	0	116680003	900000000000011006	900000000000451002
104011002000123	20250509	1	11002000107	1461002000106	2361002000109	0	116680003	900000000000011006	900000000000451002
104021002000128	20250509	1	11002000107	1471002000101	14811002000107	0	116680003	900000000000011006	900000000000451002
104031002000125	20250509	1	11002000107	1491002000100	14551002000106	0	116680003	900000000000011006	900000000000451002
104041002000122	20250509	1	11002000107	1511002000109	13691002000101	0	116680003	900000000000011006	900000000000451002
104051002000124	20250509	1	11002000107	1521002000103	2351002000107	0	116680003	900000000000011006	900000000000451002
104061002000121	20250509	1	11002000107	1531002000100	2361002000109	0	116680003	900000000000011006	900000000000451002
104071002000127	20250509	1	11002000107	1541002000108	2611002000101	0	116680003	900000000000011006	900000000000451002
104081002000129	20250509	1	11002000107	1551002000105	6851002000100	0	116680003	900000000000011006	900000000000451002
104091002000126	20250509	1	11002000107	1571002000102	13951002000104	0	116680003	900000000000011006	900000000000451002
104101002000124	20250509	1	11002000107	1581002000104	2321002000100	0	116680003	900000000000011006	900000000000451002
104111002000122	20250509	1	11002000107	1601002000107	2561002000104	0	116680003	900000000000011006	900000000000451002
104121002000127	20250509	1	11002000107	1641002000109	14931002000106	0	116680003	900000000000011006	900000000000451002
104131002000129	20250509	1	11002000107	1661002000108	15421002000102	0	116680003	900000000000011006	900000000000451002
104141002000121	20250509	1	11002000107	1671002000103	5061002000101	0	116680003	900000000000011006	900000000000451002
104151002000123	20250509	1	11002000107	1681002000100	2291002000107	0	116680003	900000000000011006	900000000000451002
104161002000120	20250509	1	11002000107	1691002000102	2771002000100	0	116680003	900000000000011006	900000000000451002
104171002000126	20250509	1	11002000107	1701002000102	10231002000105	0	116680003	900000000000011006	900000000000451002
104181002000128	20250509	1	11002000107	1701002000102	2361002000109	0	116680003	900000000000011006	900000000000451002
104191002000125	20250509	1	11002000107	1721002000105	14621002000100	0	116680003	900000000000011006	900000000000451002
104201002000127	20250509	1	11002000107	1741002000100	2681002000106	0	116680003	900000000000011006	900000000000451002
104211002000129	20250509	1	11002000107	1761002000101	9571002000101	0	116680003	900000000000011006	900000000000451002
104221002000124	20250509	1	11002000107	1791002000107	14851002000108	0	116680003	900000000000011006	900000000000451002
104231002000122	20250509	1	11002000107	1831002000102	4431002000102	0	116680003	900000000000011006	900000000000451002
104241002000125	20250509	1	11002000107	1841002000105	9761002000100	0	116680003	900000000000011006	900000000000451002
104251002000128	20250509	1	11002000107	1851002000107	11131002000105	0	116680003	900000000000011006	900000000000451002
104261002000126	20250509	1	11002000107	1861002000109	2551002000101	0	116680003	900000000000011006	900000000000451002
104271002000120	20250509	1	11002000107	1871002000104	13791002000106	0	116680003	900000000000011006	900000000000451002
104281002000123	20250509	1	11002000107	1881002000101	14711002000100	0	116680003	900000000000011006	900000000000451002
104291002000121	20250509	1	11002000107	1901002000104	13831002000101	0	116680003	900000000000011006	900000000000451002
104301002000122	20250509	1	11002000107	1911002000101	15081002000107	0	116680003	900000000000011006	900000000000451002
104311002000120	20250509	1	11002000107	1961002000103	14121002000105	0	116680003	900000000000011006	900000000000451002
104321002000125	20250509	1	11002000107	1981002000106	2541002000103	0	116680003	900000000000011006	900000000000451002
104331002000127	20250509	1	11002000107	1991002000109	2541002000103	0	116680003	900000000000011006	900000000000451002
104341002000124	20250509	1	11002000107	2001002000106	2541002000103	0	116680003	900000000000011006	900000000000451002
104351002000121	20250509	1	11002000107	2011002000109	2541002000103	0	116680003	900000000000011006	900000000000451002
104361002000123	20250509	1	11002000107	2021002000103	2541002000103	0	116680003	900000000000011006	900000000000451002
104371002000129	20250509	1	11002000107	2031002000100	2541002000103	0	116680003	900000000000011006	900000000000451002
104381002000126	20250509	1	11002000107	2051002000105	787859002	0	116680003	900000000000011006	900000000000451002
104391002000128	20250509	1	11002000107	2061002000107	787859002	0	116680003	900000000000011006	900000000000451002
104401002000126	20250509	1	11002000107	2081002000104	787859002	0	116680003	900000000000011006	900000000000451002
104411002000128	20250509	1	11002000107	2091002000101	787859002	0	116680003	900000000000011006	900000000000451002
104421002000123	20250509	1	11002000107	2101002000105	787859002	0	116680003	900000000000011006	900000000000451002
104431002000121	20250509	1	11002000107	2111002000108	10951002000108	0	116680003	900000000000011006	900000000000451002
104441002000129	20250509	1	11002000107	2121002000102	2261002000101	0	116680003	900000000000011006	900000000000451002
104451002000127	20250509	1	11002000107	2131002000104	2711002000107	0	116680003	900000000000011006	900000000000451002
104461002000125	20250509	1	11002000107	2141002000107	9891002000102	0	116680003	900000000000011006	900000000000451002
104471002000124	20250509	1	11002000107	2181002000103	11971002000106	0	116680003	900000000000011006	900000000000451002
104481002000122	20250509	1	11002000107	2191002000100	2541002000103	0	116680003	900000000000011006	900000000000451002
104491002000120	20250509	1	11002000107	2201002000102	2541002000103	0	116680003	900000000000011006	900000000000451002
104501002000125	20250509	1	11002000107	2221002000105	13831002000101	0	116680003	900000000000011006	900000000000451002
104511002000127	20250509	1	11002000107	2231002000108	14871002000100	0	116680003	900000000000011006	900000000000451002
104521002000122	20250509	1	11002000107	2241002000100	10991002000104	0	116680003	900000000000011006	900000000000451002
104531002000120	20250509	1	11002000107	2251002000103	11011002000100	0	116680003	900000000000011006	900000000000451002
104541002000128	20250509	1	11002000107	2261002000101	6851002000100	0	116680003	900000000000011006	900000000000451002
104551002000126	20250509	1	11002000107	2261002000101	7401002000104	0	116680003	900000000000011006	900000000000451002
104561002000129	20250509	1	11002000107	2261002000101	9911002000100	0	116680003	900000000000011006	900000000000451002
104571002000123	20250509	1	11002000107	2281002000109	787859002	0	116680003	900000000000011006	900000000000451002
104581002000121	20250509	1	11002000107	2291002000107	787859002	0	116680003	900000000000011006	900000000000451002
104591002000124	20250509	1	11002000107	2311002000106	787859002	0	116680003	900000000000011006	900000000000451002
104601002000129	20250509	1	11002000107	2321002000100	787859002	0	116680003	900000000000011006	900000000000451002
104611002000126	20250509	1	11002000107	2341002000105	787859002	0	116680003	900000000000011006	900000000000451002
104621002000121	20250509	1	11002000107	2351002000107	2771002000100	0	116680003	900000000000011006	900000000000451002
104631002000124	20250509	1	11002000107	2351002000107	7271002000109	0	116680003	900000000000011006	900000000000451002
104641002000127	20250509	1	11002000107	2361002000109	14241002000107	0	116680003	900000000000011006	900000000000451002
104651002000125	20250509	1	11002000107	2361002000109	5071002000106	0	116680003	900000000000011006	900000000000451002
104661002000128	20250509	1	11002000107	2391002000103	10231002000105	0	116680003	900000000000011006	900000000000451002
104671002000122	20250509	1	11002000107	2391002000103	9461002000105	0	116680003	900000000000011006	900000000000451002
104681002000120	20250509	1	11002000107	2401002000101	13841002000109	0	116680003	900000000000011006	900000000000451002
104691002000123	20250509	1	11002000107	2411002000103	11131002000105	0	116680003	900000000000011006	900000000000451002
104701002000123	20250509	1	11002000107	2451002000102	13911002000100	0	116680003	900000000000011006	900000000000451002
104711002000121	20250509	1	11002000107	2471002000105	787859002	0	116680003	900000000000011006	900000000000451002
104721002000126	20250509	1	11002000107	2491002000106	787859002	0	116680003	900000000000011006	900000000000451002
104731002000128	20250509	1	11002000107	2511002000102	787859002	0	116680003	900000000000011006	900000000000451002
104741002000120	20250509	1	11002000107	2531002000106	10511002000104	0	116680003	900000000000011006	900000000000451002
104751002000122	20250509	1	11002000107	2541002000103	9811002000105	0	116680003	900000000000011006	900000000000451002
104761002000124	20250509	1	11002000107	2551002000101	787859002	0	116680003	900000000000011006	900000000000451002
104771002000125	20250509	1	11002000107	2561002000104	9661002000107	0	116680003	900000000000011006	900000000000451002
104781002000127	20250509	1	11002000107	2581002000107	787859002	0	116680003	900000000000011006	900000000000451002
104791002000129	20250509	1	11002000107	2591002000105	10341002000107	0	116680003	900000000000011006	900000000000451002
104801002000128	20250509	1	11002000107	2591002000105	13681002000104	0	116680003	900000000000011006	900000000000451002
104811002000125	20250509	1	11002000107	2601002000104	13671002000102	0	116680003	900000000000011006	900000000000451002
104821002000120	20250509	1	11002000107	2611002000101	787859002	0	116680003	900000000000011006	900000000000451002
104831002000123	20250509	1	11002000107	2631002000105	787859002	0	116680003	900000000000011006	900000000000451002
104841002000126	20250509	1	11002000107	2651002000100	787859002	0	116680003	900000000000011006	900000000000451002
104851002000129	20250509	1	11002000107	2671002000108	787859002	0	116680003	900000000000011006	900000000000451002
104861002000127	20250509	1	11002000107	2681002000106	787859002	0	116680003	900000000000011006	900000000000451002
104871002000121	20250509	1	11002000107	2701002000109	787859002	0	116680003	900000000000011006	900000000000451002
104881002000124	20250509	1	11002000107	2711002000107	787859002	0	116680003	900000000000011006	900000000000451002
104891002000122	20250509	1	11002000107	2731002000103	10881002000107	0	116680003	900000000000011006	900000000000451002
104901002000121	20250509	1	11002000107	2741002000106	2731002000103	0	116680003	900000000000011006	900000000000451002
104911002000124	20250509	1	11002000107	2761002000105	787859002	0	116680003	900000000000011006	900000000000451002
104921002000129	20250509	1	11002000107	2771002000100	9461002000105	0	116680003	900000000000011006	900000000000451002
104931002000126	20250509	1	11002000107	2781002000102	11131002000105	0	116680003	900000000000011006	900000000000451002
104941002000123	20250509	1	11002000107	2791002000104	10951002000108	0	116680003	900000000000011006	900000000000451002
104951002000120	20250509	1	11002000107	2801002000103	10941002000106	0	116680003	900000000000011006	900000000000451002
104961002000122	20250509	1	11002000107	2811002000100	14861002000105	0	116680003	900000000000011006	900000000000451002
104971002000128	20250509	1	11002000107	2821002000106	11131002000105	0	116680003	900000000000011006	900000000000451002
104981002000125	20250509	1	11002000107	2831002000109	1661002000108	0	116680003	900000000000011006	900000000000451002
104991002000127	20250509	1	11002000107	2841002000101	1661002000108	0	116680003	900000000000011006	900000000000451002
105001002000121	20250509	1	11002000107	2851002000104	2361002000109	0	116680003	900000000000011006	900000000000451002
105011002000124	20250509	1	11002000107	2871002000107	13811002000105	0	116680003	900000000000011006	900000000000451002
105021002000129	20250509	1	11002000107	2881002000105	9891002000102	0	116680003	900000000000011006	900000000000451002
105031002000126	20250509	1	11002000107	2891002000108	11051002000104	0	116680003	900000000000011006	900000000000451002
105041002000123	20250509	1	11002000107	2901002000107	2351002000107	0	116680003	900000000000011006	900000000000451002
105051002000120	20250509	1	11002000107	2911002000105	2591002000105	0	116680003	900000000000011006	900000000000451002
105061002000122	20250509	1	11002000107	2921002000104	7281002000107	0	116680003	900000000000011006	900000000000451002
105071002000128	20250509	1	11002000107	2931002000101	1701002000102	0	116680003	900000000000011006	900000000000451002
105081002000125	20250509	1	11002000107	2941002000109	14231002000104	0	116680003	900000000000011006	900000000000451002
105091002000127	20250509	1	11002000107	2951002000106	7301002000106	0	116680003	900000000000011006	900000000000451002
105101002000120	20250509	1	11002000107	2961002000108	1911002000101	0	116680003	900000000000011006	900000000000451002
105111002000123	20250509	1	11002000107	2971002000103	14241002000107	0	116680003	900000000000011006	900000000000451002
105121002000128	20250509	1	11002000107	2981002000100	2361002000109	0	116680003	900000000000011006	900000000000451002
105131002000125	20250509	1	11002000107	2991002000102	2351002000107	0	116680003	900000000000011006	900000000000451002
105141002000122	20250509	1	11002000107	3001002000101	2061002000107	0	116680003	900000000000011006	900000000000451002
105151002000124	20250509	1	11002000107	3011002000103	4661002000106	0	116680003	900000000000011006	900000000000451002
105161002000121	20250509	1	11002000107	3021002000109	14241002000107	0	116680003	900000000000011006	900000000000451002
105171002000127	20250509	1	11002000107	3031002000107	2291002000107	0	116680003	900000000000011006	900000000000451002
105181002000129	20250509	1	11002000107	3041002000104	2061002000107	0	116680003	900000000000011006	900000000000451002
105191002000126	20250509	1	11002000107	3051002000102	2101002000105	0	116680003	900000000000011006	900000000000451002
105201002000128	20250509	1	11002000107	3071002000105	15621002000104	0	116680003	900000000000011006	900000000000451002
105211002000125	20250509	1	11002000107	3091002000106	14071002000105	0	116680003	900000000000011006	900000000000451002
105221002000120	20250509	1	11002000107	3101002000102	11131002000105	0	116680003	900000000000011006	900000000000451002
105231002000123	20250509	1	11002000107	3111002000104	9911002000100	0	116680003	900000000000011006	900000000000451002
105241002000126	20250509	1	11002000107	3121002000105	9911002000100	0	116680003	900000000000011006	900000000000451002
105251002000129	20250509	1	11002000107	3131002000108	13831002000101	0	116680003	900000000000011006	900000000000451002
105261002000127	20250509	1	11002000107	3141002000100	10991002000104	0	116680003	900000000000011006	900000000000451002
105271002000121	20250509	1	11002000107	3151002000103	15621002000104	0	116680003	900000000000011006	900000000000451002
105281002000124	20250509	1	11002000107	3161002000101	7401002000104	0	116680003	900000000000011006	900000000000451002
105291002000122	20250509	1	11002000107	3181002000109	10931002000103	0	116680003	900000000000011006	900000000000451002
105301002000123	20250509	1	11002000107	3191002000107	2361002000109	0	116680003	900000000000011006	900000000000451002
105311002000121	20250509	1	11002000107	3201002000105	2101002000105	0	116680003	900000000000011006	900000000000451002
105321002000126	20250509	1	11002000107	3211002000108	2531002000106	0	116680003	900000000000011006	900000000000451002
105331002000128	20250509	1	11002000107	3221002000102	14261002000106	0	116680003	900000000000011006	900000000000451002
105341002000120	20250509	1	11002000107	3231002000104	2091002000101	0	116680003	900000000000011006	900000000000451002
105351002000122	20250509	1	11002000107	3241002000107	7281002000107	0	116680003	900000000000011006	900000000000451002
105361002000124	20250509	1	11002000107	3261002000106	14771002000107	0	116680003	900000000000011006	900000000000451002
105371002000125	20250509	1	11002000107	3271002000101	2351002000107	0	116680003	900000000000011006	900000000000451002
105381002000127	20250509	1	11002000107	3281002000103	7281002000107	0	116680003	900000000000011006	900000000000451002
105391002000129	20250509	1	11002000107	3291002000100	14101002000102	0	116680003	900000000000011006	900000000000451002
105401002000127	20250509	1	11002000107	3301002000104	1701002000102	0	116680003	900000000000011006	900000000000451002
105411002000129	20250509	1	11002000107	3311002000101	2361002000109	0	116680003	900000000000011006	900000000000451002
105421002000124	20250509	1	11002000107	3321002000107	2361002000109	0	116680003	900000000000011006	900000000000451002
105431002000122	20250509	1	11002000107	3331002000105	2361002000109	0	116680003	900000000000011006	900000000000451002
105441002000125	20250509	1	11002000107	3341002000102	2361002000109	0	116680003	900000000000011006	900000000000451002
105451002000128	20250509	1	11002000107	3361002000103	13801002000107	0	116680003	900000000000011006	900000000000451002
105461002000126	20250509	1	11002000107	3371002000108	2361002000109	0	116680003	900000000000011006	900000000000451002
105471002000120	20250509	1	11002000107	3381002000106	2351002000107	0	116680003	900000000000011006	900000000000451002
105481002000123	20250509	1	11002000107	3391002000109	2361002000109	0	116680003	900000000000011006	900000000000451002
105491002000121	20250509	1	11002000107	3401002000106	6851002000100	0	116680003	900000000000011006	900000000000451002
105501002000126	20250509	1	11002000107	3411002000109	3891002000104	0	116680003	900000000000011006	900000000000451002
105511002000128	20250509	1	11002000107	3421002000103	7281002000107	0	116680003	900000000000011006	900000000000451002
105521002000123	20250509	1	11002000107	3441002000108	9861002000108	0	116680003	900000000000011006	900000000000451002
105531002000121	20250509	1	11002000107	3451002000105	2091002000101	0	116680003	900000000000011006	900000000000451002
105541002000129	20250509	1	11002000107	3461002000107	11131002000105	0	116680003	900000000000011006	900000000000451002
105551002000127	20250509	1	11002000107	3471002000102	11131002000105	0	116680003	900000000000011006	900000000000451002
105561002000125	20250509	1	11002000107	3481002000104	11131002000105	0	116680003	900000000000011006	900000000000451002
105571002000124	20250509	1	11002000107	3491002000101	11131002000105	0	116680003	900000000000011006	900000000000451002
105581002000122	20250509	1	11002000107	3501002000107	13811002000105	0	116680003	900000000000011006	900000000000451002
105591002000120	20250509	1	11002000107	3521002000104	9791002000106	0	116680003	900000000000011006	900000000000451002
105601002000125	20250509	1	11002000107	3531002000101	11131002000105	0	116680003	900000000000011006	900000000000451002
105611002000127	20250509	1	11002000107	3551002000106	14301002000104	0	116680003	900000000000011006	900000000000451002
105621002000122	20250509	1	11002000107	3561002000108	2351002000107	0	116680003	900000000000011006	900000000000451002
105631002000120	20250509	1	11002000107	3571002000103	2091002000101	0	116680003	900000000000011006	900000000000451002
105641002000128	20250509	1	11002000107	3581002000100	4661002000106	0	116680003	900000000000011006	900000000000451002
105651002000126	20250509	1	11002000107	3591002000102	11001002000103	0	116680003	900000000000011006	900000000000451002
105661002000129	20250509	1	11002000107	3601002000108	13831002000101	0	116680003	900000000000011006	900000000000451002
105671002000123	20250509	1	11002000107	3611002000106	10991002000104	0	116680003	900000000000011006	900000000000451002
105681002000121	20250509	1	11002000107	3631002000102	14141002000100	0	116680003	900000000000011006	900000000000451002
105691002000124	20250509	1	11002000107	3641002000105	13881002000100	0	116680003	900000000000011006	900000000000451002
105701002000124	20250509	1	11002000107	3661002000109	11041002000101	0	116680003	900000000000011006	900000000000451002
105711002000122	20250509	1	11002000107	3671002000104	2771002000100	0	116680003	900000000000011006	900000000000451002
105721002000127	20250509	1	11002000107	3681002000101	2091002000101	0	116680003	900000000000011006	900000000000451002
105731002000129	20250509	1	11002000107	3691002000103	2291002000107	0	116680003	900000000000011006	900000000000451002
105741002000121	20250509	1	11002000107	3711002000100	9811002000105	0	116680003	900000000000011006	900000000000451002
105751002000123	20250509	1	11002000107	3721002000106	11391002000106	0	116680003	900000000000011006	900000000000451002
105761002000120	20250509	1	11002000107	3731002000109	2361002000109	0	116680003	900000000000011006	900000000000451002
105771002000126	20250509	1	11002000107	3741002000101	11131002000105	0	116680003	900000000000011006	900000000000451002
105781002000128	20250509	1	11002000107	3751002000104	2611002000101	0	116680003	900000000000011006	900000000000451002
105791002000125	20250509	1	11002000107	3761002000102	2611002000101	0	116680003	900000000000011006	900000000000451002
105801002000129	20250509	1	11002000107	3771002000107	2261002000101	0	116680003	900000000000011006	900000000000451002
105811002000126	20250509	1	11002000107	3791002000108	11401002000108	0	116680003	900000000000011006	900000000000451002
105821002000121	20250509	1	11002000107	3801002000109	11401002000108	0	116680003	900000000000011006	900000000000451002
105831002000124	20250509	1	11002000107	3811002000107	2281002000109	0	116680003	900000000000011006	900000000000451002
105841002000127	20250509	1	11002000107	3821002000101	2091002000101	0	116680003	900000000000011006	900000000000451002
105851002000125	20250509	1	11002000107	3831002000103	2101002000105	0	116680003	900000000000011006	900000000000451002
105861002000128	20250509	1	11002000107	3841002000106	7281002000107	0	116680003	900000000000011006	900000000000451002
105871002000122	20250509	1	11002000107	3851002000108	11131002000105	0	116680003	900000000000011006	900000000000451002
105881002000120	20250509	1	11002000107	3861002000105	11131002000105	0	116680003	900000000000011006	900000000000451002
105891002000123	20250509	1	11002000107	3871002000100	5061002000101	0	116680003	900000000000011006	900000000000451002
105901002000122	20250509	1	11002000107	3881002000102	3891002000104	0	116680003	900000000000011006	900000000000451002
105911002000120	20250509	1	11002000107	3891002000104	2341002000105	0	116680003	900000000000011006	900000000000451002
105921002000125	20250509	1	11002000107	3901002000100	11131002000105	0	116680003	900000000000011006	900000000000451002
105931002000127	20250509	1	11002000107	3911002000102	2361002000109	0	116680003	900000000000011006	900000000000451002
105941002000124	20250509	1	11002000107	3921002000108	2771002000100	0	116680003	900000000000011006	900000000000451002
105951002000121	20250509	1	11002000107	3931002000106	13801002000107	0	116680003	900000000000011006	900000000000451002
105961002000123	20250509	1	11002000107	3941002000103	2081002000104	0	116680003	900000000000011006	900000000000451002
105971002000129	20250509	1	11002000107	3951002000101	13801002000107	0	116680003	900000000000011006	900000000000451002
105981002000126	20250509	1	11002000107	3961002000104	6851002000100	0	116680003	900000000000011006	900000000000451002
105991002000128	20250509	1	11002000107	3971002000109	2101002000105	0	116680003	900000000000011006	900000000000451002
106001002000127	20250509	1	11002000107	3981002000107	7401002000104	0	116680003	900000000000011006	900000000000451002
106011002000129	20250509	1	11002000107	3991002000105	2261002000101	0	116680003	900000000000011006	900000000000451002
106021002000124	20250509	1	11002000107	4001002000103	2291002000107	0	116680003	900000000000011006	900000000000451002
106031002000122	20250509	1	11002000107	4021002000106	14391002000109	0	116680003	900000000000011006	900000000000451002
106041002000125	20250509	1	11002000107	4031002000109	2101002000105	0	116680003	900000000000011006	900000000000451002
106051002000128	20250509	1	11002000107	4041002000101	2091002000101	0	116680003	900000000000011006	900000000000451002
106061002000126	20250509	1	11002000107	4051002000104	2261002000101	0	116680003	900000000000011006	900000000000451002
106071002000120	20250509	1	11002000107	4061002000102	6851002000100	0	116680003	900000000000011006	900000000000451002
106081002000123	20250509	1	11002000107	4071002000107	6851002000100	0	116680003	900000000000011006	900000000000451002
106091002000121	20250509	1	11002000107	4081002000105	2101002000105	0	116680003	900000000000011006	900000000000451002
106101002000128	20250509	1	11002000107	4091002000108	2101002000105	0	116680003	900000000000011006	900000000000451002
106111002000125	20250509	1	11002000107	4101002000104	2101002000105	0	116680003	900000000000011006	900000000000451002
106121002000120	20250509	1	11002000107	4111002000101	2101002000105	0	116680003	900000000000011006	900000000000451002
106131002000123	20250509	1	11002000107	4131002000105	14781002000105	0	116680003	900000000000011006	900000000000451002
106141002000126	20250509	1	11002000107	4141002000102	10341002000107	0	116680003	900000000000011006	900000000000451002
106151002000129	20250509	1	11002000107	4151002000100	2601002000104	0	116680003	900000000000011006	900000000000451002
106161002000127	20250509	1	11002000107	4161002000103	2601002000104	0	116680003	900000000000011006	900000000000451002
106171002000121	20250509	1	11002000107	4171002000108	2591002000105	0	116680003	900000000000011006	900000000000451002
106181002000124	20250509	1	11002000107	4181002000106	2091002000101	0	116680003	900000000000011006	900000000000451002
106191002000122	20250509	1	11002000107	4191002000109	2091002000101	0	116680003	900000000000011006	900000000000451002
106201002000120	20250509	1	11002000107	4201002000107	2101002000105	0	116680003	900000000000011006	900000000000451002
106211002000123	20250509	1	11002000107	4211002000105	2261002000101	0	116680003	900000000000011006	900000000000451002
106221002000128	20250509	1	11002000107	4251002000106	13891002000102	0	116680003	900000000000011006	900000000000451002
106231002000125	20250509	1	11002000107	4261002000108	7401002000104	0	116680003	900000000000011006	900000000000451002
106241002000122	20250509	1	11002000107	4271002000103	4431002000102	0	116680003	900000000000011006	900000000000451002
106251002000124	20250509	1	11002000107	4281002000100	2101002000105	0	116680003	900000000000011006	900000000000451002
106261002000121	20250509	1	11002000107	4291002000102	6851002000100	0	116680003	900000000000011006	900000000000451002
106271002000127	20250509	1	11002000107	4321002000109	2261002000101	0	116680003	900000000000011006	900000000000451002
106281002000129	20250509	1	11002000107	4331002000107	2101002000105	0	116680003	900000000000011006	900000000000451002
106291002000126	20250509	1	11002000107	4341002000104	2611002000101	0	116680003	900000000000011006	900000000000451002
106301002000125	20250509	1	11002000107	4351002000102	2611002000101	0	116680003	900000000000011006	900000000000451002
106311002000127	20250509	1	11002000107	4371002000105	14131002000108	0	116680003	900000000000011006	900000000000451002
106321002000122	20250509	1	11002000107	4381002000108	2611002000101	0	116680003	900000000000011006	900000000000451002
106331002000120	20250509	1	11002000107	4401002000108	10321002000102	0	116680003	900000000000011006	900000000000451002
106341002000128	20250509	1	11002000107	4411002000106	1911002000101	0	116680003	900000000000011006	900000000000451002
106351002000126	20250509	1	11002000107	4421002000100	4661002000106	0	116680003	900000000000011006	900000000000451002
106361002000129	20250509	1	11002000107	4431002000102	10201002000104	0	116680003	900000000000011006	900000000000451002
106371002000123	20250509	1	11002000107	4431002000102	7261002000104	0	116680003	900000000000011006	900000000000451002
106381002000121	20250509	1	11002000107	4441002000105	4431002000102	0	116680003	900000000000011006	900000000000451002
106391002000124	20250509	1	11002000107	4451002000107	2611002000101	0	116680003	900000000000011006	900000000000451002
106401002000121	20250509	1	11002000107	4461002000109	2101002000105	0	116680003	900000000000011006	900000000000451002
106411002000124	20250509	1	11002000107	4471002000104	9721002000109	0	116680003	900000000000011006	900000000000451002
106421002000129	20250509	1	11002000107	4481002000101	14331002000105	0	116680003	900000000000011006	900000000000451002
106431002000126	20250509	1	11002000107	4491002000103	4651002000109	0	116680003	900000000000011006	900000000000451002
106441002000123	20250509	1	11002000107	4501002000109	13731002000107	0	116680003	900000000000011006	900000000000451002
106451002000120	20250509	1	11002000107	4511002000107	13731002000107	0	116680003	900000000000011006	900000000000451002
106461002000122	20250509	1	11002000107	4521002000101	13841002000109	0	116680003	900000000000011006	900000000000451002
106471002000128	20250509	1	11002000107	4531002000103	14401002000106	0	116680003	900000000000011006	900000000000451002
106481002000125	20250509	1	11002000107	4551002000108	14691002000103	0	116680003	900000000000011006	900000000000451002
106491002000127	20250509	1	11002000107	4561002000105	2101002000105	0	116680003	900000000000011006	900000000000451002
106501002000122	20250509	1	11002000107	4571002000100	2261002000101	0	116680003	900000000000011006	900000000000451002
106511002000120	20250509	1	11002000107	4581002000102	4611002000108	0	116680003	900000000000011006	900000000000451002
106521002000125	20250509	1	11002000107	4591002000104	4611002000108	0	116680003	900000000000011006	900000000000451002
106531002000127	20250509	1	11002000107	4601002000105	13731002000107	0	116680003	900000000000011006	900000000000451002
106541002000124	20250509	1	11002000107	4611002000108	9701002000101	0	116680003	900000000000011006	900000000000451002
106551002000121	20250509	1	11002000107	4621002000102	4471002000104	0	116680003	900000000000011006	900000000000451002
106561002000123	20250509	1	11002000107	4641002000107	11031002000109	0	116680003	900000000000011006	900000000000451002
106571002000129	20250509	1	11002000107	4651002000109	2471002000105	0	116680003	900000000000011006	900000000000451002
106581002000126	20250509	1	11002000107	4661002000106	2471002000105	0	116680003	900000000000011006	900000000000451002
106591002000128	20250509	1	11002000107	4671002000101	3891002000104	0	116680003	900000000000011006	900000000000451002
106601002000123	20250509	1	11002000107	4681002000103	6861002000103	0	116680003	900000000000011006	900000000000451002
106611002000121	20250509	1	11002000107	4691002000100	13731002000107	0	116680003	900000000000011006	900000000000451002
106621002000126	20250509	1	11002000107	4701002000100	14101002000102	0	116680003	900000000000011006	900000000000451002
106631002000128	20250509	1	11002000107	4711002000102	6861002000103	0	116680003	900000000000011006	900000000000451002
106641002000120	20250509	1	11002000107	4721002000108	14911002000102	0	116680003	900000000000011006	900000000000451002
106651002000122	20250509	1	11002000107	4731002000106	11001002000103	0	116680003	900000000000011006	900000000000451002
106661002000124	20250509	1	11002000107	4741002000103	2091002000101	0	116680003	900000000000011006	900000000000451002
106671002000125	20250509	1	11002000107	4751002000101	2091002000101	0	116680003	900000000000011006	900000000000451002
106681002000127	20250509	1	11002000107	4761002000104	11391002000106	0	116680003	900000000000011006	900000000000451002
106691002000129	20250509	1	11002000107	4771002000109	13831002000101	0	116680003	900000000000011006	900000000000451002
106701002000129	20250509	1	11002000107	4791002000105	14831002000103	0	116680003	900000000000011006	900000000000451002
106711002000126	20250509	1	11002000107	4811002000109	6301002000109	0	116680003	900000000000011006	900000000000451002
106721002000121	20250509	1	11002000107	4821002000103	2101002000105	0	116680003	900000000000011006	900000000000451002
106731002000124	20250509	1	11002000107	4831002000100	7401002000104	0	116680003	900000000000011006	900000000000451002
106741002000127	20250509	1	11002000107	4841002000108	7401002000104	0	116680003	900000000000011006	900000000000451002
106751002000125	20250509	1	11002000107	4851002000105	2261002000101	0	116680003	900000000000011006	900000000000451002
106761002000128	20250509	1	11002000107	4861002000107	2701002000109	0	116680003	900000000000011006	900000000000451002
106771002000122	20250509	1	11002000107	4871002000102	2091002000101	0	116680003	900000000000011006	900000000000451002
106781002000120	20250509	1	11002000107	4881002000104	2091002000101	0	116680003	900000000000011006	900000000000451002
106791002000123	20250509	1	11002000107	4891002000101	2091002000101	0	116680003	900000000000011006	900000000000451002
106801002000124	20250509	1	11002000107	4901002000102	2091002000101	0	116680003	900000000000011006	900000000000451002
106811002000122	20250509	1	11002000107	4911002000104	2091002000101	0	116680003	900000000000011006	900000000000451002
106821002000127	20250509	1	11002000107	4921002000105	2101002000105	0	116680003	900000000000011006	900000000000451002
106831002000129	20250509	1	11002000107	4931002000108	2281002000109	0	116680003	900000000000011006	900000000000451002
106841002000121	20250509	1	11002000107	4941002000100	4431002000102	0	116680003	900000000000011006	900000000000451002
106851002000123	20250509	1	11002000107	4951002000103	4431002000102	0	116680003	900000000000011006	900000000000451002
106861002000120	20250509	1	11002000107	4961002000101	3891002000104	0	116680003	900000000000011006	900000000000451002
106871002000126	20250509	1	11002000107	4971002000106	11131002000105	0	116680003	900000000000011006	900000000000451002
106881002000128	20250509	1	11002000107	4981002000109	14381002000106	0	116680003	900000000000011006	900000000000451002
106891002000125	20250509	1	11002000107	5011002000104	15281002000102	0	116680003	900000000000011006	900000000000451002
106901002000126	20250509	1	11002000107	5021002000105	2351002000107	0	116680003	900000000000011006	900000000000451002
106911002000128	20250509	1	11002000107	5041002000100	11101002000104	0	116680003	900000000000011006	900000000000451002
106921002000123	20250509	1	11002000107	5051002000103	2291002000107	0	116680003	900000000000011006	900000000000451002
106931002000121	20250509	1	11002000107	5061002000101	2291002000107	0	116680003	900000000000011006	900000000000451002
106941002000129	20250509	1	11002000107	5061002000101	3891002000104	0	116680003	900000000000011006	900000000000451002
106951002000127	20250509	1	11002000107	5071002000106	2291002000107	0	116680003	900000000000011006	900000000000451002
106961002000125	20250509	1	11002000107	5071002000106	7811002000103	0	116680003	900000000000011006	900000000000451002
106971002000124	20250509	1	11002000107	5081002000109	2291002000107	0	116680003	900000000000011006	900000000000451002
106981002000122	20250509	1	11002000107	5091002000107	2291002000107	0	116680003	900000000000011006	900000000000451002
106991002000120	20250509	1	11002000107	5101002000103	2291002000107	0	116680003	900000000000011006	900000000000451002
107001002000125	20250509	1	11002000107	5111002000100	2291002000107	0	116680003	900000000000011006	900000000000451002
107011002000127	20250509	1	11002000107	5121002000106	2291002000107	0	116680003	900000000000011006	900000000000451002
107021002000122	20250509	1	11002000107	5131002000109	2291002000107	0	116680003	900000000000011006	900000000000451002
107031002000120	20250509	1	11002000107	5141002000101	2291002000107	0	116680003	900000000000011006	900000000000451002
107041002000128	20250509	1	11002000107	5151002000104	14201002000105	0	116680003	900000000000011006	900000000000451002
107051002000126	20250509	1	11002000107	5161002000102	14271002000101	0	116680003	900000000000011006	900000000000451002
107061002000129	20250509	1	11002000107	5171002000107	14101002000102	0	116680003	900000000000011006	900000000000451002
107071002000123	20250509	1	11002000107	5181002000105	2321002000100	0	116680003	900000000000011006	900000000000451002
107081002000121	20250509	1	11002000107	5201002000106	6231002000109	0	116680003	900000000000011006	900000000000451002
107091002000124	20250509	1	11002000107	5211002000109	9761002000100	0	116680003	900000000000011006	900000000000451002
107101002000126	20250509	1	11002000107	5221002000103	4431002000102	0	116680003	900000000000011006	900000000000451002
107111002000128	20250509	1	11002000107	5231002000100	2261002000101	0	116680003	900000000000011006	900000000000451002
107121002000123	20250509	1	11002000107	5241002000108	2351002000107	0	116680003	900000000000011006	900000000000451002
107131002000121	20250509	1	11002000107	5251002000105	1701002000102	0	116680003	900000000000011006	900000000000451002
107141002000129	20250509	1	11002000107	5261002000107	7281002000107	0	116680003	900000000000011006	900000000000451002
107151002000127	20250509	1	11002000107	5271002000102	14231002000104	0	116680003	900000000000011006	900000000000451002
107161002000125	20250509	1	11002000107	5281002000104	2351002000107	0	116680003	900000000000011006	900000000000451002
107171002000124	20250509	1	11002000107	5291002000101	7281002000107	0	116680003	900000000000011006	900000000000451002
107181002000122	20250509	1	11002000107	5301002000100	7281002000107	0	116680003	900000000000011006	900000000000451002
107191002000120	20250509	1	11002000107	5311002000102	2351002000107	0	116680003	900000000000011006	900000000000451002
107201002000123	20250509	1	11002000107	5321002000108	2351002000107	0	116680003	900000000000011006	900000000000451002
107211002000121	20250509	1	11002000107	5331002000106	4431002000102	0	116680003	900000000000011006	900000000000451002
107221002000126	20250509	1	11002000107	5341002000103	2261002000101	0	116680003	900000000000011006	900000000000451002
107231002000128	20250509	1	11002000107	5351002000101	2351002000107	0	116680003	900000000000011006	900000000000451002
107241002000120	20250509	1	11002000107	5361002000104	7281002000107	0	116680003	900000000000011006	900000000000451002
107251002000122	20250509	1	11002000107	5371002000109	7281002000107	0	116680003	900000000000011006	900000000000451002
107261002000124	20250509	1	11002000107	5381002000107	14231002000104	0	116680003	900000000000011006	900000000000451002
107271002000125	20250509	1	11002000107	5391002000105	1701002000102	0	116680003	900000000000011006	900000000000451002
107281002000127	20250509	1	11002000107	5401002000107	2261002000101	0	116680003	900000000000011006	900000000000451002
107291002000129	20250509	1	11002000107	5411002000105	2261002000101	0	116680003	900000000000011006	900000000000451002
107301002000128	20250509	1	11002000107	5421002000104	2261002000101	0	116680003	900000000000011006	900000000000451002
107311002000125	20250509	1	11002000107	5431002000101	2291002000107	0	116680003	900000000000011006	900000000000451002
107321002000120	20250509	1	11002000107	5441002000109	2291002000107	0	116680003	900000000000011006	900000000000451002
107331002000123	20250509	1	11002000107	5451002000106	2771002000100	0	116680003	900000000000011006	900000000000451002
107341002000126	20250509	1	11002000107	5461002000108	7791002000102	0	116680003	900000000000011006	900000000000451002
107351002000129	20250509	1	11002000107	5481002000100	2081002000104	0	116680003	900000000000011006	900000000000451002
107361002000127	20250509	1	11002000107	5491002000102	2321002000100	0	116680003	900000000000011006	900000000000451002
107371002000121	20250509	1	11002000107	5501002000108	9751002000102	0	116680003	900000000000011006	900000000000451002
107381002000124	20250509	1	11002000107	5511002000106	8561002000101	0	116680003	900000000000011006	900000000000451002
107391002000122	20250509	1	11002000107	5521002000100	14891002000104	0	116680003	900000000000011006	900000000000451002
107401002000124	20250509	1	11002000107	5531002000102	2361002000109	0	116680003	900000000000011006	900000000000451002
107411002000122	20250509	1	11002000107	5541002000105	7811002000103	0	116680003	900000000000011006	900000000000451002
107421002000127	20250509	1	11002000107	5551002000107	2101002000105	0	116680003	900000000000011006	900000000000451002
107431002000129	20250509	1	11002000107	5561002000109	2361002000109	0	116680003	900000000000011006	900000000000451002
107441002000121	20250509	1	11002000107	5571002000104	7271002000109	0	116680003	900000000000011006	900000000000451002
107451002000123	20250509	1	11002000107	5581002000101	2261002000101	0	116680003	900000000000011006	900000000000451002
107461002000120	20250509	1	11002000107	5591002000103	13801002000107	0	116680003	900000000000011006	900000000000451002
107471002000126	20250509	1	11002000107	5601002000109	2101002000105	0	116680003	900000000000011006	900000000000451002
107481002000128	20250509	1	11002000107	5611002000107	9591002000100	0	116680003	900000000000011006	900000000000451002
107491002000125	20250509	1	11002000107	5621002000101	7271002000109	0	116680003	900000000000011006	900000000000451002
107501002000120	20250509	1	11002000107	5631002000103	7401002000104	0	116680003	900000000000011006	900000000000451002
107511002000123	20250509	1	11002000107	5641002000106	2711002000107	0	116680003	900000000000011006	900000000000451002
107521002000128	20250509	1	11002000107	5661002000105	10331002000104	0	116680003	900000000000011006	900000000000451002
107531002000125	20250509	1	11002000107	5671002000100	13801002000107	0	116680003	900000000000011006	900000000000451002
107541002000122	20250509	1	11002000107	5681002000102	11041002000101	0	116680003	900000000000011006	900000000000451002
107551002000124	20250509	1	11002000107	5691002000104	2611002000101	0	116680003	900000000000011006	900000000000451002
107561002000121	20250509	1	11002000107	5701002000104	2361002000109	0	116680003	900000000000011006	900000000000451002
107571002000127	20250509	1	11002000107	5711002000101	14241002000107	0	116680003	900000000000011006	900000000000451002
107581002000129	20250509	1	11002000107	5721002000107	8561002000101	0	116680003	900000000000011006	900000000000451002
107591002000126	20250509	1	11002000107	5731002000105	4431002000102	0	116680003	900000000000011006	900000000000451002
107601002000121	20250509	1	11002000107	5741002000102	2261002000101	0	116680003	900000000000011006	900000000000451002
107611002000124	20250509	1	11002000107	5751002000100	5481002000100	0	116680003	900000000000011006	900000000000451002
107621002000129	20250509	1	11002000107	5761002000103	7271002000109	0	116680003	900000000000011006	900000000000451002
107631002000126	20250509	1	11002000107	5771002000108	2261002000101	0	116680003	900000000000011006	900000000000451002
107641002000123	20250509	1	11002000107	5781002000106	2101002000105	0	116680003	900000000000011006	900000000000451002
107651002000120	20250509	1	11002000107	5791002000109	7271002000109	0	116680003	900000000000011006	900000000000451002
107661002000122	20250509	1	11002000107	5801002000105	2061002000107	0	116680003	900000000000011006	900000000000451002
107671002000128	20250509	1	11002000107	5821002000102	10361002000106	0	116680003	900000000000011006	900000000000451002
107681002000125	20250509	1	11002000107	5831002000104	2291002000107	0	116680003	900000000000011006	900000000000451002
107691002000127	20250509	1	11002000107	5841002000107	2361002000109	0	116680003	900000000000011006	900000000000451002
107701002000127	20250509	1	11002000107	5851002000109	2361002000109	0	116680003	900000000000011006	900000000000451002
107711002000129	20250509	1	11002000107	5861002000106	2591002000105	0	116680003	900000000000011006	900000000000451002
107721002000124	20250509	1	11002000107	5871002000101	2101002000105	0	116680003	900000000000011006	900000000000451002
107731002000122	20250509	1	11002000107	5881002000103	6851002000100	0	116680003	900000000000011006	900000000000451002
107741002000125	20250509	1	11002000107	5891002000100	2091002000101	0	116680003	900000000000011006	900000000000451002
107751002000128	20250509	1	11002000107	5901002000101	7271002000109	0	116680003	900000000000011006	900000000000451002
107761002000126	20250509	1	11002000107	5911002000103	2291002000107	0	116680003	900000000000011006	900000000000451002
107771002000120	20250509	1	11002000107	5921002000109	2351002000107	0	116680003	900000000000011006	900000000000451002
107781002000123	20250509	1	11002000107	5931002000107	2261002000101	0	116680003	900000000000011006	900000000000451002
107791002000121	20250509	1	11002000107	5941002000104	14511002000105	0	116680003	900000000000011006	900000000000451002
107801002000122	20250509	1	11002000107	5951002000102	11001002000103	0	116680003	900000000000011006	900000000000451002
107811002000120	20250509	1	11002000107	5961002000100	1661002000108	0	116680003	900000000000011006	900000000000451002
107821002000125	20250509	1	11002000107	5971002000105	1661002000108	0	116680003	900000000000011006	900000000000451002
107831002000127	20250509	1	11002000107	5981002000108	1661002000108	0	116680003	900000000000011006	900000000000451002
107841002000124	20250509	1	11002000107	5991002000106	1661002000108	0	116680003	900000000000011006	900000000000451002
107851002000121	20250509	1	11002000107	6001002000107	1661002000108	0	116680003	900000000000011006	900000000000451002
107861002000123	20250509	1	11002000107	6011002000105	1661002000108	0	116680003	900000000000011006	900000000000451002
107871002000129	20250509	1	11002000107	6021002000104	7301002000106	0	116680003	900000000000011006	900000000000451002
107881002000126	20250509	1	11002000107	6031002000101	7301002000106	0	116680003	900000000000011006	900000000000451002
107891002000128	20250509	1	11002000107	6041002000109	11011002000100	0	116680003	900000000000011006	900000000000451002
107901002000129	20250509	1	11002000107	6051002000106	2261002000101	0	116680003	900000000000011006	900000000000451002
107911002000126	20250509	1	11002000107	6061002000108	1661002000108	0	116680003	900000000000011006	900000000000451002
107921002000121	20250509	1	11002000107	6071002000103	11131002000105	0	116680003	900000000000011006	900000000000451002
107931002000124	20250509	1	11002000107	6081002000100	2281002000109	0	116680003	900000000000011006	900000000000451002
107941002000127	20250509	1	11002000107	6091002000102	6231002000109	0	116680003	900000000000011006	900000000000451002
107951002000125	20250509	1	11002000107	6121002000103	14411002000109	0	116680003	900000000000011006	900000000000451002
107961002000128	20250509	1	11002000107	6131002000100	14801002000109	0	116680003	900000000000011006	900000000000451002
107971002000122	20250509	1	11002000107	6141002000108	13731002000107	0	116680003	900000000000011006	900000000000451002
107981002000120	20250509	1	11002000107	6151002000105	2261002000101	0	116680003	900000000000011006	900000000000451002
107991002000123	20250509	1	11002000107	6161002000107	6861002000103	0	116680003	900000000000011006	900000000000451002
108001002000126	20250509	1	11002000107	6171002000102	11051002000104	0	116680003	900000000000011006	900000000000451002
108011002000128	20250509	1	11002000107	6181002000104	11131002000105	0	116680003	900000000000011006	900000000000451002
108021002000123	20250509	1	11002000107	6191002000101	14681002000101	0	116680003	900000000000011006	900000000000451002
108031002000121	20250509	1	11002000107	6211002000100	15001002000100	0	116680003	900000000000011006	900000000000451002
108041002000129	20250509	1	11002000107	6221002000106	6231002000109	0	116680003	900000000000011006	900000000000451002
108051002000127	20250509	1	11002000107	6241002000101	4811002000109	0	116680003	900000000000011006	900000000000451002
108061002000125	20250509	1	11002000107	6251002000104	4811002000109	0	116680003	900000000000011006	900000000000451002
108071002000124	20250509	1	11002000107	6271002000107	6311002000107	0	116680003	900000000000011006	900000000000451002
108081002000122	20250509	1	11002000107	6281002000105	6311002000107	0	116680003	900000000000011006	900000000000451002
108091002000120	20250509	1	11002000107	6311002000107	6301002000109	0	116680003	900000000000011006	900000000000451002
108101002000127	20250509	1	11002000107	6321002000101	13731002000107	0	116680003	900000000000011006	900000000000451002
108111002000129	20250509	1	11002000107	6331002000103	4661002000106	0	116680003	900000000000011006	900000000000451002
108121002000124	20250509	1	11002000107	6341002000106	10241002000102	0	116680003	900000000000011006	900000000000451002
108131002000122	20250509	1	11002000107	6341002000106	10491002000108	0	116680003	900000000000011006	900000000000451002
108141002000125	20250509	1	11002000107	6341002000106	6861002000103	0	116680003	900000000000011006	900000000000451002
108151002000128	20250509	1	11002000107	6351002000108	13791002000106	0	116680003	900000000000011006	900000000000451002
108161002000126	20250509	1	11002000107	6361002000105	13691002000101	0	116680003	900000000000011006	900000000000451002
108171002000120	20250509	1	11002000107	6371002000100	14551002000106	0	116680003	900000000000011006	900000000000451002
108181002000123	20250509	1	11002000107	6381002000102	13791002000106	0	116680003	900000000000011006	900000000000451002
108191002000121	20250509	1	11002000107	6391002000104	10271002000108	0	116680003	900000000000011006	900000000000451002
108201002000124	20250509	1	11002000107	6411002000104	787859002	0	116680003	900000000000011006	900000000000451002
108211002000122	20250509	1	11002000107	6421002000105	13721002000109	0	116680003	900000000000011006	900000000000451002
108221002000127	20250509	1	11002000107	6441002000100	14951002000101	0	116680003	900000000000011006	900000000000451002
108231002000129	20250509	1	11002000107	6451002000103	6861002000103	0	116680003	900000000000011006	900000000000451002
108241002000121	20250509	1	11002000107	6461002000101	2281002000109	0	116680003	900000000000011006	900000000000451002
108251002000123	20250509	1	11002000107	6481002000109	11321002000109	0	116680003	900000000000011006	900000000000451002
108261002000120	20250509	1	11002000107	6491002000107	2061002000107	0	116680003	900000000000011006	900000000000451002
108271002000126	20250509	1	11002000107	6511002000103	14161002000101	0	116680003	900000000000011006	900000000000451002
108281002000128	20250509	1	11002000107	6531002000107	13701002000101	0	116680003	900000000000011006	900000000000451002
108291002000125	20250509	1	11002000107	6601002000100	10281002000106	0	116680003	900000000000011006	900000000000451002
108301002000129	20250509	1	11002000107	6611002000102	2291002000107	0	116680003	900000000000011006	900000000000451002
108311002000126	20250509	1	11002000107	6621002000108	14331002000105	0	116680003	900000000000011006	900000000000451002
108321002000121	20250509	1	11002000107	6641002000103	11021002000106	0	116680003	900000000000011006	900000000000451002
108331002000124	20250509	1	11002000107	6651002000101	2361002000109	0	116680003	900000000000011006	900000000000451002
108341002000127	20250509	1	11002000107	6671002000109	14981002000107	0	116680003	900000000000011006	900000000000451002
108351002000125	20250509	1	11002000107	6681002000107	2291002000107	0	116680003	900000000000011006	900000000000451002
108361002000128	20250509	1	11002000107	6691002000105	2291002000107	0	116680003	900000000000011006	900000000000451002
108371002000122	20250509	1	11002000107	6701002000105	2291002000107	0	116680003	900000000000011006	900000000000451002
108381002000120	20250509	1	11002000107	6711002000108	2291002000107	0	116680003	900000000000011006	900000000000451002
108391002000123	20250509	1	11002000107	6721002000102	14711002000100	0	116680003	900000000000011006	900000000000451002
108401002000120	20250509	1	11002000107	6731002000104	14751002000104	0	116680003	900000000000011006	900000000000451002
108411002000123	20250509	1	11002000107	6741002000107	2321002000100	0	116680003	900000000000011006	900000000000451002
108421002000128	20250509	1	11002000107	6761002000106	14601002000108	0	116680003	900000000000011006	900000000000451002
108431002000125	20250509	1	11002000107	6771002000101	2291002000107	0	116680003	900000000000011006	900000000000451002
108441002000122	20250509	1	11002000107	6781002000103	7301002000106	0	116680003	900000000000011006	900000000000451002
108451002000124	20250509	1	11002000107	6791002000100	1701002000102	0	116680003	900000000000011006	900000000000451002
108461002000121	20250509	1	11002000107	6801002000104	13791002000106	0	116680003	900000000000011006	900000000000451002
108471002000127	20250509	1	11002000107	6811002000101	6861002000103	0	116680003	900000000000011006	900000000000451002
108481002000129	20250509	1	11002000107	6821002000107	11001002000103	0	116680003	900000000000011006	900000000000451002
108491002000126	20250509	1	11002000107	6831002000105	6841002000102	0	116680003	900000000000011006	900000000000451002
108501002000121	20250509	1	11002000107	6841002000102	10231002000105	0	116680003	900000000000011006	900000000000451002
108511002000124	20250509	1	11002000107	6841002000102	11051002000104	0	116680003	900000000000011006	900000000000451002
108521002000129	20250509	1	11002000107	6851002000100	2091002000101	0	116680003	900000000000011006	900000000000451002
108531002000126	20250509	1	11002000107	6851002000100	2101002000105	0	116680003	900000000000011006	900000000000451002
108541002000123	20250509	1	11002000107	6861002000103	1701002000102	0	116680003	900000000000011006	900000000000451002
108551002000120	20250509	1	11002000107	6861002000103	2391002000103	0	116680003	900000000000011006	900000000000451002
108561002000122	20250509	1	11002000107	6861002000103	7281002000107	0	116680003	900000000000011006	900000000000451002
108571002000128	20250509	1	11002000107	6871002000108	14331002000105	0	116680003	900000000000011006	900000000000451002
108581002000125	20250509	1	11002000107	6871002000108	6341002000106	0	116680003	900000000000011006	900000000000451002
108591002000127	20250509	1	11002000107	6871002000108	7231002000106	0	116680003	900000000000011006	900000000000451002
108601002000122	20250509	1	11002000107	6871002000108	9401002000109	0	116680003	900000000000011006	900000000000451002
108611002000120	20250509	1	11002000107	6881002000106	10491002000108	0	116680003	900000000000011006	900000000000451002
108621002000125	20250509	1	11002000107	6881002000106	14101002000102	0	116680003	900000000000011006	900000000000451002
108631002000127	20250509	1	11002000107	6881002000106	9161002000104	0	116680003	900000000000011006	900000000000451002
108641002000124	20250509	1	11002000107	6891002000109	13731002000107	0	116680003	900000000000011006	900000000000451002
108651002000121	20250509	1	11002000107	6901002000108	13841002000109	0	116680003	900000000000011006	900000000000451002
108661002000123	20250509	1	11002000107	6911002000106	14901002000100	0	116680003	900000000000011006	900000000000451002
108671002000129	20250509	1	11002000107	6931002000102	14591002000102	0	116680003	900000000000011006	900000000000451002
108681002000126	20250509	1	11002000107	6951002000107	14521002000104	0	116680003	900000000000011006	900000000000451002
108691002000128	20250509	1	11002000107	6961002000109	11321002000109	0	116680003	900000000000011006	900000000000451002
108701002000128	20250509	1	11002000107	6971002000104	11321002000109	0	116680003	900000000000011006	900000000000451002
108711002000125	20250509	1	11002000107	6981002000101	4611002000108	0	116680003	900000000000011006	900000000000451002
108721002000120	20250509	1	11002000107	7001002000109	15011002000102	0	116680003	900000000000011006	900000000000451002
108731002000123	20250509	1	11002000107	7011002000107	7141002000105	0	116680003	900000000000011006	900000000000451002
108741002000126	20250509	1	11002000107	7021002000101	6861002000103	0	116680003	900000000000011006	900000000000451002
108751002000129	20250509	1	11002000107	7031002000103	4661002000106	0	116680003	900000000000011006	900000000000451002
108761002000127	20250509	1	11002000107	7041002000106	11131002000105	0	116680003	900000000000011006	900000000000451002
108771002000121	20250509	1	11002000107	7051002000108	6841002000102	0	116680003	900000000000011006	900000000000451002
108781002000124	20250509	1	11002000107	7061002000105	12531002000109	0	116680003	900000000000011006	900000000000451002
108791002000122	20250509	1	11002000107	7071002000100	11131002000105	0	116680003	900000000000011006	900000000000451002
108801002000123	20250509	1	11002000107	7081002000102	7281002000107	0	116680003	900000000000011006	900000000000451002
108811002000121	20250509	1	11002000107	7091002000104	14231002000104	0	116680003	900000000000011006	900000000000451002
108821002000126	20250509	1	11002000107	7131002000102	14111002000104	0	116680003	900000000000011006	900000000000451002
108831002000128	20250509	1	11002000107	7141002000105	2391002000103	0	116680003	900000000000011006	900000000000451002
108841002000120	20250509	1	11002000107	7141002000105	6841002000102	0	116680003	900000000000011006	900000000000451002
108851002000122	20250509	1	11002000107	7141002000105	7301002000106	0	116680003	900000000000011006	900000000000451002
108861002000124	20250509	1	11002000107	7161002000109	14581002000100	0	116680003	900000000000011006	900000000000451002
108871002000125	20250509	1	11002000107	7171002000104	2321002000100	0	116680003	900000000000011006	900000000000451002
108881002000127	20250509	1	11002000107	7181002000101	13721002000109	0	116680003	900000000000011006	900000000000451002
108891002000129	20250509	1	11002000107	7191002000103	13741002000104	0	116680003	900000000000011006	900000000000451002
108901002000125	20250509	1	11002000107	7201002000100	13741002000104	0	116680003	900000000000011006	900000000000451002
108911002000127	20250509	1	11002000107	7211002000102	14411002000109	0	116680003	900000000000011006	900000000000451002
108921002000122	20250509	1	11002000107	7221002000108	14591002000102	0	116680003	900000000000011006	900000000000451002
108931002000120	20250509	1	11002000107	7231002000106	10241002000102	0	116680003	900000000000011006	900000000000451002
108941002000128	20250509	1	11002000107	7231002000106	14761002000102	0	116680003	900000000000011006	900000000000451002
108951002000126	20250509	1	11002000107	7231002000106	7251002000101	0	116680003	900000000000011006	900000000000451002
108961002000129	20250509	1	11002000107	7241002000103	14681002000101	0	116680003	900000000000011006	900000000000451002
108971002000123	20250509	1	11002000107	7241002000103	7251002000101	0	116680003	900000000000011006	900000000000451002
108981002000121	20250509	1	11002000107	7241002000103	9161002000104	0	116680003	900000000000011006	900000000000451002
108991002000124	20250509	1	11002000107	7251002000101	10251002000100	0	116680003	900000000000011006	900000000000451002
109001002000124	20250509	1	11002000107	7251002000101	9501002000105	0	116680003	900000000000011006	900000000000451002
109011002000122	20250509	1	11002000107	7251002000101	9511002000108	0	116680003	900000000000011006	900000000000451002
109021002000127	20250509	1	11002000107	7261002000104	10211002000101	0	116680003	900000000000011006	900000000000451002
109031002000129	20250509	1	11002000107	7261002000104	10221002000107	0	116680003	900000000000011006	900000000000451002
109041002000121	20250509	1	11002000107	7271002000109	2361002000109	0	116680003	900000000000011006	900000000000451002
109051002000123	20250509	1	11002000107	7271002000109	9461002000105	0	116680003	900000000000011006	900000000000451002
109061002000120	20250509	1	11002000107	7281002000107	14261002000106	0	116680003	900000000000011006	900000000000451002
109071002000126	20250509	1	11002000107	7281002000107	7271002000109	0	116680003	900000000000011006	900000000000451002
109081002000128	20250509	1	11002000107	7281002000107	9471002000100	0	116680003	900000000000011006	900000000000451002
109091002000125	20250509	1	11002000107	7291002000105	2351002000107	0	116680003	900000000000011006	900000000000451002
109101002000123	20250509	1	11002000107	7301002000106	11051002000104	0	116680003	900000000000011006	900000000000451002
109111002000121	20250509	1	11002000107	7301002000106	14921002000108	0	116680003	900000000000011006	900000000000451002
109121002000126	20250509	1	11002000107	7301002000106	9471002000100	0	116680003	900000000000011006	900000000000451002
109131002000128	20250509	1	11002000107	7311002000109	14401002000106	0	116680003	900000000000011006	900000000000451002
109141002000120	20250509	1	11002000107	7321002000103	2351002000107	0	116680003	900000000000011006	900000000000451002
109151002000122	20250509	1	11002000107	7331002000100	7281002000107	0	116680003	900000000000011006	900000000000451002
109161002000124	20250509	1	11002000107	7341002000108	7301002000106	0	116680003	900000000000011006	900000000000451002
109171002000125	20250509	1	11002000107	7351002000105	5061002000101	0	116680003	900000000000011006	900000000000451002
109181002000127	20250509	1	11002000107	7371002000102	14571002000103	0	116680003	900000000000011006	900000000000451002
109191002000129	20250509	1	11002000107	7381002000104	14431002000100	0	116680003	900000000000011006	900000000000451002
109201002000126	20250509	1	11002000107	7391002000101	6851002000100	0	116680003	900000000000011006	900000000000451002
109211002000128	20250509	1	11002000107	7401002000104	2101002000105	0	116680003	900000000000011006	900000000000451002
109221002000123	20250509	1	11002000107	7401002000104	2611002000101	0	116680003	900000000000011006	900000000000451002
109231002000121	20250509	1	11002000107	7411002000101	7401002000104	0	116680003	900000000000011006	900000000000451002
109241002000129	20250509	1	11002000107	7421002000107	2101002000105	0	116680003	900000000000011006	900000000000451002
109251002000127	20250509	1	11002000107	7431002000105	6851002000100	0	116680003	900000000000011006	900000000000451002
109261002000125	20250509	1	11002000107	7441002000102	2101002000105	0	116680003	900000000000011006	900000000000451002
109271002000124	20250509	1	11002000107	7451002000100	2261002000101	0	116680003	900000000000011006	900000000000451002
109281002000122	20250509	1	11002000107	7461002000103	14711002000100	0	116680003	900000000000011006	900000000000451002
109291002000120	20250509	1	11002000107	7471002000108	4431002000102	0	116680003	900000000000011006	900000000000451002
109301002000121	20250509	1	11002000107	7491002000109	14651002000107	0	116680003	900000000000011006	900000000000451002
109311002000124	20250509	1	11002000107	7511002000100	14421002000103	0	116680003	900000000000011006	900000000000451002
109321002000129	20250509	1	11002000107	7521002000106	11131002000105	0	116680003	900000000000011006	900000000000451002
109331002000126	20250509	1	11002000107	7531002000109	13701002000101	0	116680003	900000000000011006	900000000000451002
109341002000123	20250509	1	11002000107	7541002000101	2361002000109	0	116680003	900000000000011006	900000000000451002
109351002000120	20250509	1	11002000107	7551002000104	3891002000104	0	116680003	900000000000011006	900000000000451002
109361002000122	20250509	1	11002000107	7561002000102	7141002000105	0	116680003	900000000000011006	900000000000451002
109371002000128	20250509	1	11002000107	7571002000107	14401002000106	0	116680003	900000000000011006	900000000000451002
109381002000125	20250509	1	11002000107	7581002000105	14791002000108	0	116680003	900000000000011006	900000000000451002
109391002000127	20250509	1	11002000107	7601002000102	14051002000102	0	116680003	900000000000011006	900000000000451002
109401002000125	20250509	1	11002000107	7641002000100	10351002000109	0	116680003	900000000000011006	900000000000451002
109411002000127	20250509	1	11002000107	7641002000100	2581002000107	0	116680003	900000000000011006	900000000000451002
109421002000122	20250509	1	11002000107	7661002000101	14371002000108	0	116680003	900000000000011006	900000000000451002
109431002000120	20250509	1	11002000107	7671002000106	2261002000101	0	116680003	900000000000011006	900000000000451002
109441002000128	20250509	1	11002000107	7681002000109	10261002000103	0	116680003	900000000000011006	900000000000451002
109451002000126	20250509	1	11002000107	7691002000107	2701002000109	0	116680003	900000000000011006	900000000000451002
109461002000129	20250509	1	11002000107	7711002000105	787859002	0	116680003	900000000000011006	900000000000451002
109471002000123	20250509	1	11002000107	7721002000104	14051002000102	0	116680003	900000000000011006	900000000000451002
109481002000121	20250509	1	11002000107	7741002000109	14291002000100	0	116680003	900000000000011006	900000000000451002
109491002000124	20250509	1	11002000107	7761002000108	13771002000105	0	116680003	900000000000011006	900000000000451002
109501002000129	20250509	1	11002000107	7781002000100	14351002000100	0	116680003	900000000000011006	900000000000451002
109511002000126	20250509	1	11002000107	7791002000102	10971002000100	0	116680003	900000000000011006	900000000000451002
109521002000121	20250509	1	11002000107	7791002000102	10991002000104	0	116680003	900000000000011006	900000000000451002
109531002000124	20250509	1	11002000107	7791002000102	9871002000103	0	116680003	900000000000011006	900000000000451002
109541002000127	20250509	1	11002000107	7801002000101	11001002000103	0	116680003	900000000000011006	900000000000451002
109551002000125	20250509	1	11002000107	7801002000101	9871002000103	0	116680003	900000000000011006	900000000000451002
109561002000128	20250509	1	11002000107	7811002000103	787859002	0	116680003	900000000000011006	900000000000451002
109571002000122	20250509	1	11002000107	7831002000107	14701002000103	0	116680003	900000000000011006	900000000000451002
109581002000120	20250509	1	11002000107	7851002000102	13821002000104	0	116680003	900000000000011006	900000000000451002
109591002000123	20250509	1	11002000107	7871002000105	14091002000106	0	116680003	900000000000011006	900000000000451002
109601002000128	20250509	1	11002000107	7891002000106	13961002000102	0	116680003	900000000000011006	900000000000451002
109611002000125	20250509	1	11002000107	7901002000105	13821002000104	0	116680003	900000000000011006	900000000000451002
109621002000120	20250509	1	11002000107	7921002000102	13861002000108	0	116680003	900000000000011006	900000000000451002
109631002000123	20250509	1	11002000107	7931002000104	13861002000108	0	116680003	900000000000011006	900000000000451002
109641002000126	20250509	1	11002000107	7941002000107	13861002000108	0	116680003	900000000000011006	900000000000451002
109651002000129	20250509	1	11002000107	7951002000109	13861002000108	0	116680003	900000000000011006	900000000000451002
109661002000127	20250509	1	11002000107	7961002000106	13771002000105	0	116680003	900000000000011006	900000000000451002
109671002000121	20250509	1	11002000107	7981002000103	14441002000108	0	116680003	900000000000011006	900000000000451002
109681002000124	20250509	1	11002000107	8001002000108	13871002000103	0	116680003	900000000000011006	900000000000451002
109691002000122	20250509	1	11002000107	8011002000106	13961002000102	0	116680003	900000000000011006	900000000000451002
109701002000122	20250509	1	11002000107	8031002000102	14251002000109	0	116680003	900000000000011006	900000000000451002
109711002000120	20250509	1	11002000107	8051002000107	14021002000109	0	116680003	900000000000011006	900000000000451002
109721002000125	20250509	1	11002000107	8071002000104	13711002000103	0	116680003	900000000000011006	900000000000451002
109731002000127	20250509	1	11002000107	8081002000101	13711002000103	0	116680003	900000000000011006	900000000000451002
109741002000124	20250509	1	11002000107	8091002000103	13711002000103	0	116680003	900000000000011006	900000000000451002
109751002000121	20250509	1	11002000107	8111002000105	14461002000107	0	116680003	900000000000011006	900000000000451002
109761002000123	20250509	1	11002000107	8121002000104	14251002000109	0	116680003	900000000000011006	900000000000451002
109771002000129	20250509	1	11002000107	8131002000101	14251002000109	0	116680003	900000000000011006	900000000000451002
109781002000126	20250509	1	11002000107	8141002000109	14251002000109	0	116680003	900000000000011006	900000000000451002
109791002000128	20250509	1	11002000107	8161002000108	13611002000109	0	116680003	900000000000011006	900000000000451002
109801002000127	20250509	1	11002000107	8181002000100	14031002000107	0	116680003	900000000000011006	900000000000451002
109811002000129	20250509	1	11002000107	8191002000102	13771002000105	0	116680003	900000000000011006	900000000000451002
109821002000124	20250509	1	11002000107	8201002000104	14021002000109	0	116680003	900000000000011006	900000000000451002
109831002000122	20250509	1	11002000107	8211002000101	11321002000109	0	116680003	900000000000011006	900000000000451002
109841002000125	20250509	1	11002000107	8231002000105	12611002000104	0	116680003	900000000000011006	900000000000451002
109851002000128	20250509	1	11002000107	8241002000102	13821002000104	0	116680003	900000000000011006	900000000000451002
109861002000126	20250509	1	11002000107	8251002000100	12611002000104	0	116680003	900000000000011006	900000000000451002
109871002000120	20250509	1	11002000107	8261002000103	12611002000104	0	116680003	900000000000011006	900000000000451002
109881002000123	20250509	1	11002000107	8271002000108	12611002000104	0	116680003	900000000000011006	900000000000451002
109891002000121	20250509	1	11002000107	8291002000109	14321002000107	0	116680003	900000000000011006	900000000000451002
109901002000120	20250509	1	11002000107	8301002000105	12611002000104	0	116680003	900000000000011006	900000000000451002
109911002000123	20250509	1	11002000107	8311002000108	14351002000100	0	116680003	900000000000011006	900000000000451002
109921002000128	20250509	1	11002000107	8321002000102	12611002000104	0	116680003	900000000000011006	900000000000451002
109931002000125	20250509	1	11002000107	8331002000104	13961002000102	0	116680003	900000000000011006	900000000000451002
109941002000122	20250509	1	11002000107	8341002000107	14351002000100	0	116680003	900000000000011006	900000000000451002
109951002000124	20250509	1	11002000107	8361002000106	14481002000104	0	116680003	900000000000011006	900000000000451002
109961002000121	20250509	1	11002000107	8371002000101	13611002000109	0	116680003	900000000000011006	900000000000451002
109971002000127	20250509	1	11002000107	8381002000103	13821002000104	0	116680003	900000000000011006	900000000000451002
109981002000129	20250509	1	11002000107	8401002000103	14491002000101	0	116680003	900000000000011006	900000000000451002
109991002000126	20250509	1	11002000107	8411002000100	14351002000100	0	116680003	900000000000011006	900000000000451002
110001002000127	20250509	1	11002000107	8421002000106	14491002000101	0	116680003	900000000000011006	900000000000451002
110011002000129	20250509	1	11002000107	8431002000109	13861002000108	0	116680003	900000000000011006	900000000000451002
110021002000124	20250509	1	11002000107	8441002000101	13961002000102	0	116680003	900000000000011006	900000000000451002
110031002000122	20250509	1	11002000107	8451002000104	13961002000102	0	116680003	900000000000011006	900000000000451002
110041002000125	20250509	1	11002000107	8461002000102	11321002000109	0	116680003	900000000000011006	900000000000451002
110051002000128	20250509	1	11002000107	8471002000107	11321002000109	0	116680003	900000000000011006	900000000000451002
110061002000126	20250509	1	11002000107	8481002000105	13821002000104	0	116680003	900000000000011006	900000000000451002
110071002000120	20250509	1	11002000107	8491002000108	13861002000108	0	116680003	900000000000011006	900000000000451002
110081002000123	20250509	1	11002000107	8511002000104	14611002000106	0	116680003	900000000000011006	900000000000451002
110091002000121	20250509	1	11002000107	8521002000105	14091002000106	0	116680003	900000000000011006	900000000000451002
110101002000128	20250509	1	11002000107	8541002000100	2081002000104	0	116680003	900000000000011006	900000000000451002
110111002000125	20250509	1	11002000107	8551002000103	1911002000101	0	116680003	900000000000011006	900000000000451002
110121002000120	20250509	1	11002000107	8551002000103	2081002000104	0	116680003	900000000000011006	900000000000451002
110131002000123	20250509	1	11002000107	8561002000101	2081002000104	0	116680003	900000000000011006	900000000000451002
110141002000126	20250509	1	11002000107	8571002000106	13771002000105	0	116680003	900000000000011006	900000000000451002
110151002000129	20250509	1	11002000107	8581002000109	13821002000104	0	116680003	900000000000011006	900000000000451002
110161002000127	20250509	1	11002000107	8591002000107	13961002000102	0	116680003	900000000000011006	900000000000451002
110171002000121	20250509	1	11002000107	8601002000101	13961002000102	0	116680003	900000000000011006	900000000000451002
110181002000124	20250509	1	11002000107	8611002000103	13961002000102	0	116680003	900000000000011006	900000000000451002
110191002000122	20250509	1	11002000107	8621002000109	13711002000103	0	116680003	900000000000011006	900000000000451002
110201002000120	20250509	1	11002000107	8631002000107	13711002000103	0	116680003	900000000000011006	900000000000451002
110211002000123	20250509	1	11002000107	8641002000104	13961002000102	0	116680003	900000000000011006	900000000000451002
110221002000128	20250509	1	11002000107	8651002000102	13861002000108	0	116680003	900000000000011006	900000000000451002
110231002000125	20250509	1	11002000107	8661002000100	13861002000108	0	116680003	900000000000011006	900000000000451002
110241002000122	20250509	1	11002000107	8671002000105	14251002000109	0	116680003	900000000000011006	900000000000451002
110251002000124	20250509	1	11002000107	8681002000108	14481002000104	0	116680003	900000000000011006	900000000000451002
110261002000121	20250509	1	11002000107	8691002000106	14021002000109	0	116680003	900000000000011006	900000000000451002
110271002000127	20250509	1	11002000107	8701002000106	14351002000100	0	116680003	900000000000011006	900000000000451002
110281002000129	20250509	1	11002000107	8721002000103	14451002000105	0	116680003	900000000000011006	900000000000451002
110291002000126	20250509	1	11002000107	8741002000108	14011002000103	0	116680003	900000000000011006	900000000000451002
110301002000125	20250509	1	11002000107	8751002000105	14451002000105	0	116680003	900000000000011006	900000000000451002
110311002000127	20250509	1	11002000107	8761002000107	11051002000104	0	116680003	900000000000011006	900000000000451002
110321002000122	20250509	1	11002000107	8771002000102	13711002000103	0	116680003	900000000000011006	900000000000451002
110331002000120	20250509	1	11002000107	8781002000104	11001002000103	0	116680003	900000000000011006	900000000000451002
110341002000128	20250509	1	11002000107	8791002000101	7141002000105	0	116680003	900000000000011006	900000000000451002
110351002000126	20250509	1	11002000107	8801002000100	6861002000103	0	116680003	900000000000011006	900000000000451002
110361002000129	20250509	1	11002000107	8811002000102	7141002000105	0	116680003	900000000000011006	900000000000451002
110371002000123	20250509	1	11002000107	8821002000108	13711002000103	0	116680003	900000000000011006	900000000000451002
110381002000121	20250509	1	11002000107	8831002000106	13711002000103	0	116680003	900000000000011006	900000000000451002
110391002000124	20250509	1	11002000107	8841002000103	14251002000109	0	116680003	900000000000011006	900000000000451002
110401002000121	20250509	1	11002000107	8851002000101	13861002000108	0	116680003	900000000000011006	900000000000451002
110411002000124	20250509	1	11002000107	8861002000104	13861002000108	0	116680003	900000000000011006	900000000000451002
110421002000129	20250509	1	11002000107	8871002000109	14021002000109	0	116680003	900000000000011006	900000000000451002
110431002000126	20250509	1	11002000107	8881002000107	13821002000104	0	116680003	900000000000011006	900000000000451002
110441002000123	20250509	1	11002000107	8891002000105	13711002000103	0	116680003	900000000000011006	900000000000451002
110451002000120	20250509	1	11002000107	8901002000109	14291002000100	0	116680003	900000000000011006	900000000000451002
110461002000122	20250509	1	11002000107	8911002000107	13821002000104	0	116680003	900000000000011006	900000000000451002
110471002000128	20250509	1	11002000107	8921002000101	13821002000104	0	116680003	900000000000011006	900000000000451002
110481002000125	20250509	1	11002000107	8931002000103	13821002000104	0	116680003	900000000000011006	900000000000451002
110491002000127	20250509	1	11002000107	8941002000106	14611002000106	0	116680003	900000000000011006	900000000000451002
110501002000122	20250509	1	11002000107	8951002000108	13711002000103	0	116680003	900000000000011006	900000000000451002
110511002000120	20250509	1	11002000107	8961002000105	13711002000103	0	116680003	900000000000011006	900000000000451002
110521002000125	20250509	1	11002000107	8971002000100	13711002000103	0	116680003	900000000000011006	900000000000451002
110531002000127	20250509	1	11002000107	8981002000102	13961002000102	0	116680003	900000000000011006	900000000000451002
110541002000124	20250509	1	11002000107	8991002000104	13711002000103	0	116680003	900000000000011006	900000000000451002
110551002000121	20250509	1	11002000107	9011002000101	14661002000109	0	116680003	900000000000011006	900000000000451002
110561002000123	20250509	1	11002000107	9021002000107	14251002000109	0	116680003	900000000000011006	900000000000451002
110571002000129	20250509	1	11002000107	9031002000105	14251002000109	0	116680003	900000000000011006	900000000000451002
110581002000126	20250509	1	11002000107	9041002000102	14251002000109	0	116680003	900000000000011006	900000000000451002
110591002000128	20250509	1	11002000107	9051002000100	14251002000109	0	116680003	900000000000011006	900000000000451002
110601002000123	20250509	1	11002000107	9061002000103	14561002000108	0	116680003	900000000000011006	900000000000451002
110611002000121	20250509	1	11002000107	9081002000106	13971002000107	0	116680003	900000000000011006	900000000000451002
110621002000126	20250509	1	11002000107	9091002000109	14021002000109	0	116680003	900000000000011006	900000000000451002
110631002000128	20250509	1	11002000107	9111002000102	14671002000104	0	116680003	900000000000011006	900000000000451002
110641002000120	20250509	1	11002000107	9121002000108	13611002000109	0	116680003	900000000000011006	900000000000451002
110651002000122	20250509	1	11002000107	9131002000106	13611002000109	0	116680003	900000000000011006	900000000000451002
110661002000124	20250509	1	11002000107	9141002000103	13611002000109	0	116680003	900000000000011006	900000000000451002
110671002000125	20250509	1	11002000107	9151002000101	12521002000106	0	116680003	900000000000011006	900000000000451002
110681002000127	20250509	1	11002000107	9161002000104	2351002000107	0	116680003	900000000000011006	900000000000451002
110691002000129	20250509	1	11002000107	9161002000104	9501002000105	0	116680003	900000000000011006	900000000000451002
110701002000129	20250509	1	11002000107	9171002000109	6861002000103	0	116680003	900000000000011006	900000000000451002
110711002000126	20250509	1	11002000107	9181002000107	1661002000108	0	116680003	900000000000011006	900000000000451002
110721002000121	20250509	1	11002000107	9201002000108	9581002000103	0	116680003	900000000000011006	900000000000451002
110731002000124	20250509	1	11002000107	9211002000106	11131002000105	0	116680003	900000000000011006	900000000000451002
110741002000127	20250509	1	11002000107	9241002000105	14991002000105	0	116680003	900000000000011006	900000000000451002
110751002000125	20250509	1	11002000107	9251002000107	11391002000106	0	116680003	900000000000011006	900000000000451002
110761002000128	20250509	1	11002000107	9261002000109	11391002000106	0	116680003	900000000000011006	900000000000451002
110771002000122	20250509	1	11002000107	9271002000104	14291002000100	0	116680003	900000000000011006	900000000000451002
110781002000120	20250509	1	11002000107	9281002000101	14921002000108	0	116680003	900000000000011006	900000000000451002
110791002000123	20250509	1	11002000107	9291002000103	7301002000106	0	116680003	900000000000011006	900000000000451002
110801002000124	20250509	1	11002000107	9351002000103	14221002000102	0	116680003	900000000000011006	900000000000451002
110811002000122	20250509	1	11002000107	9361002000101	2091002000101	0	116680003	900000000000011006	900000000000451002
110821002000127	20250509	1	11002000107	9361002000101	5071002000106	0	116680003	900000000000011006	900000000000451002
110831002000129	20250509	1	11002000107	9371002000106	2471002000105	0	116680003	900000000000011006	900000000000451002
110841002000121	20250509	1	11002000107	9371002000106	3891002000104	0	116680003	900000000000011006	900000000000451002
110851002000123	20250509	1	11002000107	9381002000109	14681002000101	0	116680003	900000000000011006	900000000000451002
110861002000120	20250509	1	11002000107	9391002000107	10991002000104	0	116680003	900000000000011006	900000000000451002
110871002000126	20250509	1	11002000107	9391002000107	5071002000106	0	116680003	900000000000011006	900000000000451002
110881002000128	20250509	1	11002000107	9401002000109	10491002000108	0	116680003	900000000000011006	900000000000451002
110891002000125	20250509	1	11002000107	9401002000109	7251002000101	0	116680003	900000000000011006	900000000000451002
110901002000126	20250509	1	11002000107	9401002000109	9411002000107	0	116680003	900000000000011006	900000000000451002
110911002000128	20250509	1	11002000107	9411002000107	10251002000100	0	116680003	900000000000011006	900000000000451002
110921002000123	20250509	1	11002000107	9411002000107	1701002000102	0	116680003	900000000000011006	900000000000451002
110931002000121	20250509	1	11002000107	9411002000107	2391002000103	0	116680003	900000000000011006	900000000000451002
110941002000129	20250509	1	11002000107	9421002000101	11051002000104	0	116680003	900000000000011006	900000000000451002
110951002000127	20250509	1	11002000107	9431002000103	2291002000107	0	116680003	900000000000011006	900000000000451002
110961002000125	20250509	1	11002000107	9451002000108	9461002000105	0	116680003	900000000000011006	900000000000451002
110971002000124	20250509	1	11002000107	9461002000105	787859002	0	116680003	900000000000011006	900000000000451002
110981002000122	20250509	1	11002000107	9471002000100	5071002000106	0	116680003	900000000000011006	900000000000451002
110991002000120	20250509	1	11002000107	9471002000100	9451002000108	0	116680003	900000000000011006	900000000000451002
111001002000121	20250509	1	11002000107	9481002000102	2471002000105	0	116680003	900000000000011006	900000000000451002
111011002000124	20250509	1	11002000107	9481002000102	2581002000107	0	116680003	900000000000011006	900000000000451002
111021002000129	20250509	1	11002000107	9491002000104	2361002000109	0	116680003	900000000000011006	900000000000451002
111031002000126	20250509	1	11002000107	9491002000104	2471002000105	0	116680003	900000000000011006	900000000000451002
111041002000123	20250509	1	11002000107	9501002000105	7271002000109	0	116680003	900000000000011006	900000000000451002
111051002000120	20250509	1	11002000107	9501002000105	9491002000104	0	116680003	900000000000011006	900000000000451002
111061002000122	20250509	1	11002000107	9511002000108	10991002000104	0	116680003	900000000000011006	900000000000451002
111071002000128	20250509	1	11002000107	9511002000108	2471002000105	0	116680003	900000000000011006	900000000000451002
111081002000125	20250509	1	11002000107	9531002000104	2341002000105	0	116680003	900000000000011006	900000000000451002
111091002000127	20250509	1	11002000107	9541002000107	7261002000104	0	116680003	900000000000011006	900000000000451002
111101002000120	20250509	1	11002000107	9561002000106	787859002	0	116680003	900000000000011006	900000000000451002
111111002000123	20250509	1	11002000107	9571002000101	13631002000100	0	116680003	900000000000011006	900000000000451002
111121002000128	20250509	1	11002000107	9581002000103	2491002000106	0	116680003	900000000000011006	900000000000451002
111131002000125	20250509	1	11002000107	9591002000100	9571002000101	0	116680003	900000000000011006	900000000000451002
111141002000122	20250509	1	11002000107	9591002000100	9751002000102	0	116680003	900000000000011006	900000000000451002
111151002000124	20250509	1	11002000107	9601002000106	9481002000102	0	116680003	900000000000011006	900000000000451002
111161002000121	20250509	1	11002000107	9621002000103	11441002000105	0	116680003	900000000000011006	900000000000451002
111171002000127	20250509	1	11002000107	9641002000108	11441002000105	0	116680003	900000000000011006	900000000000451002
111181002000129	20250509	1	11002000107	9661002000107	787859002	0	116680003	900000000000011006	900000000000451002
111191002000126	20250509	1	11002000107	9681002000104	787859002	0	116680003	900000000000011006	900000000000451002
111201002000128	20250509	1	11002000107	9701002000101	2681002000106	0	116680003	900000000000011006	900000000000451002
111211002000125	20250509	1	11002000107	9721002000109	2681002000106	0	116680003	900000000000011006	900000000000451002
111221002000120	20250509	1	11002000107	9731002000107	2471002000105	0	116680003	900000000000011006	900000000000451002
111231002000123	20250509	1	11002000107	9731002000107	2681002000106	0	116680003	900000000000011006	900000000000451002
111241002000126	20250509	1	11002000107	9741002000104	8541002000100	0	116680003	900000000000011006	900000000000451002
111251002000129	20250509	1	11002000107	9751002000102	2081002000104	0	116680003	900000000000011006	900000000000451002
111261002000127	20250509	1	11002000107	9761002000100	9751002000102	0	116680003	900000000000011006	900000000000451002
111271002000121	20250509	1	11002000107	9781002000108	11071002000107	0	116680003	900000000000011006	900000000000451002
111281002000124	20250509	1	11002000107	9791002000106	2051002000105	0	116680003	900000000000011006	900000000000451002
111291002000122	20250509	1	11002000107	9811002000105	2051002000105	0	116680003	900000000000011006	900000000000451002
111301002000123	20250509	1	11002000107	9831002000101	2051002000105	0	116680003	900000000000011006	900000000000451002
111311002000121	20250509	1	11002000107	9851002000106	2051002000105	0	116680003	900000000000011006	900000000000451002
111321002000126	20250509	1	11002000107	9861002000108	1911002000101	0	116680003	900000000000011006	900000000000451002
111331002000128	20250509	1	11002000107	9871002000103	13831002000101	0	116680003	900000000000011006	900000000000451002
111341002000120	20250509	1	11002000107	9871002000103	1911002000101	0	116680003	900000000000011006	900000000000451002
111351002000122	20250509	1	11002000107	9881002000100	6851002000100	0	116680003	900000000000011006	900000000000451002
111361002000124	20250509	1	11002000107	9891002000102	2261002000101	0	116680003	900000000000011006	900000000000451002
111371002000125	20250509	1	11002000107	9891002000102	2711002000107	0	116680003	900000000000011006	900000000000451002
111381002000127	20250509	1	11002000107	9901002000103	2701002000109	0	116680003	900000000000011006	900000000000451002
111391002000129	20250509	1	11002000107	9911002000100	2091002000101	0	116680003	900000000000011006	900000000000451002
111401002000127	20250509	1	11002000107	9911002000100	2611002000101	0	116680003	900000000000011006	900000000000451002
111411002000129	20250509	1	11002000107	9931002000109	10881002000107	0	116680003	900000000000011006	900000000000451002
111421002000124	20250509	1	11002000107	9951002000104	787859002	0	116680003	900000000000011006	900000000000451002
111431002000122	20250509	1	11002000107	9971002000107	787859002	0	116680003	900000000000011006	900000000000451002
111441002000125	20250509	1	11002000107	9991002000108	11161002000103	0	116680003	900000000000011006	900000000000451002
111451002000128	20250509	1	11002000107	10001002000108	14291002000100	0	116680003	900000000000011006	900000000000451002
111461002000126	20250509	1	11002000107	10011002000106	11321002000109	0	116680003	900000000000011006	900000000000451002
111471002000120	20250509	1	11002000107	10021002000100	13871002000103	0	116680003	900000000000011006	900000000000451002
111481002000123	20250509	1	11002000107	10031002000102	13871002000103	0	116680003	900000000000011006	900000000000451002
111491002000121	20250509	1	11002000107	10051002000107	2761002000105	0	116680003	900000000000011006	900000000000451002
111501002000126	20250509	1	11002000107	10061002000109	11131002000105	0	116680003	900000000000011006	900000000000451002
111511002000128	20250509	1	11002000107	10071002000104	11131002000105	0	116680003	900000000000011006	900000000000451002
111521002000123	20250509	1	11002000107	10081002000101	13741002000104	0	116680003	900000000000011006	900000000000451002
111531002000121	20250509	1	11002000107	10091002000103	13741002000104	0	116680003	900000000000011006	900000000000451002
111541002000129	20250509	1	11002000107	10101002000107	13741002000104	0	116680003	900000000000011006	900000000000451002
111551002000127	20250509	1	11002000107	10121002000104	14721002000106	0	116680003	900000000000011006	900000000000451002
111561002000125	20250509	1	11002000107	10131002000101	7261002000104	0	116680003	900000000000011006	900000000000451002
111571002000124	20250509	1	11002000107	10141002000109	14941002000103	0	116680003	900000000000011006	900000000000451002
111581002000122	20250509	1	11002000107	10151002000106	2321002000100	0	116680003	900000000000011006	900000000000451002
111591002000120	20250509	1	11002000107	10171002000103	787859002	0	116680003	900000000000011006	900000000000451002
111601002000125	20250509	1	11002000107	10181002000100	14431002000100	0	116680003	900000000000011006	900000000000451002
111611002000127	20250509	1	11002000107	10191002000102	10201002000104	0	116680003	900000000000011006	900000000000451002
111621002000122	20250509	1	11002000107	10201002000104	9531002000104	0	116680003	900000000000011006	900000000000451002
111631002000120	20250509	1	11002000107	10211002000101	9531002000104	0	116680003	900000000000011006	900000000000451002
111641002000128	20250509	1	11002000107	10221002000107	9531002000104	0	116680003	900000000000011006	900000000000451002
111651002000126	20250509	1	11002000107	10231002000105	5061002000101	0	116680003	900000000000011006	900000000000451002
111661002000129	20250509	1	11002000107	10231002000105	5071002000106	0	116680003	900000000000011006	900000000000451002
111671002000123	20250509	1	11002000107	10241002000102	7281002000107	0	116680003	900000000000011006	900000000000451002
111681002000121	20250509	1	11002000107	10241002000102	9501002000105	0	116680003	900000000000011006	900000000000451002
111691002000124	20250509	1	11002000107	10251002000100	7271002000109	0	116680003	900000000000011006	900000000000451002
111701002000124	20250509	1	11002000107	10251002000100	9391002000107	0	116680003	900000000000011006	900000000000451002
111711002000122	20250509	1	11002000107	10261002000103	17211002000100	0	116680003	900000000000011006	900000000000451002
111721002000127	20250509	1	11002000107	10271002000108	17211002000100	0	116680003	900000000000011006	900000000000451002
111731002000129	20250509	1	11002000107	10281002000106	17211002000100	0	116680003	900000000000011006	900000000000451002
111741002000121	20250509	1	11002000107	10301002000105	9661002000107	0	116680003	900000000000011006	900000000000451002
111751002000123	20250509	1	11002000107	10311002000108	787859002	0	116680003	900000000000011006	900000000000451002
111761002000120	20250509	1	11002000107	10341002000107	787859002	0	116680003	900000000000011006	900000000000451002
111771002000126	20250509	1	11002000107	10351002000109	787859002	0	116680003	900000000000011006	900000000000451002
111781002000128	20250509	1	11002000107	10371002000101	10341002000107	0	116680003	900000000000011006	900000000000451002
111791002000125	20250509	1	11002000107	10381002000103	13681002000104	0	116680003	900000000000011006	900000000000451002
111801002000129	20250509	1	11002000107	10391002000100	8541002000100	0	116680003	900000000000011006	900000000000451002
111811002000126	20250509	1	11002000107	10401002000103	14591002000102	0	116680003	900000000000011006	900000000000451002
111821002000121	20250509	1	11002000107	10411002000100	11131002000105	0	116680003	900000000000011006	900000000000451002
111831002000124	20250509	1	11002000107	10421002000106	11131002000105	0	116680003	900000000000011006	900000000000451002
111841002000127	20250509	1	11002000107	10431002000109	11131002000105	0	116680003	900000000000011006	900000000000451002
111851002000125	20250509	1	11002000107	10441002000101	1661002000108	0	116680003	900000000000011006	900000000000451002
111861002000128	20250509	1	11002000107	10451002000104	13731002000107	0	116680003	900000000000011006	900000000000451002
111871002000122	20250509	1	11002000107	10461002000102	14761002000102	0	116680003	900000000000011006	900000000000451002
111881002000120	20250509	1	11002000107	10471002000107	2351002000107	0	116680003	900000000000011006	900000000000451002
111891002000123	20250509	1	11002000107	10481002000105	14261002000106	0	116680003	900000000000011006	900000000000451002
111901002000122	20250509	1	11002000107	10491002000108	1701002000102	0	116680003	900000000000011006	900000000000451002
111911002000120	20250509	1	11002000107	10491002000108	2391002000103	0	116680003	900000000000011006	900000000000451002
111921002000125	20250509	1	11002000107	10491002000108	9371002000106	0	116680003	900000000000011006	900000000000451002
111931002000127	20250509	1	11002000107	10491002000108	9501002000105	0	116680003	900000000000011006	900000000000451002
111941002000124	20250509	1	11002000107	10511002000104	11071002000107	0	116680003	900000000000011006	900000000000451002
111951002000121	20250509	1	11002000107	10531002000108	13921002000106	0	116680003	900000000000011006	900000000000451002
111961002000123	20250509	1	11002000107	10541002000100	9751002000102	0	116680003	900000000000011006	900000000000451002
111971002000129	20250509	1	11002000107	10551002000103	7281002000107	0	116680003	900000000000011006	900000000000451002
111981002000126	20250509	1	11002000107	10561002000101	11131002000105	0	116680003	900000000000011006	900000000000451002
111991002000128	20250509	1	11002000107	10571002000106	10211002000101	0	116680003	900000000000011006	900000000000451002
112001002000126	20250509	1	11002000107	10581002000109	4431002000102	0	116680003	900000000000011006	900000000000451002
112011002000128	20250509	1	11002000107	10591002000107	14511002000105	0	116680003	900000000000011006	900000000000451002
112021002000123	20250509	1	11002000107	10601002000101	10221002000107	0	116680003	900000000000011006	900000000000451002
112031002000121	20250509	1	11002000107	10611002000103	5481002000100	0	116680003	900000000000011006	900000000000451002
112041002000129	20250509	1	11002000107	10621002000109	4611002000108	0	116680003	900000000000011006	900000000000451002
112051002000127	20250509	1	11002000107	10631002000107	3891002000104	0	116680003	900000000000011006	900000000000451002
112061002000125	20250509	1	11002000107	10641002000104	2491002000106	0	116680003	900000000000011006	900000000000451002
112071002000124	20250509	1	11002000107	10661002000100	787859002	0	116680003	900000000000011006	900000000000451002
112081002000122	20250509	1	11002000107	10681002000108	787859002	0	116680003	900000000000011006	900000000000451002
112091002000120	20250509	1	11002000107	10701002000106	787859002	0	116680003	900000000000011006	900000000000451002
112101002000127	20250509	1	11002000107	10721002000103	787859002	0	116680003	900000000000011006	900000000000451002
112111002000129	20250509	1	11002000107	10741002000108	787859002	0	116680003	900000000000011006	900000000000451002
112121002000124	20250509	1	11002000107	10761002000107	787859002	0	116680003	900000000000011006	900000000000451002
112131002000122	20250509	1	11002000107	10771002000102	14221002000102	0	116680003	900000000000011006	900000000000451002
112141002000125	20250509	1	11002000107	10781002000104	13671002000102	0	116680003	900000000000011006	900000000000451002
112151002000128	20250509	1	11002000107	10801002000100	2281002000109	0	116680003	900000000000011006	900000000000451002
112161002000126	20250509	1	11002000107	10821002000108	2281002000109	0	116680003	900000000000011006	900000000000451002
112171002000120	20250509	1	11002000107	10841002000103	2281002000109	0	116680003	900000000000011006	900000000000451002
112181002000123	20250509	1	11002000107	10861002000104	2281002000109	0	116680003	900000000000011006	900000000000451002
112191002000121	20250509	1	11002000107	10881002000107	787859002	0	116680003	900000000000011006	900000000000451002
112201002000124	20250509	1	11002000107	10901002000109	787859002	0	116680003	900000000000011006	900000000000451002
112211002000122	20250509	1	11002000107	10921002000101	787859002	0	116680003	900000000000011006	900000000000451002
112221002000127	20250509	1	11002000107	10931002000103	787859002	0	116680003	900000000000011006	900000000000451002
112231002000129	20250509	1	11002000107	10941002000106	1911002000101	0	116680003	900000000000011006	900000000000451002
112241002000121	20250509	1	11002000107	10951002000108	10971002000100	0	116680003	900000000000011006	900000000000451002
112251002000123	20250509	1	11002000107	10971002000100	1911002000101	0	116680003	900000000000011006	900000000000451002
112261002000120	20250509	1	11002000107	10981002000102	13961002000102	0	116680003	900000000000011006	900000000000451002
112271002000126	20250509	1	11002000107	10991002000104	1901002000104	0	116680003	900000000000011006	900000000000451002
112281002000128	20250509	1	11002000107	11001002000103	1901002000104	0	116680003	900000000000011006	900000000000451002
112291002000125	20250509	1	11002000107	11011002000100	1901002000104	0	116680003	900000000000011006	900000000000451002
112301002000129	20250509	1	11002000107	11021002000106	787859002	0	116680003	900000000000011006	900000000000451002
112311002000126	20250509	1	11002000107	11031002000109	2471002000105	0	116680003	900000000000011006	900000000000451002
112321002000121	20250509	1	11002000107	11041002000101	2471002000105	0	116680003	900000000000011006	900000000000451002
112331002000124	20250509	1	11002000107	11051002000104	14311002000101	0	116680003	900000000000011006	900000000000451002
112341002000127	20250509	1	11002000107	11051002000104	5071002000106	0	116680003	900000000000011006	900000000000451002
112351002000125	20250509	1	11002000107	11071002000107	787859002	0	116680003	900000000000011006	900000000000451002
112361002000128	20250509	1	11002000107	11081002000105	10901002000109	0	116680003	900000000000011006	900000000000451002
112371002000122	20250509	1	11002000107	11081002000105	10921002000101	0	116680003	900000000000011006	900000000000451002
112381002000120	20250509	1	11002000107	11121002000107	15101002000101	0	116680003	900000000000011006	900000000000451002
112391002000123	20250509	1	11002000107	11131002000105	9811002000105	0	116680003	900000000000011006	900000000000451002
112401002000120	20250509	1	11002000107	11151002000100	14341002000102	0	116680003	900000000000011006	900000000000451002
112411002000123	20250509	1	11002000107	11161002000103	17161002000107	0	116680003	900000000000011006	900000000000451002
112421002000128	20250509	1	11002000107	11181002000106	15081002000107	0	116680003	900000000000011006	900000000000451002
112431002000125	20250509	1	11002000107	11201002000107	9811002000105	0	116680003	900000000000011006	900000000000451002
112441002000122	20250509	1	11002000107	11221002000104	13931002000109	0	116680003	900000000000011006	900000000000451002
112451002000124	20250509	1	11002000107	11241002000109	11251002000106	0	116680003	900000000000011006	900000000000451002
112461002000121	20250509	1	11002000107	11251002000106	2051002000105	0	116680003	900000000000011006	900000000000451002
112471002000127	20250509	1	11002000107	11261002000108	12531002000109	0	116680003	900000000000011006	900000000000451002
112481002000129	20250509	1	11002000107	11271002000103	2611002000101	0	116680003	900000000000011006	900000000000451002
112491002000126	20250509	1	11002000107	11281002000100	13741002000104	0	116680003	900000000000011006	900000000000451002
112501002000121	20250509	1	11002000107	11291002000102	4611002000108	0	116680003	900000000000011006	900000000000451002
112511002000124	20250509	1	11002000107	11311002000103	787859002	0	116680003	900000000000011006	900000000000451002
112521002000129	20250509	1	11002000107	11321002000109	9811002000105	0	116680003	900000000000011006	900000000000451002
112531002000126	20250509	1	11002000107	11341002000104	14041002000104	0	116680003	900000000000011006	900000000000451002
112541002000123	20250509	1	11002000107	11361002000100	14541002000109	0	116680003	900000000000011006	900000000000451002
112551002000120	20250509	1	11002000107	11391002000106	2281002000109	0	116680003	900000000000011006	900000000000451002
112561002000122	20250509	1	11002000107	11401002000108	2281002000109	0	116680003	900000000000011006	900000000000451002
112571002000128	20250509	1	11002000107	11421002000100	13631002000100	0	116680003	900000000000011006	900000000000451002
112581002000125	20250509	1	11002000107	11441002000105	787859002	0	116680003	900000000000011006	900000000000451002
112591002000127	20250509	1	11002000107	11451002000107	9761002000100	0	116680003	900000000000011006	900000000000451002
112601002000122	20250509	1	11002000107	11461002000109	4651002000109	0	116680003	900000000000011006	900000000000451002
112611002000120	20250509	1	11002000107	11471002000104	15621002000104	0	116680003	900000000000011006	900000000000451002
112621002000125	20250509	1	11002000107	11481002000101	2321002000100	0	116680003	900000000000011006	900000000000451002
112631002000127	20250509	1	11002000107	11491002000103	1701002000102	0	116680003	900000000000011006	900000000000451002
112641002000124	20250509	1	11002000107	11501002000109	4431002000102	0	116680003	900000000000011006	900000000000451002
112651002000121	20250509	1	11002000107	11511002000107	9571002000101	0	116680003	900000000000011006	900000000000451002
112661002000123	20250509	1	11002000107	11521002000101	14771002000107	0	116680003	900000000000011006	900000000000451002
112671002000129	20250509	1	11002000107	11531002000103	14551002000106	0	116680003	900000000000011006	900000000000451002
112681002000126	20250509	1	11002000107	11541002000106	4611002000108	0	116680003	900000000000011006	900000000000451002
112691002000128	20250509	1	11002000107	11551002000108	9571002000101	0	116680003	900000000000011006	900000000000451002
112701002000128	20250509	1	11002000107	11561002000105	2321002000100	0	116680003	900000000000011006	900000000000451002
112711002000125	20250509	1	11002000107	11571002000100	11131002000105	0	116680003	900000000000011006	900000000000451002
112721002000120	20250509	1	11002000107	11581002000102	4611002000108	0	116680003	900000000000011006	900000000000451002
112731002000123	20250509	1	11002000107	11591002000104	13721002000109	0	116680003	900000000000011006	900000000000451002
112741002000126	20250509	1	11002000107	11601002000105	2291002000107	0	116680003	900000000000011006	900000000000451002
112751002000129	20250509	1	11002000107	11611002000108	11051002000104	0	116680003	900000000000011006	900000000000451002
112761002000127	20250509	1	11002000107	11621002000102	2351002000107	0	116680003	900000000000011006	900000000000451002
112771002000121	20250509	1	11002000107	11631002000104	14311002000101	0	116680003	900000000000011006	900000000000451002
112781002000124	20250509	1	11002000107	11641002000107	14531002000101	0	116680003	900000000000011006	900000000000451002
112791002000122	20250509	1	11002000107	11651002000109	14161002000101	0	116680003	900000000000011006	900000000000451002
112801002000123	20250509	1	11002000107	11661002000106	9861002000108	0	116680003	900000000000011006	900000000000451002
112811002000121	20250509	1	11002000107	11671002000101	11131002000105	0	116680003	900000000000011006	900000000000451002
112821002000126	20250509	1	11002000107	11681002000103	13741002000104	0	116680003	900000000000011006	900000000000451002
112831002000128	20250509	1	11002000107	11691002000100	2291002000107	0	116680003	900000000000011006	900000000000451002
112841002000120	20250509	1	11002000107	11701002000100	13801002000107	0	116680003	900000000000011006	900000000000451002
112851002000122	20250509	1	11002000107	11711002000102	11131002000105	0	116680003	900000000000011006	900000000000451002
112861002000124	20250509	1	11002000107	11721002000108	11131002000105	0	116680003	900000000000011006	900000000000451002
112871002000125	20250509	1	11002000107	11731002000106	2591002000105	0	116680003	900000000000011006	900000000000451002
112881002000127	20250509	1	11002000107	11741002000103	14261002000106	0	116680003	900000000000011006	900000000000451002
112891002000129	20250509	1	11002000107	11751002000101	2491002000106	0	116680003	900000000000011006	900000000000451002
112901002000125	20250509	1	11002000107	11761002000104	9751002000102	0	116680003	900000000000011006	900000000000451002
112911002000127	20250509	1	11002000107	11771002000109	5071002000106	0	116680003	900000000000011006	900000000000451002
112921002000122	20250509	1	11002000107	11781002000107	2291002000107	0	116680003	900000000000011006	900000000000451002
112931002000120	20250509	1	11002000107	11791002000105	9471002000100	0	116680003	900000000000011006	900000000000451002
112941002000128	20250509	1	11002000107	11801002000106	9461002000105	0	116680003	900000000000011006	900000000000451002
112951002000126	20250509	1	11002000107	11811002000109	2081002000104	0	116680003	900000000000011006	900000000000451002
112961002000129	20250509	1	11002000107	11821002000103	3891002000104	0	116680003	900000000000011006	900000000000451002
112971002000123	20250509	1	11002000107	11831002000100	13801002000107	0	116680003	900000000000011006	900000000000451002
112981002000121	20250509	1	11002000107	11841002000108	14531002000101	0	116680003	900000000000011006	900000000000451002
112991002000124	20250509	1	11002000107	11851002000105	2291002000107	0	116680003	900000000000011006	900000000000451002
113001002000120	20250509	1	11002000107	11861002000107	2291002000107	0	116680003	900000000000011006	900000000000451002
113011002000123	20250509	1	11002000107	11871002000102	2601002000104	0	116680003	900000000000011006	900000000000451002
113021002000128	20250509	1	11002000107	11881002000104	10721002000103	0	116680003	900000000000011006	900000000000451002
113031002000125	20250509	1	11002000107	11891002000101	11131002000105	0	116680003	900000000000011006	900000000000451002
113041002000122	20250509	1	11002000107	11901002000102	11321002000109	0	116680003	900000000000011006	900000000000451002
113051002000124	20250509	1	11002000107	11911002000104	11321002000109	0	116680003	900000000000011006	900000000000451002
113061002000121	20250509	1	11002000107	11921002000105	11051002000104	0	116680003	900000000000011006	900000000000451002
113071002000127	20250509	1	11002000107	11931002000108	2711002000107	0	116680003	900000000000011006	900000000000451002
113081002000129	20250509	1	11002000107	11941002000100	14161002000101	0	116680003	900000000000011006	900000000000451002
113091002000126	20250509	1	11002000107	11961002000101	14191002000107	0	116680003	900000000000011006	900000000000451002
113101002000124	20250509	1	11002000107	11971002000106	14931002000106	0	116680003	900000000000011006	900000000000451002
113111002000122	20250509	1	11002000107	11971002000106	17191002000101	0	116680003	900000000000011006	900000000000451002
113121002000127	20250509	1	11002000107	11991002000107	14361002000103	0	116680003	900000000000011006	900000000000451002
113131002000129	20250509	1	11002000107	12001002000109	13801002000107	0	116680003	900000000000011006	900000000000451002
113141002000121	20250509	1	11002000107	12011002000107	13801002000107	0	116680003	900000000000011006	900000000000451002
113151002000123	20250509	1	11002000107	12021002000101	10681002000108	0	116680003	900000000000011006	900000000000451002
113161002000120	20250509	1	11002000107	12031002000103	10701002000106	0	116680003	900000000000011006	900000000000451002
113171002000126	20250509	1	11002000107	12041002000106	11051002000104	0	116680003	900000000000011006	900000000000451002
113181002000128	20250509	1	11002000107	12051002000108	2361002000109	0	116680003	900000000000011006	900000000000451002
113191002000125	20250509	1	11002000107	12061002000105	11001002000103	0	116680003	900000000000011006	900000000000451002
113201002000127	20250509	1	11002000107	12071002000100	11001002000103	0	116680003	900000000000011006	900000000000451002
113211002000129	20250509	1	11002000107	12081002000102	11321002000109	0	116680003	900000000000011006	900000000000451002
113221002000124	20250509	1	11002000107	12091002000104	2361002000109	0	116680003	900000000000011006	900000000000451002
113231002000122	20250509	1	11002000107	12101002000108	2291002000107	0	116680003	900000000000011006	900000000000451002
113241002000125	20250509	1	11002000107	12111002000106	2351002000107	0	116680003	900000000000011006	900000000000451002
113251002000128	20250509	1	11002000107	12121002000100	7301002000106	0	116680003	900000000000011006	900000000000451002
113261002000126	20250509	1	11002000107	12131002000102	3891002000104	0	116680003	900000000000011006	900000000000451002
113271002000120	20250509	1	11002000107	12151002000107	14181002000109	0	116680003	900000000000011006	900000000000451002
113281002000123	20250509	1	11002000107	12161002000109	2711002000107	0	116680003	900000000000011006	900000000000451002
113291002000121	20250509	1	11002000107	12171002000104	2351002000107	0	116680003	900000000000011006	900000000000451002
113301002000122	20250509	1	11002000107	12181002000101	11131002000105	0	116680003	900000000000011006	900000000000451002
113311002000120	20250509	1	11002000107	12211002000102	12541002000101	0	116680003	900000000000011006	900000000000451002
113321002000125	20250509	1	11002000107	12211002000102	13661002000107	0	116680003	900000000000011006	900000000000451002
113331002000127	20250509	1	11002000107	12221002000108	13961002000102	0	116680003	900000000000011006	900000000000451002
113341002000124	20250509	1	11002000107	12231002000106	12541002000101	0	116680003	900000000000011006	900000000000451002
113351002000121	20250509	1	11002000107	12241002000103	10941002000106	0	116680003	900000000000011006	900000000000451002
113361002000123	20250509	1	11002000107	12271002000109	14211002000108	0	116680003	900000000000011006	900000000000451002
113371002000129	20250509	1	11002000107	12291002000105	14471002000102	0	116680003	900000000000011006	900000000000451002
113381002000126	20250509	1	11002000107	12311002000109	14281002000103	0	116680003	900000000000011006	900000000000451002
113391002000128	20250509	1	11002000107	12331002000100	12541002000101	0	116680003	900000000000011006	900000000000451002
113401002000126	20250509	1	11002000107	12341002000108	13711002000103	0	116680003	900000000000011006	900000000000451002
113411002000128	20250509	1	11002000107	12351002000105	13961002000102	0	116680003	900000000000011006	900000000000451002
113421002000123	20250509	1	11002000107	12371002000102	12621002000105	0	116680003	900000000000011006	900000000000451002
113431002000121	20250509	1	11002000107	12381002000104	11011002000100	0	116680003	900000000000011006	900000000000451002
113441002000129	20250509	1	11002000107	12391002000101	14401002000106	0	116680003	900000000000011006	900000000000451002
113451002000127	20250509	1	11002000107	12401002000104	14251002000109	0	116680003	900000000000011006	900000000000451002
113461002000125	20250509	1	11002000107	12411002000101	12541002000101	0	116680003	900000000000011006	900000000000451002
113471002000124	20250509	1	11002000107	12441002000102	13101002000100	0	116680003	900000000000011006	900000000000451002
113481002000122	20250509	1	11002000107	12441002000102	13661002000107	0	116680003	900000000000011006	900000000000451002
113491002000120	20250509	1	11002000107	12471002000108	13751002000102	0	116680003	900000000000011006	900000000000451002
113501002000125	20250509	1	11002000107	12481002000106	10991002000104	0	116680003	900000000000011006	900000000000451002
113511002000127	20250509	1	11002000107	12491002000109	11001002000103	0	116680003	900000000000011006	900000000000451002
113521002000122	20250509	1	11002000107	12511002000100	13981002000105	0	116680003	900000000000011006	900000000000451002
113531002000120	20250509	1	11002000107	12521002000106	2511002000102	0	116680003	900000000000011006	900000000000451002
113541002000128	20250509	1	11002000107	12531002000109	2511002000102	0	116680003	900000000000011006	900000000000451002
113551002000126	20250509	1	11002000107	12541002000101	17161002000107	0	116680003	900000000000011006	900000000000451002
113561002000129	20250509	1	11002000107	12561002000102	14881002000102	0	116680003	900000000000011006	900000000000451002
113571002000123	20250509	1	11002000107	12581002000105	7711002000105	0	116680003	900000000000011006	900000000000451002
113581002000121	20250509	1	11002000107	12601002000102	7711002000105	0	116680003	900000000000011006	900000000000451002
113591002000124	20250509	1	11002000107	12611002000104	7711002000105	0	116680003	900000000000011006	900000000000451002
113601002000129	20250509	1	11002000107	12621002000105	7711002000105	0	116680003	900000000000011006	900000000000451002
113611002000126	20250509	1	11002000107	12631002000108	13731002000107	0	116680003	900000000000011006	900000000000451002
113621002000121	20250509	1	11002000107	12651002000103	11101002000104	0	116680003	900000000000011006	900000000000451002
113631002000124	20250509	1	11002000107	12671002000106	14841002000106	0	116680003	900000000000011006	900000000000451002
113641002000127	20250509	1	11002000107	12681002000109	11051002000104	0	116680003	900000000000011006	900000000000451002
113651002000125	20250509	1	11002000107	12691002000107	11051002000104	0	116680003	900000000000011006	900000000000451002
113661002000128	20250509	1	11002000107	12701002000107	11101002000104	0	116680003	900000000000011006	900000000000451002
113671002000122	20250509	1	11002000107	12721002000104	15041002000103	0	116680003	900000000000011006	900000000000451002
113681002000120	20250509	1	11002000107	12741002000109	14741002000101	0	116680003	900000000000011006	900000000000451002
113691002000123	20250509	1	11002000107	12761002000108	14171002000106	0	116680003	900000000000011006	900000000000451002
113701002000123	20250509	1	11002000107	12791002000102	13901002000103	0	116680003	900000000000011006	900000000000451002
113711002000121	20250509	1	11002000107	12811002000103	14961002000104	0	116680003	900000000000011006	900000000000451002
113721002000126	20250509	1	11002000107	12831002000107	14971002000109	0	116680003	900000000000011006	900000000000451002
113731002000128	20250509	1	11002000107	12841002000104	10991002000104	0	116680003	900000000000011006	900000000000451002
113741002000120	20250509	1	11002000107	12861002000100	15031002000106	0	116680003	900000000000011006	900000000000451002
113751002000122	20250509	1	11002000107	12881002000108	15021002000108	0	116680003	900000000000011006	900000000000451002
113761002000124	20250509	1	11002000107	12891002000106	15031002000106	0	116680003	900000000000011006	900000000000451002
113771002000125	20250509	1	11002000107	12901002000105	15051002000101	0	116680003	900000000000011006	900000000000451002
113781002000127	20250509	1	11002000107	12941002000107	787859002	0	116680003	900000000000011006	900000000000451002
113791002000129	20250509	1	11002000107	12961002000106	787859002	0	116680003	900000000000011006	900000000000451002
113801002000128	20250509	1	11002000107	12981002000103	787859002	0	116680003	900000000000011006	900000000000451002
113811002000125	20250509	1	11002000107	13001002000104	787859002	0	116680003	900000000000011006	900000000000451002
113821002000120	20250509	1	11002000107	13021002000107	787859002	0	116680003	900000000000011006	900000000000451002
113831002000123	20250509	1	11002000107	13041002000102	787859002	0	116680003	900000000000011006	900000000000451002
113841002000126	20250509	1	11002000107	13071002000108	14051002000102	0	116680003	900000000000011006	900000000000451002
113851002000129	20250509	1	11002000107	13091002000109	787859002	0	116680003	900000000000011006	900000000000451002
113861002000127	20250509	1	11002000107	13101002000100	17161002000107	0	116680003	900000000000011006	900000000000451002
113871002000121	20250509	1	11002000107	13121002000108	787859002	0	116680003	900000000000011006	900000000000451002
113881002000124	20250509	1	11002000107	13131002000106	15621002000104	0	116680003	900000000000011006	900000000000451002
113891002000122	20250509	1	11002000107	13151002000101	9561002000106	0	116680003	900000000000011006	900000000000451002
113901002000121	20250509	1	11002000107	13201002000108	14501002000107	0	116680003	900000000000011006	900000000000451002
113911002000124	20250509	1	11002000107	13221002000100	13761002000100	0	116680003	900000000000011006	900000000000451002
113921002000129	20250509	1	11002000107	13231002000102	13761002000100	0	116680003	900000000000011006	900000000000451002
113931002000126	20250509	1	11002000107	13261002000109	13781002000108	0	116680003	900000000000011006	900000000000451002
113941002000123	20250509	1	11002000107	13271002000104	13821002000104	0	116680003	900000000000011006	900000000000451002
113951002000120	20250509	1	11002000107	13311002000104	10321002000102	0	116680003	900000000000011006	900000000000451002
113961002000122	20250509	1	11002000107	13321002000105	4811002000109	0	116680003	900000000000011006	900000000000451002
113971002000128	20250509	1	11002000107	13331002000108	6231002000109	0	116680003	900000000000011006	900000000000451002
113981002000125	20250509	1	11002000107	13341002000100	2321002000100	0	116680003	900000000000011006	900000000000451002
113991002000127	20250509	1	11002000107	13391002000107	13941002000101	0	116680003	900000000000011006	900000000000451002
114001002000123	20250509	1	11002000107	13401002000109	6231002000109	0	116680003	900000000000011006	900000000000451002
114011002000121	20250509	1	11002000107	13411002000107	4811002000109	0	116680003	900000000000011006	900000000000451002
114021002000126	20250509	1	11002000107	13421002000101	10321002000102	0	116680003	900000000000011006	900000000000451002
114031002000128	20250509	1	11002000107	13431002000103	2561002000104	0	116680003	900000000000011006	900000000000451002
114041002000120	20250509	1	11002000107	13441002000106	10331002000104	0	116680003	900000000000011006	900000000000451002
114051002000122	20250509	1	11002000107	13451002000108	4811002000109	0	116680003	900000000000011006	900000000000451002
114061002000124	20250509	1	11002000107	13461002000105	10321002000102	0	116680003	900000000000011006	900000000000451002
114071002000125	20250509	1	11002000107	13481002000102	14081002000108	0	116680003	900000000000011006	900000000000451002
114081002000127	20250509	1	11002000107	13491002000104	2321002000100	0	116680003	900000000000011006	900000000000451002
114091002000129	20250509	1	11002000107	13501002000105	11421002000100	0	116680003	900000000000011006	900000000000451002
114101002000122	20250509	1	11002000107	13511002000108	12921002000102	0	116680003	900000000000011006	900000000000451002
114111002000120	20250509	1	11002000107	13521002000102	11131002000105	0	116680003	900000000000011006	900000000000451002
114121002000125	20250509	1	11002000107	13541002000107	14151002000103	0	116680003	900000000000011006	900000000000451002
114131002000127	20250509	1	11002000107	13551002000109	10931002000103	0	116680003	900000000000011006	900000000000451002
114141002000124	20250509	1	11002000107	13561002000106	9811002000105	0	116680003	900000000000011006	900000000000451002
114151002000121	20250509	1	11002000107	13571002000101	14071002000105	0	116680003	900000000000011006	900000000000451002
114161002000123	20250509	1	11002000107	13581002000103	14071002000105	0	116680003	900000000000011006	900000000000451002
114171002000129	20250509	1	11002000107	13591002000100	10361002000106	0	116680003	900000000000011006	900000000000451002
114181002000126	20250509	1	11002000107	13601002000106	10931002000103	0	116680003	900000000000011006	900000000000451002
114191002000128	20250509	1	11002000107	13611002000109	7711002000105	0	116680003	900000000000011006	900000000000451002
114201002000125	20250509	1	11002000107	13631002000100	2491002000106	0	116680003	900000000000011006	900000000000451002
114211002000127	20250509	1	11002000107	13661002000107	17161002000107	0	116680003	900000000000011006	900000000000451002
114221002000122	20250509	1	11002000107	13671002000102	2591002000105	0	116680003	900000000000011006	900000000000451002
114231002000120	20250509	1	11002000107	13681002000104	787859002	0	116680003	900000000000011006	900000000000451002
114241002000128	20250509	1	11002000107	13691002000101	9781002000108	0	116680003	900000000000011006	900000000000451002
114251002000126	20250509	1	11002000107	13701002000101	9831002000101	0	116680003	900000000000011006	900000000000451002
114261002000129	20250509	1	11002000107	13711002000103	12611002000104	0	116680003	900000000000011006	900000000000451002
114271002000123	20250509	1	11002000107	13721002000109	8551002000103	0	116680003	900000000000011006	900000000000451002
114281002000121	20250509	1	11002000107	13721002000109	8561002000101	0	116680003	900000000000011006	900000000000451002
114291002000124	20250509	1	11002000107	13731002000107	14231002000104	0	116680003	900000000000011006	900000000000451002
114301002000120	20250509	1	11002000107	13731002000107	6341002000106	0	116680003	900000000000011006	900000000000451002
114311002000123	20250509	1	11002000107	13741002000104	2281002000109	0	116680003	900000000000011006	900000000000451002
114321002000128	20250509	1	11002000107	13751002000102	17161002000107	0	116680003	900000000000011006	900000000000451002
114331002000125	20250509	1	11002000107	13761002000100	787859002	0	116680003	900000000000011006	900000000000451002
114341002000122	20250509	1	11002000107	13771002000105	12621002000105	0	116680003	900000000000011006	900000000000451002
114351002000124	20250509	1	11002000107	13781002000108	2551002000101	0	116680003	900000000000011006	900000000000451002
114361002000121	20250509	1	11002000107	13791002000106	13731002000107	0	116680003	900000000000011006	900000000000451002
114371002000127	20250509	1	11002000107	13791002000106	14911002000102	0	116680003	900000000000011006	900000000000451002
114381002000129	20250509	1	11002000107	13791002000106	6871002000108	0	116680003	900000000000011006	900000000000451002
114391002000126	20250509	1	11002000107	13801002000107	2311002000106	0	116680003	900000000000011006	900000000000451002
114401002000129	20250509	1	11002000107	13811002000105	9831002000101	0	116680003	900000000000011006	900000000000451002
114411002000126	20250509	1	11002000107	13821002000104	12621002000105	0	116680003	900000000000011006	900000000000451002
114421002000121	20250509	1	11002000107	13831002000101	787859002	0	116680003	900000000000011006	900000000000451002
114431002000124	20250509	1	11002000107	13841002000109	14201002000105	0	116680003	900000000000011006	900000000000451002
114441002000127	20250509	1	11002000107	13841002000109	6881002000106	0	116680003	900000000000011006	900000000000451002
114451002000125	20250509	1	11002000107	13851002000106	15081002000107	0	116680003	900000000000011006	900000000000451002
114461002000128	20250509	1	11002000107	13851002000106	2091002000101	0	116680003	900000000000011006	900000000000451002
114471002000122	20250509	1	11002000107	13851002000106	2711002000107	0	116680003	900000000000011006	900000000000451002
114481002000120	20250509	1	11002000107	13861002000108	7711002000105	0	116680003	900000000000011006	900000000000451002
114491002000123	20250509	1	11002000107	13871002000103	13711002000103	0	116680003	900000000000011006	900000000000451002
114501002000128	20250509	1	11002000107	13881002000100	11131002000105	0	116680003	900000000000011006	900000000000451002
114511002000125	20250509	1	11002000107	13881002000100	2291002000107	0	116680003	900000000000011006	900000000000451002
114521002000120	20250509	1	11002000107	13891002000102	9701002000101	0	116680003	900000000000011006	900000000000451002
114531002000123	20250509	1	11002000107	13901002000103	17161002000107	0	116680003	900000000000011006	900000000000451002
114541002000126	20250509	1	11002000107	13911002000100	14711002000100	0	116680003	900000000000011006	900000000000451002
114551002000129	20250509	1	11002000107	13911002000100	7641002000100	0	116680003	900000000000011006	900000000000451002
114561002000127	20250509	1	11002000107	13921002000106	787859002	0	116680003	900000000000011006	900000000000451002
114571002000121	20250509	1	11002000107	13931002000109	12601002000102	0	116680003	900000000000011006	900000000000451002
114581002000124	20250509	1	11002000107	13941002000101	14931002000106	0	116680003	900000000000011006	900000000000451002
114591002000122	20250509	1	11002000107	13951002000104	2511002000102	0	116680003	900000000000011006	900000000000451002
114601002000127	20250509	1	11002000107	13961002000102	13711002000103	0	116680003	900000000000011006	900000000000451002
114611002000129	20250509	1	11002000107	13971002000107	12601002000102	0	116680003	900000000000011006	900000000000451002
114621002000124	20250509	1	11002000107	13981002000105	13101002000100	0	116680003	900000000000011006	900000000000451002
114631002000122	20250509	1	11002000107	14001002000101	15421002000102	0	116680003	900000000000011006	900000000000451002
114641002000125	20250509	1	11002000107	14011002000103	12601002000102	0	116680003	900000000000011006	900000000000451002
114651002000128	20250509	1	11002000107	14021002000109	12601002000102	0	116680003	900000000000011006	900000000000451002
114661002000126	20250509	1	11002000107	14031002000107	13711002000103	0	116680003	900000000000011006	900000000000451002
114671002000120	20250509	1	11002000107	14041002000104	13831002000101	0	116680003	900000000000011006	900000000000451002
114681002000123	20250509	1	11002000107	14051002000102	9811002000105	0	116680003	900000000000011006	900000000000451002
114691002000121	20250509	1	11002000107	14061002000100	13091002000109	0	116680003	900000000000011006	900000000000451002
114701002000121	20250509	1	11002000107	14071002000105	787859002	0	116680003	900000000000011006	900000000000451002
114711002000124	20250509	1	11002000107	14081002000108	9581002000103	0	116680003	900000000000011006	900000000000451002
114721002000129	20250509	1	11002000107	14091002000106	17161002000107	0	116680003	900000000000011006	900000000000451002
114731002000126	20250509	1	11002000107	14101002000102	1701002000102	0	116680003	900000000000011006	900000000000451002
114741002000123	20250509	1	11002000107	14101002000102	2351002000107	0	116680003	900000000000011006	900000000000451002
114751002000120	20250509	1	11002000107	14101002000102	2391002000103	0	116680003	900000000000011006	900000000000451002
114761002000122	20250509	1	11002000107	14111002000104	10301002000105	0	116680003	900000000000011006	900000000000451002
114771002000128	20250509	1	11002000107	14121002000105	7641002000100	0	116680003	900000000000011006	900000000000451002
114781002000125	20250509	1	11002000107	14131002000108	787859002	0	116680003	900000000000011006	900000000000451002
114791002000127	20250509	1	11002000107	14141002000100	13831002000101	0	116680003	900000000000011006	900000000000451002
114801002000126	20250509	1	11002000107	14161002000101	787859002	0	116680003	900000000000011006	900000000000451002
114811002000128	20250509	1	11002000107	14171002000106	16341002000109	0	116680003	900000000000011006	900000000000451002
114821002000123	20250509	1	11002000107	14181002000109	2051002000105	0	116680003	900000000000011006	900000000000451002
114831002000121	20250509	1	11002000107	14191002000107	2311002000106	0	116680003	900000000000011006	900000000000451002
114841002000129	20250509	1	11002000107	14201002000105	4661002000106	0	116680003	900000000000011006	900000000000451002
114851002000127	20250509	1	11002000107	14201002000105	9161002000104	0	116680003	900000000000011006	900000000000451002
114861002000125	20250509	1	11002000107	14211002000108	13661002000107	0	116680003	900000000000011006	900000000000451002
114871002000124	20250509	1	11002000107	14221002000102	14991002000105	0	116680003	900000000000011006	900000000000451002
114881002000122	20250509	1	11002000107	14231002000104	10241002000102	0	116680003	900000000000011006	900000000000451002
114891002000120	20250509	1	11002000107	14231002000104	4661002000106	0	116680003	900000000000011006	900000000000451002
114901002000124	20250509	1	11002000107	14241002000107	7811002000103	0	116680003	900000000000011006	900000000000451002
114911002000122	20250509	1	11002000107	14251002000109	17161002000107	0	116680003	900000000000011006	900000000000451002
114921002000127	20250509	1	11002000107	14261002000106	9451002000108	0	116680003	900000000000011006	900000000000451002
114931002000129	20250509	1	11002000107	14271002000101	11041002000101	0	116680003	900000000000011006	900000000000451002
114941002000121	20250509	1	11002000107	14271002000101	9161002000104	0	116680003	900000000000011006	900000000000451002
114951002000123	20250509	1	11002000107	14281002000103	17161002000107	0	116680003	900000000000011006	900000000000451002
114961002000120	20250509	1	11002000107	14291002000100	12601002000102	0	116680003	900000000000011006	900000000000451002
114971002000126	20250509	1	11002000107	14301002000104	9811002000105	0	116680003	900000000000011006	900000000000451002
114981002000128	20250509	1	11002000107	14311002000101	7811002000103	0	116680003	900000000000011006	900000000000451002
114991002000125	20250509	1	11002000107	14321002000107	7711002000105	0	116680003	900000000000011006	900000000000451002
115001002000124	20250509	1	11002000107	14331002000105	14761002000102	0	116680003	900000000000011006	900000000000451002
115011002000122	20250509	1	11002000107	14331002000105	6861002000103	0	116680003	900000000000011006	900000000000451002
115021002000127	20250509	1	11002000107	14331002000105	9411002000107	0	116680003	900000000000011006	900000000000451002
115031002000129	20250509	1	11002000107	14341002000102	2051002000105	0	116680003	900000000000011006	900000000000451002
115041002000121	20250509	1	11002000107	14351002000100	14021002000109	0	116680003	900000000000011006	900000000000451002
115051002000123	20250509	1	11002000107	14361002000103	787859002	0	116680003	900000000000011006	900000000000451002
115061002000120	20250509	1	11002000107	14371002000108	2651002000100	0	116680003	900000000000011006	900000000000451002
115071002000126	20250509	1	11002000107	14381002000106	8561002000101	0	116680003	900000000000011006	900000000000451002
115081002000128	20250509	1	11002000107	14381002000106	9571002000101	0	116680003	900000000000011006	900000000000451002
115091002000125	20250509	1	11002000107	14391002000109	13121002000108	0	116680003	900000000000011006	900000000000451002
115101002000123	20250509	1	11002000107	14401002000106	14201002000105	0	116680003	900000000000011006	900000000000451002
115111002000121	20250509	1	11002000107	14401002000106	7241002000103	0	116680003	900000000000011006	900000000000451002
115121002000126	20250509	1	11002000107	14411002000109	14431002000100	0	116680003	900000000000011006	900000000000451002
115131002000128	20250509	1	11002000107	14411002000109	14781002000105	0	116680003	900000000000011006	900000000000451002
115141002000120	20250509	1	11002000107	14411002000109	7641002000100	0	116680003	900000000000011006	900000000000451002
115151002000122	20250509	1	11002000107	14421002000103	9951002000104	0	116680003	900000000000011006	900000000000451002
115161002000124	20250509	1	11002000107	14431002000100	2581002000107	0	116680003	900000000000011006	900000000000451002
115171002000125	20250509	1	11002000107	14441002000108	14021002000109	0	116680003	900000000000011006	900000000000451002
115181002000127	20250509	1	11002000107	14451002000105	7711002000105	0	116680003	900000000000011006	900000000000451002
115191002000129	20250509	1	11002000107	14461002000107	7711002000105	0	116680003	900000000000011006	900000000000451002
115201002000126	20250509	1	11002000107	14471002000102	17161002000107	0	116680003	900000000000011006	900000000000451002
115211002000128	20250509	1	11002000107	14481002000104	12601002000102	0	116680003	900000000000011006	900000000000451002
115221002000123	20250509	1	11002000107	14491002000101	7711002000105	0	116680003	900000000000011006	900000000000451002
115231002000121	20250509	1	11002000107	14501002000107	787859002	0	116680003	900000000000011006	900000000000451002
115241002000129	20250509	1	11002000107	14511002000105	14271002000101	0	116680003	900000000000011006	900000000000451002
115251002000127	20250509	1	11002000107	14511002000105	7241002000103	0	116680003	900000000000011006	900000000000451002
115261002000125	20250509	1	11002000107	14521002000104	10511002000104	0	116680003	900000000000011006	900000000000451002
115271002000124	20250509	1	11002000107	14531002000101	2291002000107	0	116680003	900000000000011006	900000000000451002
115281002000122	20250509	1	11002000107	14531002000101	9761002000100	0	116680003	900000000000011006	900000000000451002
115291002000120	20250509	1	11002000107	14541002000109	14021002000109	0	116680003	900000000000011006	900000000000451002
115301002000121	20250509	1	11002000107	14551002000106	9781002000108	0	116680003	900000000000011006	900000000000451002
115311002000124	20250509	1	11002000107	14561002000108	14021002000109	0	116680003	900000000000011006	900000000000451002
115321002000129	20250509	1	11002000107	14561002000108	14661002000109	0	116680003	900000000000011006	900000000000451002
115331002000126	20250509	1	11002000107	14571002000103	15601002000107	0	116680003	900000000000011006	900000000000451002
115341002000123	20250509	1	11002000107	14581002000100	9951002000104	0	116680003	900000000000011006	900000000000451002
115351002000120	20250509	1	11002000107	14591002000102	2051002000105	0	116680003	900000000000011006	900000000000451002
115361002000122	20250509	1	11002000107	14601002000108	2651002000100	0	116680003	900000000000011006	900000000000451002
115371002000128	20250509	1	11002000107	14611002000106	7711002000105	0	116680003	900000000000011006	900000000000451002
115381002000125	20250509	1	11002000107	14621002000100	2761002000105	0	116680003	900000000000011006	900000000000451002
115391002000127	20250509	1	11002000107	14641002000105	13711002000103	0	116680003	900000000000011006	900000000000451002
115401002000125	20250509	1	11002000107	14651002000107	9951002000104	0	116680003	900000000000011006	900000000000451002
115411002000127	20250509	1	11002000107	14661002000109	17161002000107	0	116680003	900000000000011006	900000000000451002
115421002000122	20250509	1	11002000107	14671002000104	7711002000105	0	116680003	900000000000011006	900000000000451002
115431002000120	20250509	1	11002000107	14681002000101	10251002000100	0	116680003	900000000000011006	900000000000451002
115441002000128	20250509	1	11002000107	14681002000101	2351002000107	0	116680003	900000000000011006	900000000000451002
115451002000126	20250509	1	11002000107	14691002000103	787859002	0	116680003	900000000000011006	900000000000451002
115461002000129	20250509	1	11002000107	14701002000103	17161002000107	0	116680003	900000000000011006	900000000000451002
115471002000123	20250509	1	11002000107	14711002000100	2581002000107	0	116680003	900000000000011006	900000000000451002
115481002000121	20250509	1	11002000107	14721002000106	2341002000105	0	116680003	900000000000011006	900000000000451002
115491002000124	20250509	1	11002000107	14731002000109	11421002000100	0	116680003	900000000000011006	900000000000451002
115501002000129	20250509	1	11002000107	14741002000101	16341002000109	0	116680003	900000000000011006	900000000000451002
115511002000126	20250509	1	11002000107	14751002000104	14771002000107	0	116680003	900000000000011006	900000000000451002
115521002000121	20250509	1	11002000107	14751002000104	6871002000108	0	116680003	900000000000011006	900000000000451002
115531002000124	20250509	1	11002000107	14761002000102	10251002000100	0	116680003	900000000000011006	900000000000451002
115541002000127	20250509	1	11002000107	14761002000102	7281002000107	0	116680003	900000000000011006	900000000000451002
115551002000125	20250509	1	11002000107	14771002000107	4651002000109	0	116680003	900000000000011006	900000000000451002
115561002000128	20250509	1	11002000107	14771002000107	9511002000108	0	116680003	900000000000011006	900000000000451002
115571002000122	20250509	1	11002000107	14781002000105	10351002000109	0	116680003	900000000000011006	900000000000451002
115581002000120	20250509	1	11002000107	14791002000108	14201002000105	0	116680003	900000000000011006	900000000000451002
115591002000123	20250509	1	11002000107	14791002000108	14781002000105	0	116680003	900000000000011006	900000000000451002
115601002000128	20250509	1	11002000107	14791002000108	14901002000100	0	116680003	900000000000011006	900000000000451002
115611002000125	20250509	1	11002000107	14801002000109	14901002000100	0	116680003	900000000000011006	900000000000451002
115621002000120	20250509	1	11002000107	14801002000109	9601002000106	0	116680003	900000000000011006	900000000000451002
115631002000123	20250509	1	11002000107	14811002000107	2361002000109	0	116680003	900000000000011006	900000000000451002
115641002000126	20250509	1	11002000107	14811002000107	9361002000101	0	116680003	900000000000011006	900000000000451002
115651002000129	20250509	1	11002000107	14821002000101	13091002000109	0	116680003	900000000000011006	900000000000451002
115661002000127	20250509	1	11002000107	14841002000106	13091002000109	0	116680003	900000000000011006	900000000000451002
115671002000121	20250509	1	11002000107	14851002000108	14531002000101	0	116680003	900000000000011006	900000000000451002
115681002000124	20250509	1	11002000107	14851002000108	2361002000109	0	116680003	900000000000011006	900000000000451002
115691002000122	20250509	1	11002000107	14861002000105	10971002000100	0	116680003	900000000000011006	900000000000451002
115701002000122	20250509	1	11002000107	14861002000105	11001002000103	0	116680003	900000000000011006	900000000000451002
115711002000120	20250509	1	11002000107	14861002000105	9871002000103	0	116680003	900000000000011006	900000000000451002
115721002000125	20250509	1	11002000107	14871002000100	1901002000104	0	116680003	900000000000011006	900000000000451002
115731002000127	20250509	1	11002000107	14881002000102	13091002000109	0	116680003	900000000000011006	900000000000451002
115741002000124	20250509	1	11002000107	14891002000104	13681002000104	0	116680003	900000000000011006	900000000000451002
115751002000121	20250509	1	11002000107	14891002000104	2561002000104	0	116680003	900000000000011006	900000000000451002
115761002000123	20250509	1	11002000107	14901002000100	14431002000100	0	116680003	900000000000011006	900000000000451002
115771002000129	20250509	1	11002000107	14901002000100	4661002000106	0	116680003	900000000000011006	900000000000451002
115781002000126	20250509	1	11002000107	14901002000100	9481002000102	0	116680003	900000000000011006	900000000000451002
115791002000128	20250509	1	11002000107	14911002000102	14231002000104	0	116680003	900000000000011006	900000000000451002
115801002000127	20250509	1	11002000107	14911002000102	7231002000106	0	116680003	900000000000011006	900000000000451002
115811002000129	20250509	1	11002000107	14921002000108	9451002000108	0	116680003	900000000000011006	900000000000451002
115821002000124	20250509	1	11002000107	14931002000106	4471002000104	0	116680003	900000000000011006	900000000000451002
115831002000122	20250509	1	11002000107	14941002000103	9701002000101	0	116680003	900000000000011006	900000000000451002
115841002000125	20250509	1	11002000107	14951002000101	2701002000109	0	116680003	900000000000011006	900000000000451002
115851002000128	20250509	1	11002000107	14961002000104	13871002000103	0	116680003	900000000000011006	900000000000451002
115861002000126	20250509	1	11002000107	14971002000109	2631002000105	0	116680003	900000000000011006	900000000000451002
115871002000120	20250509	1	11002000107	14981002000107	10991002000104	0	116680003	900000000000011006	900000000000451002
115881002000123	20250509	1	11002000107	14981002000107	2631002000105	0	116680003	900000000000011006	900000000000451002
115891002000121	20250509	1	11002000107	14991002000105	11971002000106	0	116680003	900000000000011006	900000000000451002
115901002000120	20250509	1	11002000107	15001002000100	10301002000105	0	116680003	900000000000011006	900000000000451002
115911002000123	20250509	1	11002000107	15011002000102	9931002000109	0	116680003	900000000000011006	900000000000451002
115921002000128	20250509	1	11002000107	15021002000108	16341002000109	0	116680003	900000000000011006	900000000000451002
115931002000125	20250509	1	11002000107	15031002000106	16341002000109	0	116680003	900000000000011006	900000000000451002
115941002000122	20250509	1	11002000107	15041002000103	16341002000109	0	116680003	900000000000011006	900000000000451002
115951002000124	20250509	1	11002000107	15051002000101	14111002000104	0	116680003	900000000000011006	900000000000451002
115961002000121	20250509	1	11002000107	15051002000101	14411002000109	0	116680003	900000000000011006	900000000000451002
115971002000127	20250509	1	11002000107	15071002000109	15091002000105	0	116680003	900000000000011006	900000000000451002
115981002000129	20250509	1	11002000107	15081002000107	787859002	0	116680003	900000000000011006	900000000000451002
115991002000126	20250509	1	11002000107	15091002000105	12581002000105	0	116680003	900000000000011006	900000000000451002
116001002000125	20250509	1	11002000107	15091002000105	2051002000105	0	116680003	900000000000011006	900000000000451002
116011002000127	20250509	1	11002000107	15101002000101	9811002000105	0	116680003	900000000000011006	900000000000451002
116021002000122	20250509	1	11002000107	15111002000103	11421002000100	0	116680003	900000000000011006	900000000000451002
116031002000120	20250509	1	11002000107	15121002000109	15281002000102	0	116680003	900000000000011006	900000000000451002
116041002000128	20250509	1	11002000107	15131002000107	14521002000104	0	116680003	900000000000011006	900000000000451002
116051002000126	20250509	1	11002000107	15141002000104	14521002000104	0	116680003	900000000000011006	900000000000451002
116061002000129	20250509	1	11002000107	15241002000106	15631002000101	0	116680003	900000000000011006	900000000000451002
116071002000123	20250509	1	11002000107	15261002000105	15271002000100	0	116680003	900000000000011006	900000000000451002
116081002000121	20250509	1	11002000107	15271002000100	13841002000109	0	116680003	900000000000011006	900000000000451002
116091002000124	20250509	1	11002000107	15271002000100	1901002000104	0	116680003	900000000000011006	900000000000451002
116101002000126	20250509	1	11002000107	15281002000102	11421002000100	0	116680003	900000000000011006	900000000000451002
116111002000128	20250509	1	11002000107	15301002000103	17061002000108	0	116680003	900000000000011006	900000000000451002
116121002000123	20250509	1	11002000107	15321002000106	17071002000103	0	116680003	900000000000011006	900000000000451002
116131002000121	20250509	1	11002000107	15341002000101	17081002000100	0	116680003	900000000000011006	900000000000451002
116141002000129	20250509	1	11002000107	15361002000102	17091002000102	0	116680003	900000000000011006	900000000000451002
116151002000127	20250509	1	11002000107	15381002000105	17151002000105	0	116680003	900000000000011006	900000000000451002
116161002000125	20250509	1	11002000107	15401002000105	12581002000105	0	116680003	900000000000011006	900000000000451002
116171002000124	20250509	1	11002000107	15421002000102	787859002	0	116680003	900000000000011006	900000000000451002
116181002000122	20250509	1	11002000107	15431002000104	11051002000104	0	116680003	900000000000011006	900000000000451002
116191002000120	20250509	1	11002000107	15441002000107	13911002000100	0	116680003	900000000000011006	900000000000451002
116201002000123	20250509	1	11002000107	15441002000107	15001002000100	0	116680003	900000000000011006	900000000000451002
116211002000121	20250509	1	11002000107	15461002000106	17141002000108	0	116680003	900000000000011006	900000000000451002
116221002000126	20250509	1	11002000107	15481002000103	17041002000109	0	116680003	900000000000011006	900000000000451002
116231002000128	20250509	1	11002000107	15501002000106	17051002000106	0	116680003	900000000000011006	900000000000451002
116241002000120	20250509	1	11002000107	15511002000109	17041002000109	0	116680003	900000000000011006	900000000000451002
116251002000122	20250509	1	11002000107	15521002000103	2081002000104	0	116680003	900000000000011006	900000000000451002
116261002000124	20250509	1	11002000107	15521002000103	2291002000107	0	116680003	900000000000011006	900000000000451002
116271002000125	20250509	1	11002000107	15541002000108	17101002000106	0	116680003	900000000000011006	900000000000451002
116281002000127	20250509	1	11002000107	15551002000105	2361002000109	0	116680003	900000000000011006	900000000000451002
116291002000129	20250509	1	11002000107	15561002000107	14311002000101	0	116680003	900000000000011006	900000000000451002
116301002000128	20250509	1	11002000107	15571002000102	14241002000107	0	116680003	900000000000011006	900000000000451002
116311002000125	20250509	1	11002000107	15581002000104	2351002000107	0	116680003	900000000000011006	900000000000451002
116321002000120	20250509	1	11002000107	15601002000107	787859002	0	116680003	900000000000011006	900000000000451002
116331002000123	20250509	1	11002000107	15611002000105	17211002000100	0	116680003	900000000000011006	900000000000451002
116341002000126	20250509	1	11002000107	15621002000104	13151002000101	0	116680003	900000000000011006	900000000000451002
116351002000129	20250509	1	11002000107	15631002000101	9721002000109	0	116680003	900000000000011006	900000000000451002
116361002000127	20250509	1	11002000107	15641002000109	14401002000106	0	116680003	900000000000011006	900000000000451002
116371002000121	20250509	1	11002000107	15651002000106	11131002000105	0	116680003	900000000000011006	900000000000451002
116381002000124	20250509	1	11002000107	15661002000108	13961002000102	0	116680003	900000000000011006	900000000000451002
116391002000122	20250509	1	11002000107	15671002000103	10271002000108	0	116680003	900000000000011006	900000000000451002
116401002000124	20250509	1	11002000107	15681002000100	10201002000104	0	116680003	900000000000011006	900000000000451002
116411002000122	20250509	1	11002000107	15691002000102	13961002000102	0	116680003	900000000000011006	900000000000451002
116421002000127	20250509	1	11002000107	15701002000102	1901002000104	0	116680003	900000000000011006	900000000000451002
116431002000129	20250509	1	11002000107	15711002000104	3891002000104	0	116680003	900000000000011006	900000000000451002
116441002000121	20250509	1	11002000107	15721002000105	7261002000104	0	116680003	900000000000011006	900000000000451002
116451002000123	20250509	1	11002000107	15731002000108	10211002000101	0	116680003	900000000000011006	900000000000451002
116461002000120	20250509	1	11002000107	15741002000100	10201002000104	0	116680003	900000000000011006	900000000000451002
116471002000126	20250509	1	11002000107	15751002000103	8541002000100	0	116680003	900000000000011006	900000000000451002
116481002000128	20250509	1	11002000107	15761002000101	2321002000100	0	116680003	900000000000011006	900000000000451002
116491002000125	20250509	1	11002000107	15771002000106	11051002000104	0	116680003	900000000000011006	900000000000451002
116501002000120	20250509	1	11002000107	15781002000109	2361002000109	0	116680003	900000000000011006	900000000000451002
116511002000123	20250509	1	11002000107	15791002000107	2351002000107	0	116680003	900000000000011006	900000000000451002
116521002000128	20250509	1	11002000107	15801002000108	2291002000107	0	116680003	900000000000011006	900000000000451002
116531002000125	20250509	1	11002000107	15811002000106	2291002000107	0	116680003	900000000000011006	900000000000451002
116541002000122	20250509	1	11002000107	15821002000100	10991002000104	0	116680003	900000000000011006	900000000000451002
116551002000124	20250509	1	11002000107	15831002000102	11001002000103	0	116680003	900000000000011006	900000000000451002
116561002000121	20250509	1	11002000107	15841002000105	11051002000104	0	116680003	900000000000011006	900000000000451002
116571002000127	20250509	1	11002000107	15851002000107	14401002000106	0	116680003	900000000000011006	900000000000451002
116581002000129	20250509	1	11002000107	15861002000109	14391002000109	0	116680003	900000000000011006	900000000000451002
116591002000126	20250509	1	11002000107	15871002000104	13741002000104	0	116680003	900000000000011006	900000000000451002
116601002000121	20250509	1	11002000107	15881002000101	6851002000100	0	116680003	900000000000011006	900000000000451002
116611002000124	20250509	1	11002000107	15901002000104	17201002000103	0	116680003	900000000000011006	900000000000451002
116621002000129	20250509	1	11002000107	15921002000107	17221002000106	0	116680003	900000000000011006	900000000000451002
116631002000126	20250509	1	11002000107	15931002000105	2361002000109	0	116680003	900000000000011006	900000000000451002
116641002000123	20250509	1	11002000107	15941002000102	10201002000104	0	116680003	900000000000011006	900000000000451002
116651002000120	20250509	1	11002000107	15951002000100	11051002000104	0	116680003	900000000000011006	900000000000451002
116661002000122	20250509	1	11002000107	15971002000108	7641002000100	0	116680003	900000000000011006	900000000000451002
116671002000128	20250509	1	11002000107	15981002000106	2291002000107	0	116680003	900000000000011006	900000000000451002
116681002000125	20250509	1	11002000107	15991002000109	2321002000100	0	116680003	900000000000011006	900000000000451002
116691002000127	20250509	1	11002000107	16001002000105	2101002000105	0	116680003	900000000000011006	900000000000451002
116701002000127	20250509	1	11002000107	16011002000108	2611002000101	0	116680003	900000000000011006	900000000000451002
116711002000129	20250509	1	11002000107	16021002000102	2091002000101	0	116680003	900000000000011006	900000000000451002
116721002000124	20250509	1	11002000107	16031002000104	10271002000108	0	116680003	900000000000011006	900000000000451002
116731002000122	20250509	1	11002000107	16041002000107	14681002000101	0	116680003	900000000000011006	900000000000451002
116741002000125	20250509	1	11002000107	16051002000109	14201002000105	0	116680003	900000000000011006	900000000000451002
116751002000128	20250509	1	11002000107	16061002000106	14401002000106	0	116680003	900000000000011006	900000000000451002
116761002000126	20250509	1	11002000107	16071002000101	4661002000106	0	116680003	900000000000011006	900000000000451002
116771002000120	20250509	1	11002000107	16081002000103	17191002000101	0	116680003	900000000000011006	900000000000451002
116781002000123	20250509	1	11002000107	16091002000100	15971002000108	0	116680003	900000000000011006	900000000000451002
116791002000121	20250509	1	11002000107	16111002000107	17181002000104	0	116680003	900000000000011006	900000000000451002
116801002000122	20250509	1	11002000107	16121002000101	10991002000104	0	116680003	900000000000011006	900000000000451002
116811002000120	20250509	1	11002000107	16131002000103	11001002000103	0	116680003	900000000000011006	900000000000451002
116821002000125	20250509	1	11002000107	16141002000106	1901002000104	0	116680003	900000000000011006	900000000000451002
116831002000127	20250509	1	11002000107	16151002000108	2321002000100	0	116680003	900000000000011006	900000000000451002
116841002000124	20250509	1	11002000107	16161002000105	11131002000105	0	116680003	900000000000011006	900000000000451002
116851002000121	20250509	1	11002000107	16171002000100	11321002000109	0	116680003	900000000000011006	900000000000451002
116861002000123	20250509	1	11002000107	16181002000102	1661002000108	0	116680003	900000000000011006	900000000000451002
116871002000129	20250509	1	11002000107	16201002000101	17111002000109	0	116680003	900000000000011006	900000000000451002
116881002000126	20250509	1	11002000107	16221002000109	17121002000103	0	116680003	900000000000011006	900000000000451002
116891002000128	20250509	1	11002000107	16241002000104	17131002000100	0	116680003	900000000000011006	900000000000451002
116901002000129	20250509	1	11002000107	16251002000102	1661002000108	0	116680003	900000000000011006	900000000000451002
116911002000126	20250509	1	11002000107	16261002000100	17161002000107	0	116680003	900000000000011006	900000000000451002
116921002000121	20250509	1	11002000107	16281002000108	17171002000102	0	116680003	900000000000011006	900000000000451002
116931002000124	20250509	1	11002000107	16291002000106	1661002000108	0	116680003	900000000000011006	900000000000451002
116941002000127	20250509	1	11002000107	16311002000105	17231002000109	0	116680003	900000000000011006	900000000000451002
116951002000125	20250509	1	11002000107	16321002000104	12541002000101	0	116680003	900000000000011006	900000000000451002
116961002000128	20250509	1	11002000107	16321002000104	13661002000107	0	116680003	900000000000011006	900000000000451002
116971002000122	20250509	1	11002000107	16341002000109	15401002000105	0	116680003	900000000000011006	900000000000451002
116981002000120	20250509	1	11002000107	16351002000106	3891002000104	0	116680003	900000000000011006	900000000000451002
116991002000123	20250509	1	11002000107	16361002000108	17221002000106	0	116680003	900000000000011006	900000000000451002
117001002000128	20250509	1	11002000107	16371002000103	14551002000106	0	116680003	900000000000011006	900000000000451002
117011002000125	20250509	1	11002000107	16381002000100	8561002000101	0	116680003	900000000000011006	900000000000451002
117021002000120	20250509	1	11002000107	16391002000102	11321002000109	0	116680003	900000000000011006	900000000000451002
117031002000123	20250509	1	11002000107	16401002000100	14301002000104	0	116680003	900000000000011006	900000000000451002
117041002000126	20250509	1	11002000107	16411002000102	2291002000107	0	116680003	900000000000011006	900000000000451002
117051002000129	20250509	1	11002000107	16421002000108	9751002000102	0	116680003	900000000000011006	900000000000451002
117061002000127	20250509	1	11002000107	16431002000106	2291002000107	0	116680003	900000000000011006	900000000000451002
117071002000121	20250509	1	11002000107	16441002000103	2291002000107	0	116680003	900000000000011006	900000000000451002
117081002000124	20250509	1	11002000107	16451002000101	11321002000109	0	116680003	900000000000011006	900000000000451002
117091002000122	20250509	1	11002000107	16461002000104	11131002000105	0	116680003	900000000000011006	900000000000451002
117101002000129	20250509	1	11002000107	16471002000109	14401002000106	0	116680003	900000000000011006	900000000000451002
117111002000126	20250509	1	11002000107	16481002000107	14401002000106	0	116680003	900000000000011006	900000000000451002
117121002000121	20250509	1	11002000107	16491002000105	10991002000104	0	116680003	900000000000011006	900000000000451002
117131002000124	20250509	1	11002000107	16501002000104	3891002000104	0	116680003	900000000000011006	900000000000451002
117141002000127	20250509	1	11002000107	16511002000101	14591002000102	0	116680003	900000000000011006	900000000000451002
117151002000125	20250509	1	11002000107	16521002000107	14341002000102	0	116680003	900000000000011006	900000000000451002
117161002000128	20250509	1	11002000107	16531002000105	10991002000104	0	116680003	900000000000011006	900000000000451002
117171002000122	20250509	1	11002000107	16541002000102	11001002000103	0	116680003	900000000000011006	900000000000451002
117181002000120	20250509	1	11002000107	16551002000100	11051002000104	0	116680003	900000000000011006	900000000000451002
117191002000123	20250509	1	11002000107	16561002000103	10991002000104	0	116680003	900000000000011006	900000000000451002
117201002000121	20250509	1	11002000107	16571002000108	4661002000106	0	116680003	900000000000011006	900000000000451002
117211002000124	20250509	1	11002000107	16581002000106	14401002000106	0	116680003	900000000000011006	900000000000451002
117221002000129	20250509	1	11002000107	16591002000109	11421002000100	0	116680003	900000000000011006	900000000000451002
117231002000126	20250509	1	11002000107	16601002000103	2541002000103	0	116680003	900000000000011006	900000000000451002
117241002000123	20250509	1	11002000107	16611002000100	14291002000100	0	116680003	900000000000011006	900000000000451002
117251002000120	20250509	1	11002000107	16621002000106	13741002000104	0	116680003	900000000000011006	900000000000451002
117261002000122	20250509	1	11002000107	16631002000109	13691002000101	0	116680003	900000000000011006	900000000000451002
117271002000128	20250509	1	11002000107	16641002000101	10991002000104	0	116680003	900000000000011006	900000000000451002
117281002000125	20250509	1	11002000107	16651002000104	2701002000109	0	116680003	900000000000011006	900000000000451002
117291002000127	20250509	1	11002000107	16661002000102	2701002000109	0	116680003	900000000000011006	900000000000451002
117301002000126	20250509	1	11002000107	16671002000107	8541002000100	0	116680003	900000000000011006	900000000000451002
117311002000128	20250509	1	11002000107	16681002000105	787859002	0	116680003	900000000000011006	900000000000451002
117321002000123	20250509	1	11002000107	16691002000108	13861002000108	0	116680003	900000000000011006	900000000000451002
117331002000121	20250509	1	11002000107	16711002000106	9811002000105	0	116680003	900000000000011006	900000000000451002
117341002000129	20250509	1	11002000107	16721002000100	8561002000101	0	116680003	900000000000011006	900000000000451002
117351002000127	20250509	1	11002000107	16731002000102	2261002000101	0	116680003	900000000000011006	900000000000451002
117361002000125	20250509	1	11002000107	16741002000105	8541002000100	0	116680003	900000000000011006	900000000000451002
117371002000124	20250509	1	11002000107	16751002000107	7401002000104	0	116680003	900000000000011006	900000000000451002
117381002000122	20250509	1	11002000107	16771002000104	2081002000104	0	116680003	900000000000011006	900000000000451002
117391002000120	20250509	1	11002000107	16781002000101	2631002000105	0	116680003	900000000000011006	900000000000451002
117401002000122	20250509	1	11002000107	16791002000103	2711002000107	0	116680003	900000000000011006	900000000000451002
117411002000120	20250509	1	11002000107	16801002000102	9811002000105	0	116680003	900000000000011006	900000000000451002
117421002000125	20250509	1	11002000107	16811002000104	11201002000107	0	116680003	900000000000011006	900000000000451002
117431002000127	20250509	1	11002000107	16821002000105	2061002000107	0	116680003	900000000000011006	900000000000451002
117441002000124	20250509	1	11002000107	16831002000108	7261002000104	0	116680003	900000000000011006	900000000000451002
117451002000121	20250509	1	11002000107	16841002000100	13761002000100	0	116680003	900000000000011006	900000000000451002
117461002000123	20250509	1	11002000107	16851002000103	1911002000101	0	116680003	900000000000011006	900000000000451002
117471002000129	20250509	1	11002000107	16861002000101	7801002000101	0	116680003	900000000000011006	900000000000451002
117481002000126	20250509	1	11002000107	16871002000106	4611002000108	0	116680003	900000000000011006	900000000000451002
117491002000128	20250509	1	11002000107	16881002000109	2711002000107	0	116680003	900000000000011006	900000000000451002
117501002000123	20250509	1	11002000107	16891002000107	3891002000104	0	116680003	900000000000011006	900000000000451002
117511002000121	20250509	1	11002000107	16901002000106	2611002000101	0	116680003	900000000000011006	900000000000451002
117521002000126	20250509	1	11002000107	16911002000109	11131002000105	0	116680003	900000000000011006	900000000000451002
117531002000128	20250509	1	11002000107	16921002000103	1661002000108	0	116680003	900000000000011006	900000000000451002
117541002000120	20250509	1	11002000107	16931002000100	2541002000103	0	116680003	900000000000011006	900000000000451002
117551002000122	20250509	1	11002000107	16941002000108	11321002000109	0	116680003	900000000000011006	900000000000451002
117561002000124	20250509	1	11002000107	16951002000105	3891002000104	0	116680003	900000000000011006	900000000000451002
117571002000125	20250509	1	11002000107	16961002000107	10281002000106	0	116680003	900000000000011006	900000000000451002
117581002000127	20250509	1	11002000107	16971002000102	13841002000109	0	116680003	900000000000011006	900000000000451002
117591002000129	20250509	1	11002000107	16971002000102	14401002000106	0	116680003	900000000000011006	900000000000451002
117601002000124	20250509	1	11002000107	16971002000102	9401002000109	0	116680003	900000000000011006	900000000000451002
117611002000122	20250509	1	11002000107	16981002000104	14401002000106	0	116680003	900000000000011006	900000000000451002
117621002000127	20250509	1	11002000107	16991002000101	14201002000105	0	116680003	900000000000011006	900000000000451002
117631002000129	20250509	1	11002000107	17001002000107	13841002000109	0	116680003	900000000000011006	900000000000451002
117641002000121	20250509	1	11002000107	17011002000105	14021002000109	0	116680003	900000000000011006	900000000000451002
117651002000123	20250509	1	11002000107	17021002000104	4661002000106	0	116680003	900000000000011006	900000000000451002
117661002000120	20250509	1	11002000107	17031002000101	10991002000104	0	116680003	900000000000011006	900000000000451002
117671002000126	20250509	1	11002000107	17041002000109	15401002000105	0	116680003	900000000000011006	900000000000451002
117681002000128	20250509	1	11002000107	17051002000106	15401002000105	0	116680003	900000000000011006	900000000000451002
117691002000125	20250509	1	11002000107	17061002000108	15401002000105	0	116680003	900000000000011006	900000000000451002
117701002000125	20250509	1	11002000107	17071002000103	15401002000105	0	116680003	900000000000011006	900000000000451002
117711002000127	20250509	1	11002000107	17081002000100	15401002000105	0	116680003	900000000000011006	900000000000451002
117721002000122	20250509	1	11002000107	17091002000102	13871002000103	0	116680003	900000000000011006	900000000000451002
117731002000120	20250509	1	11002000107	17101002000106	787859002	0	116680003	900000000000011006	900000000000451002
117741002000128	20250509	1	11002000107	17111002000109	15401002000105	0	116680003	900000000000011006	900000000000451002
117751002000126	20250509	1	11002000107	17121002000103	15401002000105	0	116680003	900000000000011006	900000000000451002
117761002000129	20250509	1	11002000107	17131002000100	15401002000105	0	116680003	900000000000011006	900000000000451002
117771002000123	20250509	1	11002000107	17141002000108	15601002000107	0	116680003	900000000000011006	900000000000451002
117781002000121	20250509	1	11002000107	17151002000105	13091002000109	0	116680003	900000000000011006	900000000000451002
117791002000124	20250509	1	11002000107	17161002000107	15401002000105	0	116680003	900000000000011006	900000000000451002
117801002000120	20250509	1	11002000107	17171002000102	12611002000104	0	116680003	900000000000011006	900000000000451002
117811002000123	20250509	1	11002000107	17181002000104	9811002000105	0	116680003	900000000000011006	900000000000451002
117821002000128	20250509	1	11002000107	17191002000101	9721002000109	0	116680003	900000000000011006	900000000000451002
117831002000125	20250509	1	11002000107	17201002000103	2081002000104	0	116680003	900000000000011006	900000000000451002
117841002000122	20250509	1	11002000107	17211002000100	2671002000108	0	116680003	900000000000011006	900000000000451002
117851002000124	20250509	1	11002000107	17221002000106	13691002000101	0	116680003	900000000000011006	900000000000451002
117861002000121	20250509	1	11002000107	17231002000109	13961002000102	0	116680003	900000000000011006	900000000000451002
117871002000127	20250509	1	11002000107	17241002000101	787859002	0	116680003	900000000000011006	900000000000451002
130071002000125	20250509	1	11002000107	15821002000100	251002000107	1	41002000106	900000000000011006	900000000000451002
130081002000127	20250509	1	11002000107	15821002000100	318331000221102	0	766939001	900000000000011006	900000000000451002
130101002000122	20250509	1	11002000107	15831002000102	318331000221102	0	766939001	900000000000011006	900000000000451002
130121002000125	20250509	1	11002000107	15831002000102	1171002000105	1	41002000106	900000000000011006	900000000000451002
130131002000127	20250509	1	11002000107	15841002000105	901002000103	1	41002000106	900000000000011006	900000000000451002
130141002000124	20250509	1	11002000107	15841002000105	131002000106	1	41002000106	900000000000011006	900000000000451002
130151002000121	20250509	1	11002000107	15841002000105	318331000221102	0	766939001	900000000000011006	900000000000451002
130171002000129	20250509	1	11002000107	15851002000107	251002000107	1	41002000106	900000000000011006	900000000000451002
130181002000126	20250509	1	11002000107	15851002000107	1391002000108	1	41002000106	900000000000011006	900000000000451002
130191002000128	20250509	1	11002000107	15851002000107	131002000106	1	41002000106	900000000000011006	900000000000451002
130201002000125	20250509	1	11002000107	15851002000107	111002000102	1	41002000106	900000000000011006	900000000000451002
130221002000122	20250509	1	11002000107	15851002000107	51002000108	1	41002000106	900000000000011006	900000000000451002
130231002000120	20250509	1	11002000107	15851002000107	318331000221102	0	766939001	900000000000011006	900000000000451002
130241002000128	20250509	1	11002000107	15861002000109	4011002000100	1	41002000106	900000000000011006	900000000000451002
130251002000126	20250509	1	11002000107	15861002000109	318331000221102	0	766939001	900000000000011006	900000000000451002
130271002000123	20250509	1	11002000107	15871002000104	1271002000100	1	41002000106	900000000000011006	900000000000451002
130281002000121	20250509	1	11002000107	15871002000104	318331000221102	0	766939001	900000000000011006	900000000000451002
130301002000120	20250509	1	11002000107	15881002000101	391002000107	1	41002000106	900000000000011006	900000000000451002
130311002000123	20250509	1	11002000107	15881002000101	381002000109	1	41002000106	900000000000011006	900000000000451002
130321002000128	20250509	1	11002000107	15881002000101	318331000221102	0	766939001	900000000000011006	900000000000451002
130341002000122	20250509	1	11002000107	15901002000104	15891002000103	1	41002000106	900000000000011006	900000000000451002
130351002000124	20250509	1	11002000107	15901002000104	318331000221102	0	766939001	900000000000011006	900000000000451002
130371002000127	20250509	1	11002000107	15921002000107	318331000221102	0	766939001	900000000000011006	900000000000451002
130381002000129	20250509	1	11002000107	15921002000107	15911002000101	1	41002000106	900000000000011006	900000000000451002
130401002000129	20250509	1	11002000107	15931002000105	131002000106	1	41002000106	900000000000011006	900000000000451002
130411002000126	20250509	1	11002000107	15931002000105	111002000102	1	41002000106	900000000000011006	900000000000451002
130421002000121	20250509	1	11002000107	15931002000105	318331000221102	0	766939001	900000000000011006	900000000000451002
130441002000127	20250509	1	11002000107	15941002000102	1801002000108	1	41002000106	900000000000011006	900000000000451002
130451002000125	20250509	1	11002000107	15941002000102	318331000221102	0	766939001	900000000000011006	900000000000451002
130471002000122	20250509	1	11002000107	15951002000100	901002000103	1	41002000106	900000000000011006	900000000000451002
130481002000120	20250509	1	11002000107	15951002000100	131002000106	1	41002000106	900000000000011006	900000000000451002
130491002000123	20250509	1	11002000107	15951002000100	318331000221102	0	766939001	900000000000011006	900000000000451002
130511002000125	20250509	1	11002000107	15971002000108	2571002000109	1	41002000106	900000000000011006	900000000000451002
130531002000123	20250509	1	11002000107	15971002000108	7631002000108	1	41002000106	900000000000011006	900000000000451002
130541002000126	20250509	1	11002000107	15971002000108	7621002000105	1	41002000106	900000000000011006	900000000000451002
130551002000129	20250509	1	11002000107	15971002000108	7611002000104	1	41002000106	900000000000011006	900000000000451002
130561002000127	20250509	1	11002000107	15971002000108	318331000221102	0	766939001	900000000000011006	900000000000451002
130571002000121	20250509	1	11002000107	15971002000108	15961002000103	1	41002000106	900000000000011006	900000000000451002
130581002000124	20250509	1	11002000107	15981002000106	131002000106	1	41002000106	900000000000011006	900000000000451002
130591002000122	20250509	1	11002000107	15981002000106	318331000221102	0	766939001	900000000000011006	900000000000451002
130611002000129	20250509	1	11002000107	15991002000109	318331000221102	0	766939001	900000000000011006	900000000000451002
130631002000122	20250509	1	11002000107	15991002000109	1111002000103	1	41002000106	900000000000011006	900000000000451002
130641002000125	20250509	1	11002000107	16001002000105	391002000107	1	41002000106	900000000000011006	900000000000451002
130651002000128	20250509	1	11002000107	16001002000105	318331000221102	0	766939001	900000000000011006	900000000000451002
130671002000120	20250509	1	11002000107	16011002000108	318331000221102	0	766939001	900000000000011006	900000000000451002
130691002000121	20250509	1	11002000107	16011002000108	371002000106	1	41002000106	900000000000011006	900000000000451002
130701002000121	20250509	1	11002000107	16021002000102	381002000109	1	41002000106	900000000000011006	900000000000451002
130711002000124	20250509	1	11002000107	16021002000102	318331000221102	0	766939001	900000000000011006	900000000000451002
130731002000126	20250509	1	11002000107	16031002000104	191002000105	1	41002000106	900000000000011006	900000000000451002
130751002000120	20250509	1	11002000107	16031002000104	181002000107	1	41002000106	900000000000011006	900000000000451002
130761002000122	20250509	1	11002000107	16031002000104	211002000106	1	41002000106	900000000000011006	900000000000451002
130771002000128	20250509	1	11002000107	16031002000104	201002000108	1	41002000106	900000000000011006	900000000000451002
130781002000125	20250509	1	11002000107	16031002000104	318331000221102	0	766939001	900000000000011006	900000000000451002
130791002000127	20250509	1	11002000107	16031002000104	221002000100	1	41002000106	900000000000011006	900000000000451002
130801002000126	20250509	1	11002000107	16041002000107	251002000107	1	41002000106	900000000000011006	900000000000451002
130811002000128	20250509	1	11002000107	16041002000107	1391002000108	1	41002000106	900000000000011006	900000000000451002
130821002000123	20250509	1	11002000107	16041002000107	131002000106	1	41002000106	900000000000011006	900000000000451002
130831002000121	20250509	1	11002000107	16041002000107	111002000102	1	41002000106	900000000000011006	900000000000451002
130841002000129	20250509	1	11002000107	16041002000107	318331000221102	0	766939001	900000000000011006	900000000000451002
130861002000125	20250509	1	11002000107	16051002000109	1391002000108	1	41002000106	900000000000011006	900000000000451002
130871002000124	20250509	1	11002000107	16051002000109	131002000106	1	41002000106	900000000000011006	900000000000451002
130881002000122	20250509	1	11002000107	16051002000109	111002000102	1	41002000106	900000000000011006	900000000000451002
130891002000120	20250509	1	11002000107	16051002000109	318331000221102	0	766939001	900000000000011006	900000000000451002
130911002000122	20250509	1	11002000107	16051002000109	51002000108	1	41002000106	900000000000011006	900000000000451002
130921002000127	20250509	1	11002000107	16061002000106	251002000107	1	41002000106	900000000000011006	900000000000451002
130931002000129	20250509	1	11002000107	16061002000106	1391002000108	1	41002000106	900000000000011006	900000000000451002
130941002000121	20250509	1	11002000107	16061002000106	131002000106	1	41002000106	900000000000011006	900000000000451002
130951002000123	20250509	1	11002000107	16061002000106	111002000102	1	41002000106	900000000000011006	900000000000451002
130971002000126	20250509	1	11002000107	16061002000106	51002000108	1	41002000106	900000000000011006	900000000000451002
130981002000128	20250509	1	11002000107	16061002000106	318331000221102	0	766939001	900000000000011006	900000000000451002
130991002000125	20250509	1	11002000107	16071002000101	318331000221102	0	766939001	900000000000011006	900000000000451002
131011002000126	20250509	1	11002000107	16071002000101	51002000108	1	41002000106	900000000000011006	900000000000451002
131021002000121	20250509	1	11002000107	16081002000103	1611002000105	1	41002000106	900000000000011006	900000000000451002
131031002000124	20250509	1	11002000107	16081002000103	2171002000101	1	41002000106	900000000000011006	900000000000451002
131041002000127	20250509	1	11002000107	16081002000103	1621002000104	1	41002000106	900000000000011006	900000000000451002
131061002000128	20250509	1	11002000107	16081002000103	2161002000106	1	41002000106	900000000000011006	900000000000451002
131071002000122	20250509	1	11002000107	16081002000103	1631002000101	1	41002000106	900000000000011006	900000000000451002
131081002000120	20250509	1	11002000107	16081002000103	771002000105	1	41002000106	900000000000011006	900000000000451002
131091002000123	20250509	1	11002000107	16081002000103	831002000101	1	41002000106	900000000000011006	900000000000451002
131101002000125	20250509	1	11002000107	16081002000103	318331000221102	0	766939001	900000000000011006	900000000000451002
131111002000127	20250509	1	11002000107	16081002000103	821002000104	1	41002000106	900000000000011006	900000000000451002
131121002000122	20250509	1	11002000107	16081002000103	781002000108	1	41002000106	900000000000011006	900000000000451002
131131002000120	20250509	1	11002000107	16081002000103	811002000105	1	41002000106	900000000000011006	900000000000451002
131141002000128	20250509	1	11002000107	16091002000100	2571002000109	1	41002000106	900000000000011006	900000000000451002
131161002000129	20250509	1	11002000107	16091002000100	7631002000108	1	41002000106	900000000000011006	900000000000451002
131171002000123	20250509	1	11002000107	16091002000100	7621002000105	1	41002000106	900000000000011006	900000000000451002
131181002000121	20250509	1	11002000107	16091002000100	7611002000104	1	41002000106	900000000000011006	900000000000451002
131191002000124	20250509	1	11002000107	16091002000100	318331000221102	0	766939001	900000000000011006	900000000000451002
131201002000122	20250509	1	11002000107	16091002000100	15961002000103	1	41002000106	900000000000011006	900000000000451002
131211002000120	20250509	1	11002000107	16111002000107	318331000221102	0	766939001	900000000000011006	900000000000451002
131231002000127	20250509	1	11002000107	16111002000107	16101002000109	1	41002000106	900000000000011006	900000000000451002
131241002000124	20250509	1	11002000107	16121002000101	251002000107	1	41002000106	900000000000011006	900000000000451002
131251002000121	20250509	1	11002000107	16121002000101	318331000221102	0	766939001	900000000000011006	900000000000451002
131271002000129	20250509	1	11002000107	16131002000103	318331000221102	0	766939001	900000000000011006	900000000000451002
131291002000128	20250509	1	11002000107	16131002000103	1171002000105	1	41002000106	900000000000011006	900000000000451002
131301002000127	20250509	1	11002000107	16141002000106	318331000221102	0	766939001	900000000000011006	900000000000451002
131321002000124	20250509	1	11002000107	16141002000106	1891002000103	1	41002000106	900000000000011006	900000000000451002
131331002000122	20250509	1	11002000107	16151002000108	318331000221102	0	766939001	900000000000011006	900000000000451002
131351002000128	20250509	1	11002000107	16151002000108	1111002000103	1	41002000106	900000000000011006	900000000000451002
131361002000126	20250509	1	11002000107	16161002000105	318331000221102	0	766939001	900000000000011006	900000000000451002
131381002000123	20250509	1	11002000107	16161002000105	71002000100	1	41002000106	900000000000011006	900000000000451002
131391002000121	20250509	1	11002000107	16171002000100	318331000221102	0	766939001	900000000000011006	900000000000451002
131411002000121	20250509	1	11002000107	16171002000100	6471002000106	1	41002000106	900000000000011006	900000000000451002
131421002000126	20250509	1	11002000107	16181002000102	1651002000106	1	41002000106	900000000000011006	900000000000451002
131431002000128	20250509	1	11002000107	16181002000102	318331000221102	0	766939001	900000000000011006	900000000000451002
131451002000122	20250509	1	11002000107	16201002000101	16191002000104	1	41002000106	900000000000011006	900000000000451002
131461002000124	20250509	1	11002000107	16201002000101	318331000221102	0	766939001	900000000000011006	900000000000451002
131481002000127	20250509	1	11002000107	16221002000109	16211002000103	1	41002000106	900000000000011006	900000000000451002
131491002000129	20250509	1	11002000107	16221002000109	318331000221102	0	766939001	900000000000011006	900000000000451002
131511002000122	20250509	1	11002000107	16241002000104	318331000221102	0	766939001	900000000000011006	900000000000451002
131531002000129	20250509	1	11002000107	16241002000104	16231002000107	1	41002000106	900000000000011006	900000000000451002
131541002000121	20250509	1	11002000107	16251002000102	1651002000106	1	41002000106	900000000000011006	900000000000451002
131551002000123	20250509	1	11002000107	16251002000102	318331000221102	0	766939001	900000000000011006	900000000000451002
131571002000126	20250509	1	11002000107	16261002000100	13641002000108	1	41002000106	900000000000011006	900000000000451002
131581002000128	20250509	1	11002000107	16261002000100	318331000221102	0	766939001	900000000000011006	900000000000451002
131601002000120	20250509	1	11002000107	16281002000108	318331000221102	0	766939001	900000000000011006	900000000000451002
131621002000128	20250509	1	11002000107	16281002000108	16271002000105	1	41002000106	900000000000011006	900000000000451002
131631002000125	20250509	1	11002000107	16291002000106	1651002000106	1	41002000106	900000000000011006	900000000000451002
131641002000122	20250509	1	11002000107	16291002000106	318331000221102	0	766939001	900000000000011006	900000000000451002
131661002000121	20250509	1	11002000107	16311002000105	16301002000107	1	41002000106	900000000000011006	900000000000451002
131671002000127	20250509	1	11002000107	16311002000105	318331000221102	0	766939001	900000000000011006	900000000000451002
131691002000126	20250509	1	11002000107	16321002000104	318331000221102	0	766939001	900000000000011006	900000000000451002
131711002000128	20250509	1	11002000107	16321002000104	12191002000103	1	41002000106	900000000000011006	900000000000451002
131721002000123	20250509	1	11002000107	16321002000104	12201002000100	1	41002000106	900000000000011006	900000000000451002
131731002000121	20250509	1	11002000107	16341002000109	318331000221102	0	766939001	900000000000011006	900000000000451002
131751002000127	20250509	1	11002000107	16341002000109	16331002000101	1	41002000106	900000000000011006	900000000000451002
131761002000125	20250509	1	11002000107	16351002000106	121002000108	1	41002000106	900000000000011006	900000000000451002
131771002000124	20250509	1	11002000107	16351002000106	318331000221102	0	766939001	900000000000011006	900000000000451002
131791002000120	20250509	1	11002000107	16361002000108	318331000221102	0	766939001	900000000000011006	900000000000451002
131801002000121	20250509	1	11002000107	16361002000108	15911002000101	1	41002000106	900000000000011006	900000000000451002
131821002000129	20250509	1	11002000107	16371002000103	1481002000103	1	41002000106	900000000000011006	900000000000451002
131831002000126	20250509	1	11002000107	16371002000103	318331000221102	0	766939001	900000000000011006	900000000000451002
131851002000120	20250509	1	11002000107	16381002000100	1071002000109	1	41002000106	900000000000011006	900000000000451002
131861002000122	20250509	1	11002000107	16381002000100	318331000221102	0	766939001	900000000000011006	900000000000451002
131881002000125	20250509	1	11002000107	16391002000102	318331000221102	0	766939001	900000000000011006	900000000000451002
131901002000128	20250509	1	11002000107	16391002000102	6471002000106	1	41002000106	900000000000011006	900000000000451002
131911002000125	20250509	1	11002000107	16401002000100	318331000221102	0	766939001	900000000000011006	900000000000451002
131921002000120	20250509	1	11002000107	16401002000100	3541002000109	1	41002000106	900000000000011006	900000000000451002
131941002000126	20250509	1	11002000107	16411002000102	131002000106	1	41002000106	900000000000011006	900000000000451002
131951002000129	20250509	1	11002000107	16411002000102	318331000221102	0	766939001	900000000000011006	900000000000451002
131971002000121	20250509	1	11002000107	16421002000108	1771002000106	1	41002000106	900000000000011006	900000000000451002
131981002000124	20250509	1	11002000107	16421002000108	318331000221102	0	766939001	900000000000011006	900000000000451002
132001002000124	20250509	1	11002000107	16431002000106	131002000106	1	41002000106	900000000000011006	900000000000451002
132011002000122	20250509	1	11002000107	16431002000106	318331000221102	0	766939001	900000000000011006	900000000000451002
132031002000129	20250509	1	11002000107	16441002000103	131002000106	1	41002000106	900000000000011006	900000000000451002
132041002000121	20250509	1	11002000107	16441002000103	318331000221102	0	766939001	900000000000011006	900000000000451002
132061002000120	20250509	1	11002000107	16451002000101	318331000221102	0	766939001	900000000000011006	900000000000451002
132081002000128	20250509	1	11002000107	16451002000101	6471002000106	1	41002000106	900000000000011006	900000000000451002
132091002000125	20250509	1	11002000107	16461002000104	318331000221102	0	766939001	900000000000011006	900000000000451002
132111002000121	20250509	1	11002000107	16461002000104	71002000100	1	41002000106	900000000000011006	900000000000451002
132121002000126	20250509	1	11002000107	16471002000109	251002000107	1	41002000106	900000000000011006	900000000000451002
132131002000128	20250509	1	11002000107	16471002000109	1391002000108	1	41002000106	900000000000011006	900000000000451002
132141002000120	20250509	1	11002000107	16471002000109	131002000106	1	41002000106	900000000000011006	900000000000451002
132151002000122	20250509	1	11002000107	16471002000109	111002000102	1	41002000106	900000000000011006	900000000000451002
132171002000125	20250509	1	11002000107	16471002000109	51002000108	1	41002000106	900000000000011006	900000000000451002
132181002000127	20250509	1	11002000107	16471002000109	318331000221102	0	766939001	900000000000011006	900000000000451002
132191002000129	20250509	1	11002000107	16481002000107	251002000107	1	41002000106	900000000000011006	900000000000451002
132201002000126	20250509	1	11002000107	16481002000107	1391002000108	1	41002000106	900000000000011006	900000000000451002
132211002000128	20250509	1	11002000107	16481002000107	131002000106	1	41002000106	900000000000011006	900000000000451002
132221002000123	20250509	1	11002000107	16481002000107	111002000102	1	41002000106	900000000000011006	900000000000451002
132241002000129	20250509	1	11002000107	16481002000107	51002000108	1	41002000106	900000000000011006	900000000000451002
132251002000127	20250509	1	11002000107	16481002000107	318331000221102	0	766939001	900000000000011006	900000000000451002
132261002000125	20250509	1	11002000107	16491002000105	251002000107	1	41002000106	900000000000011006	900000000000451002
132271002000124	20250509	1	11002000107	16491002000105	318331000221102	0	766939001	900000000000011006	900000000000451002
132291002000120	20250509	1	11002000107	16501002000104	121002000108	1	41002000106	900000000000011006	900000000000451002
132301002000121	20250509	1	11002000107	16501002000104	318331000221102	0	766939001	900000000000011006	900000000000451002
132321002000129	20250509	1	11002000107	16511002000101	318331000221102	0	766939001	900000000000011006	900000000000451002
132341002000123	20250509	1	11002000107	16511002000101	6921002000100	1	41002000106	900000000000011006	900000000000451002
132351002000120	20250509	1	11002000107	16521002000107	318331000221102	0	766939001	900000000000011006	900000000000451002
132371002000128	20250509	1	11002000107	16521002000107	11141002000102	1	41002000106	900000000000011006	900000000000451002
132381002000125	20250509	1	11002000107	16531002000105	251002000107	1	41002000106	900000000000011006	900000000000451002
132391002000127	20250509	1	11002000107	16531002000105	318331000221102	0	766939001	900000000000011006	900000000000451002
132411002000127	20250509	1	11002000107	16541002000102	318331000221102	0	766939001	900000000000011006	900000000000451002
132431002000120	20250509	1	11002000107	16541002000102	1171002000105	1	41002000106	900000000000011006	900000000000451002
132441002000128	20250509	1	11002000107	16551002000100	901002000103	1	41002000106	900000000000011006	900000000000451002
132451002000126	20250509	1	11002000107	16551002000100	131002000106	1	41002000106	900000000000011006	900000000000451002
132461002000129	20250509	1	11002000107	16551002000100	318331000221102	0	766939001	900000000000011006	900000000000451002
132481002000121	20250509	1	11002000107	16561002000103	251002000107	1	41002000106	900000000000011006	900000000000451002
132491002000124	20250509	1	11002000107	16561002000103	318331000221102	0	766939001	900000000000011006	900000000000451002
132511002000126	20250509	1	11002000107	16571002000108	318331000221102	0	766939001	900000000000011006	900000000000451002
132531002000124	20250509	1	11002000107	16571002000108	51002000108	1	41002000106	900000000000011006	900000000000451002
132541002000127	20250509	1	11002000107	16581002000106	251002000107	1	41002000106	900000000000011006	900000000000451002
132551002000125	20250509	1	11002000107	16581002000106	1391002000108	1	41002000106	900000000000011006	900000000000451002
132561002000128	20250509	1	11002000107	16581002000106	131002000106	1	41002000106	900000000000011006	900000000000451002
132571002000122	20250509	1	11002000107	16581002000106	111002000102	1	41002000106	900000000000011006	900000000000451002
132591002000123	20250509	1	11002000107	16581002000106	51002000108	1	41002000106	900000000000011006	900000000000451002
132601002000128	20250509	1	11002000107	16581002000106	318331000221102	0	766939001	900000000000011006	900000000000451002
132611002000125	20250509	1	11002000107	16591002000109	5001002000102	1	41002000106	900000000000011006	900000000000451002
132621002000120	20250509	1	11002000107	16591002000109	318331000221102	0	766939001	900000000000011006	900000000000451002
132641002000126	20250509	1	11002000107	16601002000103	318331000221102	0	766939001	900000000000011006	900000000000451002
132661002000127	20250509	1	11002000107	16601002000103	1971002000108	1	41002000106	900000000000011006	900000000000451002
132671002000121	20250509	1	11002000107	16611002000100	318331000221102	0	766939001	900000000000011006	900000000000451002
132691002000122	20250509	1	11002000107	16611002000100	7731002000101	1	41002000106	900000000000011006	900000000000451002
132701002000122	20250509	1	11002000107	16621002000106	1271002000100	1	41002000106	900000000000011006	900000000000451002
132711002000120	20250509	1	11002000107	16621002000106	318331000221102	0	766939001	900000000000011006	900000000000451002
132731002000127	20250509	1	11002000107	16631002000109	318331000221102	0	766939001	900000000000011006	900000000000451002
132741002000124	20250509	1	11002000107	16631002000109	1501002000106	1	41002000106	900000000000011006	900000000000451002
132761002000123	20250509	1	11002000107	16641002000101	251002000107	1	41002000106	900000000000011006	900000000000451002
132771002000129	20250509	1	11002000107	16641002000101	318331000221102	0	766939001	900000000000011006	900000000000451002
132791002000128	20250509	1	11002000107	16651002000104	2691002000109	1	41002000106	900000000000011006	900000000000451002
132801002000127	20250509	1	11002000107	16651002000104	318331000221102	0	766939001	900000000000011006	900000000000451002
132821002000124	20250509	1	11002000107	16661002000102	2691002000109	1	41002000106	900000000000011006	900000000000451002
132831002000122	20250509	1	11002000107	16661002000102	318331000221102	0	766939001	900000000000011006	900000000000451002
132851002000128	20250509	1	11002000107	16671002000107	8531002000108	1	41002000106	900000000000011006	900000000000451002
132861002000126	20250509	1	11002000107	16671002000107	318331000221102	0	766939001	900000000000011006	900000000000451002
132881002000123	20250509	1	11002000107	16681002000105	6291002000108	1	41002000106	900000000000011006	900000000000451002
132891002000121	20250509	1	11002000107	16681002000105	318331000221102	0	766939001	900000000000011006	900000000000451002
132911002000123	20250509	1	11002000107	16691002000108	7911002000108	1	41002000106	900000000000011006	900000000000451002
132921002000128	20250509	1	11002000107	16691002000108	318331000221102	0	766939001	900000000000011006	900000000000451002
132941002000122	20250509	1	11002000107	16711002000106	16701002000108	1	41002000106	900000000000011006	900000000000451002
132951002000124	20250509	1	11002000107	16711002000106	318331000221102	0	766939001	900000000000011006	900000000000451002
132971002000127	20250509	1	11002000107	16721002000100	1071002000109	1	41002000106	900000000000011006	900000000000451002
132981002000129	20250509	1	11002000107	16721002000100	318331000221102	0	766939001	900000000000011006	900000000000451002
133001002000125	20250509	1	11002000107	16731002000102	391002000107	1	41002000106	900000000000011006	900000000000451002
133011002000127	20250509	1	11002000107	16731002000102	381002000109	1	41002000106	900000000000011006	900000000000451002
133021002000122	20250509	1	11002000107	16731002000102	318331000221102	0	766939001	900000000000011006	900000000000451002
133041002000128	20250509	1	11002000107	16731002000102	371002000106	1	41002000106	900000000000011006	900000000000451002
133051002000126	20250509	1	11002000107	16741002000105	8531002000108	1	41002000106	900000000000011006	900000000000451002
133061002000129	20250509	1	11002000107	16741002000105	318331000221102	0	766939001	900000000000011006	900000000000451002
133081002000121	20250509	1	11002000107	16751002000107	391002000107	1	41002000106	900000000000011006	900000000000451002
133091002000124	20250509	1	11002000107	16751002000107	318331000221102	0	766939001	900000000000011006	900000000000451002
133111002000128	20250509	1	11002000107	16751002000107	371002000106	1	41002000106	900000000000011006	900000000000451002
133121002000123	20250509	1	11002000107	16771002000104	16761002000109	1	41002000106	900000000000011006	900000000000451002
133131002000121	20250509	1	11002000107	16771002000104	318331000221102	0	766939001	900000000000011006	900000000000451002
133151002000127	20250509	1	11002000107	16781002000101	6661002000104	1	41002000106	900000000000011006	900000000000451002
133161002000125	20250509	1	11002000107	16781002000101	318331000221102	0	766939001	900000000000011006	900000000000451002
133181002000122	20250509	1	11002000107	16791002000103	1351002000104	1	41002000106	900000000000011006	900000000000451002
133191002000120	20250509	1	11002000107	16791002000103	318331000221102	0	766939001	900000000000011006	900000000000451002
133211002000121	20250509	1	11002000107	16801002000102	16701002000108	1	41002000106	900000000000011006	900000000000451002
133221002000126	20250509	1	11002000107	16801002000102	318331000221102	0	766939001	900000000000011006	900000000000451002
133241002000120	20250509	1	11002000107	16811002000104	11191002000109	1	41002000106	900000000000011006	900000000000451002
133251002000122	20250509	1	11002000107	16811002000104	318331000221102	0	766939001	900000000000011006	900000000000451002
133271002000125	20250509	1	11002000107	16821002000105	991002000108	1	41002000106	900000000000011006	900000000000451002
133281002000127	20250509	1	11002000107	16821002000105	318331000221102	0	766939001	900000000000011006	900000000000451002
133301002000128	20250509	1	11002000107	16831002000108	1811002000106	1	41002000106	900000000000011006	900000000000451002
133311002000125	20250509	1	11002000107	16831002000108	1821002000100	1	41002000106	900000000000011006	900000000000451002
133321002000120	20250509	1	11002000107	16831002000108	318331000221102	0	766939001	900000000000011006	900000000000451002
133341002000126	20250509	1	11002000107	16841002000100	318331000221102	0	766939001	900000000000011006	900000000000451002
133361002000127	20250509	1	11002000107	16841002000100	13211002000106	1	41002000106	900000000000011006	900000000000451002
133371002000121	20250509	1	11002000107	16851002000103	318331000221102	0	766939001	900000000000011006	900000000000451002
133381002000124	20250509	1	11002000107	16851002000103	1081002000107	1	41002000106	900000000000011006	900000000000451002
133401002000124	20250509	1	11002000107	16861002000101	318331000221102	0	766939001	900000000000011006	900000000000451002
133421002000127	20250509	1	11002000107	16861002000101	1301002000103	1	41002000106	900000000000011006	900000000000451002
133431002000129	20250509	1	11002000107	16861002000101	1171002000105	1	41002000106	900000000000011006	900000000000451002
133441002000121	20250509	1	11002000107	16871002000106	751002000102	1	41002000106	900000000000011006	900000000000451002
133451002000123	20250509	1	11002000107	16871002000106	561002000106	1	41002000106	900000000000011006	900000000000451002
133461002000120	20250509	1	11002000107	16871002000106	641002000108	1	41002000106	900000000000011006	900000000000451002
133471002000126	20250509	1	11002000107	16871002000106	591002000100	1	41002000106	900000000000011006	900000000000451002
133481002000128	20250509	1	11002000107	16871002000106	601002000106	1	41002000106	900000000000011006	900000000000451002
133491002000125	20250509	1	11002000107	16871002000106	671002000102	1	41002000106	900000000000011006	900000000000451002
133501002000120	20250509	1	11002000107	16871002000106	711002000103	1	41002000106	900000000000011006	900000000000451002
133511002000123	20250509	1	11002000107	16871002000106	551002000109	1	41002000106	900000000000011006	900000000000451002
133521002000128	20250509	1	11002000107	16871002000106	611002000109	1	41002000106	900000000000011006	900000000000451002
133531002000125	20250509	1	11002000107	16871002000106	681002000104	1	41002000106	900000000000011006	900000000000451002
133541002000122	20250509	1	11002000107	16871002000106	741002000104	1	41002000106	900000000000011006	900000000000451002
133551002000124	20250509	1	11002000107	16871002000106	621002000103	1	41002000106	900000000000011006	900000000000451002
133561002000121	20250509	1	11002000107	16871002000106	691002000101	1	41002000106	900000000000011006	900000000000451002
133571002000127	20250509	1	11002000107	16871002000106	581002000103	1	41002000106	900000000000011006	900000000000451002
133581002000129	20250509	1	11002000107	16871002000106	701002000101	1	41002000106	900000000000011006	900000000000451002
133591002000126	20250509	1	11002000107	16871002000106	651002000105	1	41002000106	900000000000011006	900000000000451002
133601002000121	20250509	1	11002000107	16871002000106	731002000107	1	41002000106	900000000000011006	900000000000451002
133611002000124	20250509	1	11002000107	16871002000106	541002000107	1	41002000106	900000000000011006	900000000000451002
133631002000126	20250509	1	11002000107	16871002000106	571002000101	1	41002000106	900000000000011006	900000000000451002
133641002000123	20250509	1	11002000107	16871002000106	721002000109	1	41002000106	900000000000011006	900000000000451002
133651002000120	20250509	1	11002000107	16871002000106	531002000104	1	41002000106	900000000000011006	900000000000451002
133661002000122	20250509	1	11002000107	16871002000106	318331000221102	0	766939001	900000000000011006	900000000000451002
133671002000128	20250509	1	11002000107	16871002000106	631002000100	1	41002000106	900000000000011006	900000000000451002
133681002000125	20250509	1	11002000107	16871002000106	661002000107	1	41002000106	900000000000011006	900000000000451002
133691002000127	20250509	1	11002000107	16881002000109	1351002000104	1	41002000106	900000000000011006	900000000000451002
133701002000127	20250509	1	11002000107	16881002000109	318331000221102	0	766939001	900000000000011006	900000000000451002
133721002000124	20250509	1	11002000107	16891002000107	121002000108	1	41002000106	900000000000011006	900000000000451002
133731002000122	20250509	1	11002000107	16891002000107	318331000221102	0	766939001	900000000000011006	900000000000451002
133751002000128	20250509	1	11002000107	16901002000106	318331000221102	0	766939001	900000000000011006	900000000000451002
133771002000120	20250509	1	11002000107	16901002000106	371002000106	1	41002000106	900000000000011006	900000000000451002
133781002000123	20250509	1	11002000107	16911002000109	318331000221102	0	766939001	900000000000011006	900000000000451002
133801002000122	20250509	1	11002000107	16911002000109	71002000100	1	41002000106	900000000000011006	900000000000451002
133811002000120	20250509	1	11002000107	16921002000103	1651002000106	1	41002000106	900000000000011006	900000000000451002
133821002000125	20250509	1	11002000107	16921002000103	318331000221102	0	766939001	900000000000011006	900000000000451002
133841002000124	20250509	1	11002000107	16931002000100	318331000221102	0	766939001	900000000000011006	900000000000451002
133861002000123	20250509	1	11002000107	16931002000100	1971002000108	1	41002000106	900000000000011006	900000000000451002
133871002000129	20250509	1	11002000107	16941002000108	318331000221102	0	766939001	900000000000011006	900000000000451002
133891002000128	20250509	1	11002000107	16941002000108	6471002000106	1	41002000106	900000000000011006	900000000000451002
133901002000129	20250509	1	11002000107	16951002000105	121002000108	1	41002000106	900000000000011006	900000000000451002
133911002000126	20250509	1	11002000107	16951002000105	318331000221102	0	766939001	900000000000011006	900000000000451002
133931002000124	20250509	1	11002000107	16961002000107	191002000105	1	41002000106	900000000000011006	900000000000451002
133941002000127	20250509	1	11002000107	16961002000107	6541002000104	1	41002000106	900000000000011006	900000000000451002
133961002000128	20250509	1	11002000107	16961002000107	181002000107	1	41002000106	900000000000011006	900000000000451002
133971002000122	20250509	1	11002000107	16961002000107	6581002000108	1	41002000106	900000000000011006	900000000000451002
133981002000120	20250509	1	11002000107	16961002000107	6591002000106	1	41002000106	900000000000011006	900000000000451002
133991002000123	20250509	1	11002000107	16961002000107	201002000108	1	41002000106	900000000000011006	900000000000451002
134001002000127	20250509	1	11002000107	16961002000107	6571002000105	1	41002000106	900000000000011006	900000000000451002
134011002000129	20250509	1	11002000107	16961002000107	318331000221102	0	766939001	900000000000011006	900000000000451002
134021002000124	20250509	1	11002000107	16961002000107	221002000100	1	41002000106	900000000000011006	900000000000451002
134031002000122	20250509	1	11002000107	16961002000107	6551002000102	1	41002000106	900000000000011006	900000000000451002
134041002000125	20250509	1	11002000107	16961002000107	6561002000100	1	41002000106	900000000000011006	900000000000451002
134051002000128	20250509	1	11002000107	16971002000102	121002000108	1	41002000106	900000000000011006	900000000000451002
134061002000126	20250509	1	11002000107	16971002000102	251002000107	1	41002000106	900000000000011006	900000000000451002
134071002000120	20250509	1	11002000107	16971002000102	1391002000108	1	41002000106	900000000000011006	900000000000451002
134081002000123	20250509	1	11002000107	16971002000102	131002000106	1	41002000106	900000000000011006	900000000000451002
134091002000121	20250509	1	11002000107	16971002000102	111002000102	1	41002000106	900000000000011006	900000000000451002
134111002000125	20250509	1	11002000107	16971002000102	51002000108	1	41002000106	900000000000011006	900000000000451002
134121002000120	20250509	1	11002000107	16971002000102	318331000221102	0	766939001	900000000000011006	900000000000451002
134131002000123	20250509	1	11002000107	16981002000104	251002000107	1	41002000106	900000000000011006	900000000000451002
134141002000126	20250509	1	11002000107	16981002000104	1391002000108	1	41002000106	900000000000011006	900000000000451002
134151002000129	20250509	1	11002000107	16981002000104	131002000106	1	41002000106	900000000000011006	900000000000451002
134161002000127	20250509	1	11002000107	16981002000104	111002000102	1	41002000106	900000000000011006	900000000000451002
134181002000124	20250509	1	11002000107	16981002000104	51002000108	1	41002000106	900000000000011006	900000000000451002
134191002000122	20250509	1	11002000107	16981002000104	318331000221102	0	766939001	900000000000011006	900000000000451002
134201002000120	20250509	1	11002000107	16991002000101	1391002000108	1	41002000106	900000000000011006	900000000000451002
134211002000123	20250509	1	11002000107	16991002000101	131002000106	1	41002000106	900000000000011006	900000000000451002
134221002000128	20250509	1	11002000107	16991002000101	111002000102	1	41002000106	900000000000011006	900000000000451002
134231002000125	20250509	1	11002000107	16991002000101	318331000221102	0	766939001	900000000000011006	900000000000451002
134251002000124	20250509	1	11002000107	16991002000101	51002000108	1	41002000106	900000000000011006	900000000000451002
134261002000121	20250509	1	11002000107	17001002000107	121002000108	1	41002000106	900000000000011006	900000000000451002
134271002000127	20250509	1	11002000107	17001002000107	1391002000108	1	41002000106	900000000000011006	900000000000451002
134281002000129	20250509	1	11002000107	17001002000107	131002000106	1	41002000106	900000000000011006	900000000000451002
134291002000126	20250509	1	11002000107	17001002000107	111002000102	1	41002000106	900000000000011006	900000000000451002
134311002000127	20250509	1	11002000107	17001002000107	51002000108	1	41002000106	900000000000011006	900000000000451002
134321002000122	20250509	1	11002000107	17001002000107	318331000221102	0	766939001	900000000000011006	900000000000451002
134331002000120	20250509	1	11002000107	17011002000105	318331000221102	0	766939001	900000000000011006	900000000000451002
134351002000126	20250509	1	11002000107	17011002000105	8041002000105	1	41002000106	900000000000011006	900000000000451002
134361002000129	20250509	1	11002000107	17021002000104	318331000221102	0	766939001	900000000000011006	900000000000451002
134381002000121	20250509	1	11002000107	17021002000104	51002000108	1	41002000106	900000000000011006	900000000000451002
134391002000124	20250509	1	11002000107	17031002000101	251002000107	1	41002000106	900000000000011006	900000000000451002
134401002000121	20250509	1	11002000107	17031002000101	318331000221102	0	766939001	900000000000011006	900000000000451002
134421002000129	20250509	1	11002000107	17041002000109	15471002000101	1	41002000106	900000000000011006	900000000000451002
134431002000126	20250509	1	11002000107	17041002000109	318331000221102	0	766939001	900000000000011006	900000000000451002
134451002000120	20250509	1	11002000107	17051002000106	318331000221102	0	766939001	900000000000011006	900000000000451002
134471002000128	20250509	1	11002000107	17051002000106	15491002000100	1	41002000106	900000000000011006	900000000000451002
134481002000125	20250509	1	11002000107	17061002000108	15291002000104	1	41002000106	900000000000011006	900000000000451002
134491002000127	20250509	1	11002000107	17061002000108	318331000221102	0	766939001	900000000000011006	900000000000451002
134511002000120	20250509	1	11002000107	17071002000103	318331000221102	0	766939001	900000000000011006	900000000000451002
134531002000127	20250509	1	11002000107	17071002000103	15311002000100	1	41002000106	900000000000011006	900000000000451002
134541002000124	20250509	1	11002000107	17081002000100	318331000221102	0	766939001	900000000000011006	900000000000451002
134551002000121	20250509	1	11002000107	17081002000100	15331002000109	1	41002000106	900000000000011006	900000000000451002
134571002000129	20250509	1	11002000107	17091002000102	15351002000104	1	41002000106	900000000000011006	900000000000451002
134581002000126	20250509	1	11002000107	17091002000102	318331000221102	0	766939001	900000000000011006	900000000000451002
134601002000123	20250509	1	11002000107	17101002000106	318331000221102	0	766939001	900000000000011006	900000000000451002
134621002000126	20250509	1	11002000107	17101002000106	15531002000100	1	41002000106	900000000000011006	900000000000451002
134631002000128	20250509	1	11002000107	17111002000109	16191002000104	1	41002000106	900000000000011006	900000000000451002
134641002000120	20250509	1	11002000107	17111002000109	318331000221102	0	766939001	900000000000011006	900000000000451002
134661002000124	20250509	1	11002000107	17121002000103	16211002000103	1	41002000106	900000000000011006	900000000000451002
134671002000125	20250509	1	11002000107	17121002000103	318331000221102	0	766939001	900000000000011006	900000000000451002
134691002000129	20250509	1	11002000107	17131002000100	318331000221102	0	766939001	900000000000011006	900000000000451002
134711002000126	20250509	1	11002000107	17131002000100	16231002000107	1	41002000106	900000000000011006	900000000000451002
134721002000121	20250509	1	11002000107	17141002000108	318331000221102	0	766939001	900000000000011006	900000000000451002
134741002000127	20250509	1	11002000107	17141002000108	15451002000109	1	41002000106	900000000000011006	900000000000451002
134751002000125	20250509	1	11002000107	17151002000105	318331000221102	0	766939001	900000000000011006	900000000000451002
134771002000122	20250509	1	11002000107	17151002000105	15371002000107	1	41002000106	900000000000011006	900000000000451002
134781002000120	20250509	1	11002000107	17161002000107	13641002000108	1	41002000106	900000000000011006	900000000000451002
134791002000123	20250509	1	11002000107	17161002000107	318331000221102	0	766939001	900000000000011006	900000000000451002
134811002000122	20250509	1	11002000107	17171002000102	318331000221102	0	766939001	900000000000011006	900000000000451002
134831002000129	20250509	1	11002000107	17171002000102	16271002000105	1	41002000106	900000000000011006	900000000000451002
134841002000121	20250509	1	11002000107	17181002000104	318331000221102	0	766939001	900000000000011006	900000000000451002
134861002000120	20250509	1	11002000107	17181002000104	16101002000109	1	41002000106	900000000000011006	900000000000451002
134871002000126	20250509	1	11002000107	17191002000101	1611002000105	1	41002000106	900000000000011006	900000000000451002
134881002000128	20250509	1	11002000107	17191002000101	2171002000101	1	41002000106	900000000000011006	900000000000451002
134891002000125	20250509	1	11002000107	17191002000101	1621002000104	1	41002000106	900000000000011006	900000000000451002
134911002000128	20250509	1	11002000107	17191002000101	2161002000106	1	41002000106	900000000000011006	900000000000451002
134921002000123	20250509	1	11002000107	17191002000101	1631002000101	1	41002000106	900000000000011006	900000000000451002
134931002000121	20250509	1	11002000107	17191002000101	771002000105	1	41002000106	900000000000011006	900000000000451002
134941002000129	20250509	1	11002000107	17191002000101	831002000101	1	41002000106	900000000000011006	900000000000451002
134951002000127	20250509	1	11002000107	17191002000101	318331000221102	0	766939001	900000000000011006	900000000000451002
134961002000125	20250509	1	11002000107	17191002000101	821002000104	1	41002000106	900000000000011006	900000000000451002
134971002000124	20250509	1	11002000107	17191002000101	781002000108	1	41002000106	900000000000011006	900000000000451002
134981002000122	20250509	1	11002000107	17191002000101	811002000105	1	41002000106	900000000000011006	900000000000451002
134991002000120	20250509	1	11002000107	17201002000103	15891002000103	1	41002000106	900000000000011006	900000000000451002
135001002000126	20250509	1	11002000107	17201002000103	318331000221102	0	766939001	900000000000011006	900000000000451002
135021002000123	20250509	1	11002000107	17211002000100	201002000108	1	41002000106	900000000000011006	900000000000451002
135031002000121	20250509	1	11002000107	17211002000100	191002000105	1	41002000106	900000000000011006	900000000000451002
135041002000129	20250509	1	11002000107	17211002000100	318331000221102	0	766939001	900000000000011006	900000000000451002
135061002000125	20250509	1	11002000107	17221002000106	318331000221102	0	766939001	900000000000011006	900000000000451002
135071002000124	20250509	1	11002000107	17221002000106	15911002000101	1	41002000106	900000000000011006	900000000000451002
135091002000120	20250509	1	11002000107	17231002000109	16301002000107	1	41002000106	900000000000011006	900000000000451002
135101002000127	20250509	1	11002000107	17231002000109	318331000221102	0	766939001	900000000000011006	900000000000451002
135121002000124	20250509	1	11002000107	17241002000101	318331000221102	0	766939001	900000000000011006	900000000000451002
135141002000125	20250509	1	11002000107	17241002000101	5191002000108	1	41002000106	900000000000011006	900000000000451002
135151002000128	20250509	1	11002000107	2861002000102	9821002000104	0	116680003	900000000000011006	900000000000451002
135161002000126	20250509	1	11002000107	16761002000109	2071002000102	0	116680003	900000000000011006	900000000000451002
135171002000120	20250509	1	11002000107	2371002000104	31002000103	0	116680003	900000000000011006	900000000000451002
135181002000123	20250509	1	11002000107	1751002000103	13621002000103	0	116680003	900000000000011006	900000000000451002
135191002000121	20250509	1	11002000107	391002000107	13281002000101	0	116680003	900000000000011006	900000000000451002
135201002000124	20250509	1	11002000107	2751002000108	31002000103	0	116680003	900000000000011006	900000000000451002
135211002000122	20250509	1	11002000107	7151002000107	9941002000101	0	116680003	900000000000011006	900000000000451002
135221002000127	20250509	1	11002000107	331002000108	9441002000106	0	116680003	900000000000011006	900000000000451002
135231002000129	20250509	1	11002000107	6661002000104	2621002000107	0	116680003	900000000000011006	900000000000451002
135241002000121	20250509	1	11002000107	1391002000108	2371002000104	0	116680003	900000000000011006	900000000000451002
135251002000123	20250509	1	11002000107	7881002000108	8061002000109	0	116680003	900000000000011006	900000000000451002
135261002000120	20250509	1	11002000107	271002000104	1891002000103	0	116680003	900000000000011006	900000000000451002
135271002000126	20250509	1	11002000107	6991002000103	9921002000106	0	116680003	900000000000011006	900000000000451002
135281002000128	20250509	1	11002000107	2071002000102	31002000103	0	116680003	900000000000011006	900000000000451002
135291002000125	20250509	1	11002000107	71002000100	17251002000104	0	116680003	900000000000011006	900000000000451002
135301002000129	20250509	1	11002000107	6291002000108	31002000103	0	116680003	900000000000011006	900000000000451002
135311002000126	20250509	1	11002000107	891002000102	9441002000106	0	116680003	900000000000011006	900000000000451002
135321002000121	20250509	1	11002000107	11981002000109	17261002000102	0	116680003	900000000000011006	900000000000451002
135331002000124	20250509	1	11002000107	5811002000108	17271002000107	0	116680003	900000000000011006	900000000000451002
135341002000127	20250509	1	11002000107	2721002000101	10871002000109	0	116680003	900000000000011006	900000000000451002
135351002000125	20250509	1	11002000107	11411002000106	13621002000103	0	116680003	900000000000011006	900000000000451002
135361002000128	20250509	1	11002000107	2301002000108	31002000103	0	116680003	900000000000011006	900000000000451002
135371002000122	20250509	1	11002000107	11111002000101	17281002000105	0	116680003	900000000000011006	900000000000451002
135381002000120	20250509	1	11002000107	17281002000105	9801002000107	0	116680003	900000000000011006	900000000000451002
135391002000123	20250509	1	11002000107	2621002000107	31002000103	0	116680003	900000000000011006	900000000000451002
135401002000120	20250509	1	11002000107	1591002000101	9651002000105	0	116680003	900000000000011006	900000000000451002
135411002000123	20250509	1	11002000107	7971002000101	8041002000105	0	116680003	900000000000011006	900000000000451002
135421002000128	20250509	1	11002000107	17261002000102	31002000103	0	116680003	900000000000011006	900000000000451002
135431002000125	20250509	1	11002000107	9841002000109	17291002000108	0	116680003	900000000000011006	900000000000451002
135441002000122	20250509	1	11002000107	4011002000100	13111002000102	0	116680003	900000000000011006	900000000000451002
135451002000124	20250509	1	11002000107	2501002000100	31002000103	0	116680003	900000000000011006	900000000000451002
135461002000121	20250509	1	11002000107	1071002000109	2071002000102	0	116680003	900000000000011006	900000000000451002
135471002000127	20250509	1	11002000107	1801002000108	9521002000102	0	116680003	900000000000011006	900000000000451002
135481002000129	20250509	1	11002000107	901002000103	2381002000101	0	116680003	900000000000011006	900000000000451002
135491002000126	20250509	1	11002000107	7911002000108	17301002000109	0	116680003	900000000000011006	900000000000451002
135501002000121	20250509	1	11002000107	6591002000106	17311002000107	0	116680003	900000000000011006	900000000000451002
135511002000124	20250509	1	11002000107	411002000107	17321002000101	0	116680003	900000000000011006	900000000000451002
135521002000129	20250509	1	11002000107	8101002000107	17331002000103	0	116680003	900000000000011006	900000000000451002
135531002000126	20250509	1	11002000107	8151002000106	17301002000109	0	116680003	900000000000011006	900000000000451002
135541002000123	20250509	1	11002000107	6471002000106	17341002000106	0	116680003	900000000000011006	900000000000451002
135551002000120	20250509	1	11002000107	7611002000104	17321002000101	0	116680003	900000000000011006	900000000000451002
135561002000122	20250509	1	11002000107	2331002000102	31002000103	0	116680003	900000000000011006	900000000000451002
135571002000128	20250509	1	11002000107	15391002000108	12571002000107	0	116680003	900000000000011006	900000000000451002
135581002000125	20250509	1	11002000107	1351002000104	31002000103	0	116680003	900000000000011006	900000000000451002
135591002000127	20250509	1	11002000107	1781002000109	2071002000102	0	116680003	900000000000011006	900000000000451002
135601002000122	20250509	1	11002000107	6401002000102	31002000103	0	116680003	900000000000011006	900000000000451002
135611002000120	20250509	1	11002000107	4391002000106	31002000103	0	116680003	900000000000011006	900000000000451002
135621002000125	20250509	1	11002000107	4361002000100	17351002000108	0	116680003	900000000000011006	900000000000451002
135631002000127	20250509	1	11002000107	3081002000108	17361002000105	0	116680003	900000000000011006	900000000000451002
135641002000124	20250509	1	11002000107	7771002000103	8041002000105	0	116680003	900000000000011006	900000000000451002
135651002000121	20250509	1	11002000107	1651002000106	15411002000108	0	116680003	900000000000011006	900000000000451002
135661002000123	20250509	1	11002000107	211002000106	17311002000107	0	116680003	900000000000011006	900000000000451002
135671002000129	20250509	1	11002000107	8221002000107	17301002000109	0	116680003	900000000000011006	900000000000451002
135681002000126	20250509	1	11002000107	8351002000109	17371002000100	0	116680003	900000000000011006	900000000000451002
135691002000128	20250509	1	11002000107	4301002000101	31002000103	0	116680003	900000000000011006	900000000000451002
135701002000128	20250509	1	11002000107	121002000108	2331002000102	0	116680003	900000000000011006	900000000000451002
135711002000125	20250509	1	11002000107	2571002000109	17381002000102	0	116680003	900000000000011006	900000000000451002
135721002000120	20250509	1	11002000107	9801002000107	17391002000104	0	116680003	900000000000011006	900000000000451002
135731002000123	20250509	1	11002000107	6521002000109	9821002000104	0	116680003	900000000000011006	900000000000451002
135741002000126	20250509	1	11002000107	7361002000107	15591002000101	0	116680003	900000000000011006	900000000000451002
135751002000129	20250509	1	11002000107	8171002000103	8061002000109	0	116680003	900000000000011006	900000000000451002
135761002000127	20250509	1	11002000107	151002000101	11411002000106	0	116680003	900000000000011006	900000000000451002
135771002000121	20250509	1	11002000107	3171002000106	31002000103	0	116680003	900000000000011006	900000000000451002
135781002000124	20250509	1	11002000107	17341002000106	17401002000102	0	116680003	900000000000011006	900000000000451002
135791002000122	20250509	1	11002000107	7651002000103	2641002000102	0	116680003	900000000000011006	900000000000451002
135801002000123	20250509	1	11002000107	8281002000106	17331002000103	0	116680003	900000000000011006	900000000000451002
135811002000121	20250509	1	11002000107	131002000106	31002000103	0	116680003	900000000000011006	900000000000451002
135821002000126	20250509	1	11002000107	2211002000104	31002000103	0	116680003	900000000000011006	900000000000451002
135831002000128	20250509	1	11002000107	7731002000101	17371002000100	0	116680003	900000000000011006	900000000000451002
135841002000120	20250509	1	11002000107	8041002000105	17371002000100	0	116680003	900000000000011006	900000000000451002
135851002000122	20250509	1	11002000107	1771002000106	2071002000102	0	116680003	900000000000011006	900000000000451002
135861002000124	20250509	1	11002000107	7121002000100	10291002000109	0	116680003	900000000000011006	900000000000451002
135871002000125	20250509	1	11002000107	8711002000109	17411002000104	0	116680003	900000000000011006	900000000000451002
135881002000127	20250509	1	11002000107	7591002000108	17341002000106	0	116680003	900000000000011006	900000000000451002
135891002000129	20250509	1	11002000107	971002000107	31002000103	0	116680003	900000000000011006	900000000000451002
135901002000125	20250509	1	11002000107	12361002000107	17301002000109	0	116680003	900000000000011006	900000000000451002
135911002000127	20250509	1	11002000107	371002000106	17351002000108	0	116680003	900000000000011006	900000000000451002
135921002000122	20250509	1	11002000107	7621002000105	17421002000105	0	116680003	900000000000011006	900000000000451002
135931002000120	20250509	1	11002000107	381002000109	31002000103	0	116680003	900000000000011006	900000000000451002
135941002000128	20250509	1	11002000107	2271002000106	31002000103	0	116680003	900000000000011006	900000000000451002
135951002000126	20250509	1	11002000107	2481002000108	31002000103	0	116680003	900000000000011006	900000000000451002
135961002000129	20250509	1	11002000107	2661002000103	31002000103	0	116680003	900000000000011006	900000000000451002
135971002000123	20250509	1	11002000107	2381002000101	17271002000107	0	116680003	900000000000011006	900000000000451002
135981002000121	20250509	1	11002000107	8391002000100	17331002000103	0	116680003	900000000000011006	900000000000451002
135991002000124	20250509	1	11002000107	1811002000106	9521002000102	0	116680003	900000000000011006	900000000000451002
136001002000120	20250509	1	11002000107	8501002000102	17431002000108	0	116680003	900000000000011006	900000000000451002
136011002000123	20250509	1	11002000107	6751002000109	2641002000102	0	116680003	900000000000011006	900000000000451002
136021002000128	20250509	1	11002000107	5651002000108	31002000103	0	116680003	900000000000011006	900000000000451002
136031002000125	20250509	1	11002000107	9771002000105	11061002000102	0	116680003	900000000000011006	900000000000451002
136041002000122	20250509	1	11002000107	1891002000103	2211002000104	0	116680003	900000000000011006	900000000000451002
136051002000124	20250509	1	11002000107	5471002000103	2071002000102	0	116680003	900000000000011006	900000000000451002
136061002000121	20250509	1	11002000107	991002000108	31002000103	0	116680003	900000000000011006	900000000000451002
136071002000127	20250509	1	11002000107	4541002000106	13281002000101	0	116680003	900000000000011006	900000000000451002
136081002000129	20250509	1	11002000107	3541002000109	17251002000104	0	116680003	900000000000011006	900000000000451002
136091002000126	20250509	1	11002000107	9101002000100	17331002000103	0	116680003	900000000000011006	900000000000451002
136101002000124	20250509	1	11002000107	1111002000103	31002000103	0	116680003	900000000000011006	900000000000451002
136111002000122	20250509	1	11002000107	111002000102	2381002000101	0	116680003	900000000000011006	900000000000451002
136121002000127	20250509	1	11002000107	6201002000103	10291002000109	0	116680003	900000000000011006	900000000000451002
136131002000129	20250509	1	11002000107	1971002000108	9801002000107	0	116680003	900000000000011006	900000000000451002
136141002000121	20250509	1	11002000107	2521002000108	10501002000102	0	116680003	900000000000011006	900000000000451002
136151002000123	20250509	1	11002000107	9071002000108	17371002000100	0	116680003	900000000000011006	900000000000451002
136161002000120	20250509	1	11002000107	6631002000106	31002000103	0	116680003	900000000000011006	900000000000451002
136171002000126	20250509	1	11002000107	2461002000100	17361002000105	0	116680003	900000000000011006	900000000000451002
136181002000128	20250509	1	11002000107	8061002000109	8221002000107	0	116680003	900000000000011006	900000000000451002
136191002000125	20250509	1	11002000107	1731002000108	31002000103	0	116680003	900000000000011006	900000000000451002
136201002000127	20250509	1	11002000107	2691002000109	31002000103	0	116680003	900000000000011006	900000000000451002
136211002000129	20250509	1	11002000107	7991002000100	8061002000109	0	116680003	900000000000011006	900000000000451002
136221002000124	20250509	1	11002000107	7481002000106	9941002000101	0	116680003	900000000000011006	900000000000451002
136231002000122	20250509	1	11002000107	7501002000103	9941002000101	0	116680003	900000000000011006	900000000000451002
136241002000125	20250509	1	11002000107	5191002000108	31002000103	0	116680003	900000000000011006	900000000000451002
136251002000128	20250509	1	11002000107	13141002000103	9551002000109	0	116680003	900000000000011006	900000000000451002
136261002000126	20250509	1	11002000107	6921002000100	17441002000100	0	116680003	900000000000011006	900000000000451002
136271002000120	20250509	1	11002000107	1141002000104	17311002000107	0	116680003	900000000000011006	900000000000451002
136281002000123	20250509	1	11002000107	251002000107	1891002000103	0	116680003	900000000000011006	900000000000451002
136291002000121	20250509	1	11002000107	1171002000105	1891002000103	0	116680003	900000000000011006	900000000000451002
136301002000122	20250509	1	11002000107	5031002000108	11091002000108	0	116680003	900000000000011006	900000000000451002
136311002000120	20250509	1	11002000107	9441002000106	2371002000104	0	116680003	900000000000011006	900000000000451002
136321002000125	20250509	1	11002000107	9651002000105	31002000103	0	116680003	900000000000011006	900000000000451002
136331002000127	20250509	1	11002000107	9611002000109	11431002000102	0	116680003	900000000000011006	900000000000451002
136341002000124	20250509	1	11002000107	9631002000100	11431002000102	0	116680003	900000000000011006	900000000000451002
136351002000121	20250509	1	11002000107	10111002000105	2331002000102	0	116680003	900000000000011006	900000000000451002
136361002000123	20250509	1	11002000107	17251002000104	17451002000103	0	116680003	900000000000011006	900000000000451002
136371002000129	20250509	1	11002000107	931002000109	2691002000109	0	116680003	900000000000011006	900000000000451002
136381002000126	20250509	1	11002000107	9191002000105	2481002000108	0	116680003	900000000000011006	900000000000451002
136391002000128	20250509	1	11002000107	1081002000107	13291002000103	0	116680003	900000000000011006	900000000000451002
136401002000126	20250509	1	11002000107	9941002000101	31002000103	0	116680003	900000000000011006	900000000000451002
136411002000128	20250509	1	11002000107	17401002000102	16701002000108	0	116680003	900000000000011006	900000000000451002
136421002000123	20250509	1	11002000107	2041002000108	31002000103	0	116680003	900000000000011006	900000000000451002
136431002000121	20250509	1	11002000107	9961002000102	31002000103	0	116680003	900000000000011006	900000000000451002
136441002000129	20250509	1	11002000107	3431002000100	1081002000107	0	116680003	900000000000011006	900000000000451002
136451002000127	20250509	1	11002000107	9671002000102	31002000103	0	116680003	900000000000011006	900000000000451002
136461002000125	20250509	1	11002000107	1821002000100	9521002000102	0	116680003	900000000000011006	900000000000451002
136471002000124	20250509	1	11002000107	9521002000102	2331002000102	0	116680003	900000000000011006	900000000000451002
136481002000122	20250509	1	11002000107	8021002000100	13641002000108	0	116680003	900000000000011006	900000000000451002
136491002000120	20250509	1	11002000107	7631002000108	17461002000101	0	116680003	900000000000011006	900000000000451002
136501002000125	20250509	1	11002000107	441002000106	17381002000102	0	116680003	900000000000011006	900000000000451002
136511002000127	20250509	1	11002000107	431002000103	17461002000101	0	116680003	900000000000011006	900000000000451002
136521002000122	20250509	1	11002000107	421002000101	17421002000105	0	116680003	900000000000011006	900000000000451002
136531002000120	20250509	1	11002000107	9821002000104	2041002000108	0	116680003	900000000000011006	900000000000451002
136541002000128	20250509	1	11002000107	6431002000108	2691002000109	0	116680003	900000000000011006	900000000000451002
136551002000126	20250509	1	11002000107	1221002000101	10961002000105	0	116680003	900000000000011006	900000000000451002
136561002000129	20250509	1	11002000107	1321002000106	10961002000105	0	116680003	900000000000011006	900000000000451002
136571002000123	20250509	1	11002000107	91002000104	17471002000106	0	116680003	900000000000011006	900000000000451002
136581002000121	20250509	1	11002000107	1301002000103	17471002000106	0	116680003	900000000000011006	900000000000451002
136591002000124	20250509	1	11002000107	10041002000105	2751002000108	0	116680003	900000000000011006	900000000000451002
136601002000129	20250509	1	11002000107	1711002000104	2751002000108	0	116680003	900000000000011006	900000000000451002
136611002000126	20250509	1	11002000107	4781002000107	17481002000109	0	116680003	900000000000011006	900000000000451002
136621002000121	20250509	1	11002000107	17491002000107	15391002000108	0	116680003	900000000000011006	900000000000451002
136631002000124	20250509	1	11002000107	2641002000102	31002000103	0	116680003	900000000000011006	900000000000451002
136641002000127	20250509	1	11002000107	10161002000108	31002000103	0	116680003	900000000000011006	900000000000451002
136651002000125	20250509	1	11002000107	3511002000105	17391002000104	0	116680003	900000000000011006	900000000000451002
136661002000128	20250509	1	11002000107	4631002000104	2461002000100	0	116680003	900000000000011006	900000000000451002
136671002000122	20250509	1	11002000107	3651002000107	2461002000100	0	116680003	900000000000011006	900000000000451002
136681002000120	20250509	1	11002000107	3251002000109	2461002000100	0	116680003	900000000000011006	900000000000451002
136691002000123	20250509	1	11002000107	51002000108	2461002000100	0	116680003	900000000000011006	900000000000451002
136701002000123	20250509	1	11002000107	7701002000107	31002000103	0	116680003	900000000000011006	900000000000451002
136711002000121	20250509	1	11002000107	3621002000100	2211002000104	0	116680003	900000000000011006	900000000000451002
136721002000126	20250509	1	11002000107	9921002000106	10871002000109	0	116680003	900000000000011006	900000000000451002
136731002000128	20250509	1	11002000107	10871002000109	31002000103	0	116680003	900000000000011006	900000000000451002
136741002000120	20250509	1	11002000107	10291002000109	9651002000105	0	116680003	900000000000011006	900000000000451002
136751002000122	20250509	1	11002000107	17411002000104	17431002000108	0	116680003	900000000000011006	900000000000451002
136761002000124	20250509	1	11002000107	12591002000108	17431002000108	0	116680003	900000000000011006	900000000000451002
136771002000125	20250509	1	11002000107	17301002000109	7701002000107	0	116680003	900000000000011006	900000000000451002
136781002000127	20250509	1	11002000107	17431002000108	7701002000107	0	116680003	900000000000011006	900000000000451002
136791002000129	20250509	1	11002000107	3701002000103	17251002000104	0	116680003	900000000000011006	900000000000451002
136801002000128	20250509	1	11002000107	8731002000100	12591002000108	0	116680003	900000000000011006	900000000000451002
136811002000125	20250509	1	11002000107	12571002000107	17301002000109	0	116680003	900000000000011006	900000000000451002
136821002000120	20250509	1	11002000107	9001002000104	13641002000108	0	116680003	900000000000011006	900000000000451002
136831002000123	20250509	1	11002000107	291002000103	1891002000103	0	116680003	900000000000011006	900000000000451002
136841002000126	20250509	1	11002000107	10671002000105	31002000103	0	116680003	900000000000011006	900000000000451002
136851002000129	20250509	1	11002000107	10691002000106	31002000103	0	116680003	900000000000011006	900000000000451002
136861002000127	20250509	1	11002000107	10521002000105	31002000103	0	116680003	900000000000011006	900000000000451002
136871002000121	20250509	1	11002000107	10711002000109	31002000103	0	116680003	900000000000011006	900000000000451002
136881002000124	20250509	1	11002000107	10731002000100	31002000103	0	116680003	900000000000011006	900000000000451002
136891002000122	20250509	1	11002000107	10751002000105	31002000103	0	116680003	900000000000011006	900000000000451002
136901002000121	20250509	1	11002000107	17361002000105	31002000103	0	116680003	900000000000011006	900000000000451002
136911002000124	20250509	1	11002000107	12421002000107	13651002000105	0	116680003	900000000000011006	900000000000451002
136921002000129	20250509	1	11002000107	7821002000109	13641002000108	0	116680003	900000000000011006	900000000000451002
136931002000126	20250509	1	11002000107	12431002000105	13641002000108	0	116680003	900000000000011006	900000000000451002
136941002000123	20250509	1	11002000107	13281002000101	31002000103	0	116680003	900000000000011006	900000000000451002
136951002000120	20250509	1	11002000107	17351002000108	31002000103	0	116680003	900000000000011006	900000000000451002
136961002000122	20250509	1	11002000107	9711002000103	1731002000108	0	116680003	900000000000011006	900000000000451002
136971002000128	20250509	1	11002000107	9691002000101	1731002000108	0	116680003	900000000000011006	900000000000451002
136981002000125	20250509	1	11002000107	1631002000101	9711002000103	0	116680003	900000000000011006	900000000000451002
136991002000127	20250509	1	11002000107	2151002000109	9711002000103	0	116680003	900000000000011006	900000000000451002
137001002000122	20250509	1	11002000107	791002000106	9711002000103	0	116680003	900000000000011006	900000000000451002
137011002000120	20250509	1	11002000107	1621002000104	9711002000103	0	116680003	900000000000011006	900000000000451002
137021002000125	20250509	1	11002000107	2171002000101	9711002000103	0	116680003	900000000000011006	900000000000451002
137031002000127	20250509	1	11002000107	821002000104	9711002000103	0	116680003	900000000000011006	900000000000451002
137041002000124	20250509	1	11002000107	1611002000105	9711002000103	0	116680003	900000000000011006	900000000000451002
137051002000121	20250509	1	11002000107	9331002000108	9711002000103	0	116680003	900000000000011006	900000000000451002
137061002000123	20250509	1	11002000107	831002000101	9711002000103	0	116680003	900000000000011006	900000000000451002
137071002000129	20250509	1	11002000107	9301002000102	9711002000103	0	116680003	900000000000011006	900000000000451002
137081002000126	20250509	1	11002000107	9321002000105	9711002000103	0	116680003	900000000000011006	900000000000451002
137091002000128	20250509	1	11002000107	9311002000104	9711002000103	0	116680003	900000000000011006	900000000000451002
137101002000121	20250509	1	11002000107	811002000105	9711002000103	0	116680003	900000000000011006	900000000000451002
137111002000124	20250509	1	11002000107	9341002000100	9711002000103	0	116680003	900000000000011006	900000000000451002
137121002000129	20250509	1	11002000107	801002000107	9711002000103	0	116680003	900000000000011006	900000000000451002
137131002000126	20250509	1	11002000107	2161002000106	9711002000103	0	116680003	900000000000011006	900000000000451002
137141002000123	20250509	1	11002000107	781002000108	9711002000103	0	116680003	900000000000011006	900000000000451002
137151002000120	20250509	1	11002000107	9221002000100	9711002000103	0	116680003	900000000000011006	900000000000451002
137161002000122	20250509	1	11002000107	771002000105	9711002000103	0	116680003	900000000000011006	900000000000451002
137171002000128	20250509	1	11002000107	9231002000102	9711002000103	0	116680003	900000000000011006	900000000000451002
137181002000125	20250509	1	11002000107	651002000105	9691002000101	0	116680003	900000000000011006	900000000000451002
137191002000127	20250509	1	11002000107	601002000106	9691002000101	0	116680003	900000000000011006	900000000000451002
137201002000129	20250509	1	11002000107	721002000109	9691002000101	0	116680003	900000000000011006	900000000000451002
137211002000126	20250509	1	11002000107	561002000106	9691002000101	0	116680003	900000000000011006	900000000000451002
137221002000121	20250509	1	11002000107	701002000101	9691002000101	0	116680003	900000000000011006	900000000000451002
137231002000124	20250509	1	11002000107	571002000101	9691002000101	0	116680003	900000000000011006	900000000000451002
137241002000127	20250509	1	11002000107	661002000107	9691002000101	0	116680003	900000000000011006	900000000000451002
137251002000125	20250509	1	11002000107	531002000104	9691002000101	0	116680003	900000000000011006	900000000000451002
137261002000128	20250509	1	11002000107	741002000104	9691002000101	0	116680003	900000000000011006	900000000000451002
137271002000122	20250509	1	11002000107	691002000101	9691002000101	0	116680003	900000000000011006	900000000000451002
137281002000120	20250509	1	11002000107	751002000102	9691002000101	0	116680003	900000000000011006	900000000000451002
137291002000123	20250509	1	11002000107	641002000108	9691002000101	0	116680003	900000000000011006	900000000000451002
137301002000124	20250509	1	11002000107	611002000109	9691002000101	0	116680003	900000000000011006	900000000000451002
137311002000122	20250509	1	11002000107	631002000100	9691002000101	0	116680003	900000000000011006	900000000000451002
137321002000127	20250509	1	11002000107	711002000103	9691002000101	0	116680003	900000000000011006	900000000000451002
137331002000129	20250509	1	11002000107	4241002000109	9691002000101	0	116680003	900000000000011006	900000000000451002
137341002000121	20250509	1	11002000107	551002000109	9691002000101	0	116680003	900000000000011006	900000000000451002
137351002000123	20250509	1	11002000107	541002000107	9691002000101	0	116680003	900000000000011006	900000000000451002
137361002000120	20250509	1	11002000107	671002000102	9691002000101	0	116680003	900000000000011006	900000000000451002
137371002000126	20250509	1	11002000107	731002000107	9691002000101	0	116680003	900000000000011006	900000000000451002
137381002000128	20250509	1	11002000107	581002000103	9691002000101	0	116680003	900000000000011006	900000000000451002
137391002000125	20250509	1	11002000107	621002000103	9691002000101	0	116680003	900000000000011006	900000000000451002
137401002000128	20250509	1	11002000107	681002000104	9691002000101	0	116680003	900000000000011006	900000000000451002
137411002000125	20250509	1	11002000107	591002000100	9691002000101	0	116680003	900000000000011006	900000000000451002
137421002000120	20250509	1	11002000107	16701002000108	9801002000107	0	116680003	900000000000011006	900000000000451002
137431002000123	20250509	1	11002000107	17451002000103	17281002000105	0	116680003	900000000000011006	900000000000451002
137441002000126	20250509	1	11002000107	4231002000101	9691002000101	0	116680003	900000000000011006	900000000000451002
137451002000129	20250509	1	11002000107	4221002000104	9691002000101	0	116680003	900000000000011006	900000000000451002
137461002000127	20250509	1	11002000107	11431002000102	31002000103	0	116680003	900000000000011006	900000000000451002
137471002000121	20250509	1	11002000107	17501002000101	2661002000103	0	116680003	900000000000011006	900000000000451002
137481002000124	20250509	1	11002000107	17311002000107	2661002000103	0	116680003	900000000000011006	900000000000451002
137491002000122	20250509	1	11002000107	221002000100	17501002000101	0	116680003	900000000000011006	900000000000451002
137501002000127	20250509	1	11002000107	181002000107	17501002000101	0	116680003	900000000000011006	900000000000451002
137511002000129	20250509	1	11002000107	191002000105	17501002000101	0	116680003	900000000000011006	900000000000451002
137521002000124	20250509	1	11002000107	201002000108	17501002000101	0	116680003	900000000000011006	900000000000451002
137531002000122	20250509	1	11002000107	6561002000100	17501002000101	0	116680003	900000000000011006	900000000000451002
137541002000125	20250509	1	11002000107	6541002000104	17501002000101	0	116680003	900000000000011006	900000000000451002
137551002000128	20250509	1	11002000107	6571002000105	17501002000101	0	116680003	900000000000011006	900000000000451002
137561002000126	20250509	1	11002000107	6581002000108	17501002000101	0	116680003	900000000000011006	900000000000451002
137571002000120	20250509	1	11002000107	6551002000102	17501002000101	0	116680003	900000000000011006	900000000000451002
137581002000123	20250509	1	11002000107	6941002000105	10501002000102	0	116680003	900000000000011006	900000000000451002
137591002000121	20250509	1	11002000107	10501002000102	11061002000102	0	116680003	900000000000011006	900000000000451002
137601002000126	20250509	1	11002000107	11061002000102	31002000103	0	116680003	900000000000011006	900000000000451002
137611002000128	20250509	1	11002000107	1481002000103	9771002000105	0	116680003	900000000000011006	900000000000451002
137621002000123	20250509	1	11002000107	1501002000106	9771002000105	0	116680003	900000000000011006	900000000000451002
137631002000121	20250509	1	11002000107	4801002000106	6291002000108	0	116680003	900000000000011006	900000000000451002
137641002000129	20250509	1	11002000107	6261002000102	6291002000108	0	116680003	900000000000011006	900000000000451002
137651002000127	20250509	1	11002000107	10791002000101	17511002000103	0	116680003	900000000000011006	900000000000451002
137661002000125	20250509	1	11002000107	10811002000102	17511002000103	0	116680003	900000000000011006	900000000000451002
137671002000124	20250509	1	11002000107	17511002000103	2271002000106	0	116680003	900000000000011006	900000000000451002
137681002000122	20250509	1	11002000107	17521002000109	2271002000106	0	116680003	900000000000011006	900000000000451002
137691002000120	20250509	1	11002000107	3781002000105	17521002000109	0	116680003	900000000000011006	900000000000451002
137701002000120	20250509	1	11002000107	871002000103	17521002000109	0	116680003	900000000000011006	900000000000451002
137711002000123	20250509	1	11002000107	1271002000100	17521002000109	0	116680003	900000000000011006	900000000000451002
137721002000128	20250509	1	11002000107	10851002000101	17521002000109	0	116680003	900000000000011006	900000000000451002
137731002000125	20250509	1	11002000107	17531002000107	2271002000106	0	116680003	900000000000011006	900000000000451002
137741002000122	20250509	1	11002000107	10831002000106	17531002000107	0	116680003	900000000000011006	900000000000451002
137751002000124	20250509	1	11002000107	7751002000106	12361002000107	0	116680003	900000000000011006	900000000000451002
137761002000121	20250509	1	11002000107	7841002000104	12361002000107	0	116680003	900000000000011006	900000000000451002
137771002000127	20250509	1	11002000107	501002000105	2571002000109	0	116680003	900000000000011006	900000000000451002
137781002000129	20250509	1	11002000107	1951002000100	2571002000109	0	116680003	900000000000011006	900000000000451002
137791002000126	20250509	1	11002000107	461002000105	2571002000109	0	116680003	900000000000011006	900000000000451002
137801002000125	20250509	1	11002000107	2441002000104	7611002000104	0	116680003	900000000000011006	900000000000451002
137811002000127	20250509	1	11002000107	1931002000105	7611002000104	0	116680003	900000000000011006	900000000000451002
137821002000122	20250509	1	11002000107	4121002000107	7611002000104	0	116680003	900000000000011006	900000000000451002
137831002000120	20250509	1	11002000107	6111002000109	7631002000108	0	116680003	900000000000011006	900000000000451002
137841002000128	20250509	1	11002000107	1921002000107	7631002000108	0	116680003	900000000000011006	900000000000451002
137851002000126	20250509	1	11002000107	2421002000109	7631002000108	0	116680003	900000000000011006	900000000000451002
137861002000129	20250509	1	11002000107	2431002000107	7621002000105	0	116680003	900000000000011006	900000000000451002
137871002000123	20250509	1	11002000107	6101002000106	7621002000105	0	116680003	900000000000011006	900000000000451002
137881002000121	20250509	1	11002000107	1941002000102	7621002000105	0	116680003	900000000000011006	900000000000451002
137891002000124	20250509	1	11002000107	10651002000102	31002000103	0	116680003	900000000000011006	900000000000451002
137901002000123	20250509	1	11002000107	11191002000109	17341002000106	0	116680003	900000000000011006	900000000000451002
137911002000121	20250509	1	11002000107	11301002000101	31002000103	0	116680003	900000000000011006	900000000000451002
137921002000126	20250509	1	11002000107	10911002000107	31002000103	0	116680003	900000000000011006	900000000000451002
137931002000128	20250509	1	11002000107	10891002000105	31002000103	0	116680003	900000000000011006	900000000000451002
137941002000120	20250509	1	11002000107	10961002000105	1081002000107	0	116680003	900000000000011006	900000000000451002
137951002000122	20250509	1	11002000107	17471002000106	1081002000107	0	116680003	900000000000011006	900000000000451002
137961002000124	20250509	1	11002000107	11141002000102	17441002000100	0	116680003	900000000000011006	900000000000451002
137971002000125	20250509	1	11002000107	11171002000108	13291002000103	0	116680003	900000000000011006	900000000000451002
137981002000127	20250509	1	11002000107	11231002000101	17541002000104	0	116680003	900000000000011006	900000000000451002
137991002000129	20250509	1	11002000107	13291002000103	31002000103	0	116680003	900000000000011006	900000000000451002
138001002000121	20250509	1	11002000107	9981002000105	13641002000108	0	116680003	900000000000011006	900000000000451002
138011002000124	20250509	1	11002000107	7861002000100	13641002000108	0	116680003	900000000000011006	900000000000451002
138021002000129	20250509	1	11002000107	11331002000107	2211002000104	0	116680003	900000000000011006	900000000000451002
138031002000126	20250509	1	11002000107	11351002000102	8041002000105	0	116680003	900000000000011006	900000000000451002
138041002000123	20250509	1	11002000107	11371002000105	31002000103	0	116680003	900000000000011006	900000000000451002
138051002000120	20250509	1	11002000107	3351002000100	2301002000108	0	116680003	900000000000011006	900000000000451002
138061002000122	20250509	1	11002000107	11951002000103	2301002000108	0	116680003	900000000000011006	900000000000451002
138071002000128	20250509	1	11002000107	6501002000101	17261002000102	0	116680003	900000000000011006	900000000000451002
138081002000125	20250509	1	11002000107	17321002000101	31002000103	0	116680003	900000000000011006	900000000000451002
138091002000127	20250509	1	11002000107	17381002000102	31002000103	0	116680003	900000000000011006	900000000000451002
138101002000120	20250509	1	11002000107	17421002000105	31002000103	0	116680003	900000000000011006	900000000000451002
138111002000123	20250509	1	11002000107	17461002000101	31002000103	0	116680003	900000000000011006	900000000000451002
138121002000128	20250509	1	11002000107	12141002000105	17541002000104	0	116680003	900000000000011006	900000000000451002
138131002000125	20250509	1	11002000107	12201002000100	13641002000108	0	116680003	900000000000011006	900000000000451002
138141002000122	20250509	1	11002000107	13641002000108	15391002000108	0	116680003	900000000000011006	900000000000451002
138151002000124	20250509	1	11002000107	12251002000101	13641002000108	0	116680003	900000000000011006	900000000000451002
138161002000121	20250509	1	11002000107	12261002000104	13651002000105	0	116680003	900000000000011006	900000000000451002
138171002000127	20250509	1	11002000107	12281002000107	13641002000108	0	116680003	900000000000011006	900000000000451002
138181002000129	20250509	1	11002000107	12301002000106	17551002000102	0	116680003	900000000000011006	900000000000451002
138191002000126	20250509	1	11002000107	12501002000103	17551002000102	0	116680003	900000000000011006	900000000000451002
138201002000128	20250509	1	11002000107	12451002000100	17551002000102	0	116680003	900000000000011006	900000000000451002
138211002000125	20250509	1	11002000107	12461002000103	13641002000108	0	116680003	900000000000011006	900000000000451002
138221002000120	20250509	1	11002000107	12821002000109	2621002000107	0	116680003	900000000000011006	900000000000451002
138231002000123	20250509	1	11002000107	1561002000107	2501002000100	0	116680003	900000000000011006	900000000000451002
138241002000126	20250509	1	11002000107	17561002000100	2501002000100	0	116680003	900000000000011006	900000000000451002
138251002000129	20250509	1	11002000107	1031002000106	17561002000100	0	116680003	900000000000011006	900000000000451002
138261002000127	20250509	1	11002000107	1051002000101	17561002000100	0	116680003	900000000000011006	900000000000451002
138271002000121	20250509	1	11002000107	12551002000104	17571002000105	0	116680003	900000000000011006	900000000000451002
138281002000124	20250509	1	11002000107	17481002000109	13081002000106	0	116680003	900000000000011006	900000000000451002
138291002000122	20250509	1	11002000107	17571002000105	13081002000106	0	116680003	900000000000011006	900000000000451002
138301002000123	20250509	1	11002000107	11211002000105	17371002000100	0	116680003	900000000000011006	900000000000451002
138311002000121	20250509	1	11002000107	11091002000108	17481002000109	0	116680003	900000000000011006	900000000000451002
138321002000126	20250509	1	11002000107	12641002000100	11091002000108	0	116680003	900000000000011006	900000000000451002
138331002000128	20250509	1	11002000107	12661002000101	17571002000105	0	116680003	900000000000011006	900000000000451002
138341002000120	20250509	1	11002000107	12711002000105	16331002000101	0	116680003	900000000000011006	900000000000451002
138351002000122	20250509	1	11002000107	12731002000101	16331002000101	0	116680003	900000000000011006	900000000000451002
138361002000124	20250509	1	11002000107	12751002000106	16331002000101	0	116680003	900000000000011006	900000000000451002
138371002000125	20250509	1	11002000107	12771002000103	17551002000102	0	116680003	900000000000011006	900000000000451002
138381002000127	20250509	1	11002000107	12781002000100	13641002000108	0	116680003	900000000000011006	900000000000451002
138391002000129	20250509	1	11002000107	12801002000101	7991002000100	0	116680003	900000000000011006	900000000000451002
138401002000127	20250509	1	11002000107	12851002000102	16331002000101	0	116680003	900000000000011006	900000000000451002
138411002000129	20250509	1	11002000107	12871002000105	16331002000101	0	116680003	900000000000011006	900000000000451002
138421002000124	20250509	1	11002000107	12911002000108	31002000103	0	116680003	900000000000011006	900000000000451002
138431002000122	20250509	1	11002000107	12931002000104	31002000103	0	116680003	900000000000011006	900000000000451002
138441002000125	20250509	1	11002000107	12951002000109	31002000103	0	116680003	900000000000011006	900000000000451002
138451002000128	20250509	1	11002000107	12991002000100	31002000103	0	116680003	900000000000011006	900000000000451002
138461002000126	20250509	1	11002000107	13011002000101	31002000103	0	116680003	900000000000011006	900000000000451002
138471002000120	20250509	1	11002000107	13031002000105	31002000103	0	116680003	900000000000011006	900000000000451002
138481002000123	20250509	1	11002000107	13051002000100	31002000103	0	116680003	900000000000011006	900000000000451002
138491002000121	20250509	1	11002000107	13081002000106	31002000103	0	116680003	900000000000011006	900000000000451002
138501002000126	20250509	1	11002000107	13111002000102	31002000103	0	116680003	900000000000011006	900000000000451002
138511002000128	20250509	1	11002000107	9551002000109	31002000103	0	116680003	900000000000011006	900000000000451002
138521002000123	20250509	1	11002000107	13181002000107	17581002000108	0	116680003	900000000000011006	900000000000451002
138531002000121	20250509	1	11002000107	13161002000104	17581002000108	0	116680003	900000000000011006	900000000000451002
138541002000129	20250509	1	11002000107	13191002000105	17581002000108	0	116680003	900000000000011006	900000000000451002
138551002000127	20250509	1	11002000107	13171002000109	17581002000108	0	116680003	900000000000011006	900000000000451002
138561002000125	20250509	1	11002000107	17581002000108	31002000103	0	116680003	900000000000011006	900000000000451002
138571002000124	20250509	1	11002000107	13211002000106	31002000103	0	116680003	900000000000011006	900000000000451002
138581002000122	20250509	1	11002000107	13241002000105	31002000103	0	116680003	900000000000011006	900000000000451002
138591002000120	20250509	1	11002000107	13251002000107	31002000103	0	116680003	900000000000011006	900000000000451002
138601002000125	20250509	1	11002000107	13371002000106	9711002000103	0	116680003	900000000000011006	900000000000451002
138611002000127	20250509	1	11002000107	13351002000103	9711002000103	0	116680003	900000000000011006	900000000000451002
138621002000122	20250509	1	11002000107	13381002000109	9711002000103	0	116680003	900000000000011006	900000000000451002
138631002000120	20250509	1	11002000107	13361002000101	9711002000103	0	116680003	900000000000011006	900000000000451002
138641002000128	20250509	1	11002000107	13471002000100	9191002000105	0	116680003	900000000000011006	900000000000451002
138651002000126	20250509	1	11002000107	13531002000104	31002000103	0	116680003	900000000000011006	900000000000451002
138661002000129	20250509	1	11002000107	13621002000103	2481002000108	0	116680003	900000000000011006	900000000000451002
138671002000123	20250509	1	11002000107	17441002000100	17291002000108	0	116680003	900000000000011006	900000000000451002
138681002000121	20250509	1	11002000107	17541002000104	17291002000108	0	116680003	900000000000011006	900000000000451002
138691002000124	20250509	1	11002000107	17291002000108	2041002000108	0	116680003	900000000000011006	900000000000451002
138701002000124	20250509	1	11002000107	17391002000104	17291002000108	0	116680003	900000000000011006	900000000000451002
138711002000122	20250509	1	11002000107	15061002000104	2041002000108	0	116680003	900000000000011006	900000000000451002
138721002000127	20250509	1	11002000107	5001002000102	11411002000106	0	116680003	900000000000011006	900000000000451002
138731002000129	20250509	1	11002000107	4991002000107	11411002000106	0	116680003	900000000000011006	900000000000451002
138741002000121	20250509	1	11002000107	15211002000107	9711002000103	0	116680003	900000000000011006	900000000000451002
138751002000123	20250509	1	11002000107	15191002000106	9711002000103	0	116680003	900000000000011006	900000000000451002
138761002000120	20250509	1	11002000107	15201002000109	9711002000103	0	116680003	900000000000011006	900000000000451002
138771002000126	20250509	1	11002000107	15151002000102	9711002000103	0	116680003	900000000000011006	900000000000451002
138781002000128	20250509	1	11002000107	15231002000103	9711002000103	0	116680003	900000000000011006	900000000000451002
138791002000125	20250509	1	11002000107	15221002000101	9711002000103	0	116680003	900000000000011006	900000000000451002
138801002000129	20250509	1	11002000107	15171002000105	9711002000103	0	116680003	900000000000011006	900000000000451002
138811002000126	20250509	1	11002000107	15161002000100	9711002000103	0	116680003	900000000000011006	900000000000451002
138821002000121	20250509	1	11002000107	15181002000108	9711002000103	0	116680003	900000000000011006	900000000000451002
138831002000124	20250509	1	11002000107	15251002000108	1891002000103	0	116680003	900000000000011006	900000000000451002
138841002000127	20250509	1	11002000107	15291002000104	17591002000106	0	116680003	900000000000011006	900000000000451002
138851002000125	20250509	1	11002000107	15311002000100	17591002000106	0	116680003	900000000000011006	900000000000451002
138861002000128	20250509	1	11002000107	15331002000109	17591002000106	0	116680003	900000000000011006	900000000000451002
138871002000122	20250509	1	11002000107	15351002000104	7991002000100	0	116680003	900000000000011006	900000000000451002
138881002000120	20250509	1	11002000107	15371002000107	17571002000105	0	116680003	900000000000011006	900000000000451002
138891002000123	20250509	1	11002000107	12971002000101	31002000103	0	116680003	900000000000011006	900000000000451002
138901002000122	20250509	1	11002000107	13991002000108	15411002000108	0	116680003	900000000000011006	900000000000451002
138911002000120	20250509	1	11002000107	15411002000108	31002000103	0	116680003	900000000000011006	900000000000451002
138921002000125	20250509	1	11002000107	15491002000100	17591002000106	0	116680003	900000000000011006	900000000000451002
138931002000127	20250509	1	11002000107	15471002000101	17591002000106	0	116680003	900000000000011006	900000000000451002
138941002000124	20250509	1	11002000107	15531002000100	31002000103	0	116680003	900000000000011006	900000000000451002
138951002000121	20250509	1	11002000107	15591002000101	31002000103	0	116680003	900000000000011006	900000000000451002
138961002000123	20250509	1	11002000107	15451002000109	15591002000101	0	116680003	900000000000011006	900000000000451002
138971002000129	20250509	1	11002000107	13651002000105	17491002000107	0	116680003	900000000000011006	900000000000451002
138981002000126	20250509	1	11002000107	17551002000102	17491002000107	0	116680003	900000000000011006	900000000000451002
138991002000128	20250509	1	11002000107	17591002000106	17601002000100	0	116680003	900000000000011006	900000000000451002
139001002000128	20250509	1	11002000107	16331002000101	17601002000100	0	116680003	900000000000011006	900000000000451002
139011002000125	20250509	1	11002000107	17371002000100	12591002000108	0	116680003	900000000000011006	900000000000451002
139021002000120	20250509	1	11002000107	17331002000103	17411002000104	0	116680003	900000000000011006	900000000000451002
139031002000123	20250509	1	11002000107	8531002000108	16761002000109	0	116680003	900000000000011006	900000000000451002
139041002000126	20250509	1	11002000107	15891002000103	16761002000109	0	116680003	900000000000011006	900000000000451002
139051002000129	20250509	1	11002000107	15911002000101	1501002000106	0	116680003	900000000000011006	900000000000451002
139061002000127	20250509	1	11002000107	17611002000102	31002000103	0	116680003	900000000000011006	900000000000451002
139071002000121	20250509	1	11002000107	15961002000103	17611002000102	0	116680003	900000000000011006	900000000000451002
139081002000124	20250509	1	11002000107	16101002000109	9801002000107	0	116680003	900000000000011006	900000000000451002
139091002000122	20250509	1	11002000107	17621002000108	17591002000106	0	116680003	900000000000011006	900000000000451002
139101002000129	20250509	1	11002000107	16191002000104	17621002000108	0	116680003	900000000000011006	900000000000451002
139111002000126	20250509	1	11002000107	16211002000103	17621002000108	0	116680003	900000000000011006	900000000000451002
139121002000121	20250509	1	11002000107	16231002000107	17621002000108	0	116680003	900000000000011006	900000000000451002
139131002000124	20250509	1	11002000107	16271002000105	8221002000107	0	116680003	900000000000011006	900000000000451002
139141002000127	20250509	1	11002000107	12321002000103	17551002000102	0	116680003	900000000000011006	900000000000451002
139151002000125	20250509	1	11002000107	12191002000103	13651002000105	0	116680003	900000000000011006	900000000000451002
139161002000128	20250509	1	11002000107	16301002000107	7881002000108	0	116680003	900000000000011006	900000000000451002
139171002000122	20250509	1	11002000107	17271002000107	31002000103	0	116680003	900000000000011006	900000000000451002
139181002000120	20250509	1	11002000107	3061002000100	13141002000103	0	116680003	900000000000011006	900000000000451002
139191002000123	20250509	1	11002000107	14631002000102	8061002000109	0	116680003	900000000000011006	900000000000451002
139201002000121	20250509	1	11002000107	17601002000100	17491002000107	0	116680003	900000000000011006	900000000000451002
