id	effectiveTime	active	moduleId	refsetId	referencedComponentId	acceptabilityId
80001e00-1d33-48a5-a4ab-8d9949ba2813	20250509	1	11002000107	900000000000509007	11921002000114	900000000000549004
80331b29-eb43-4316-bbe9-7c9cf5efe50a	20250509	1	11002000107	900000000000509007	24201002000117	900000000000548007
803b57ff-98b6-49e2-b737-2e1121f4022b	20250509	1	11002000107	900000000000509007	35141002000114	900000000000549004
803fe02e-0038-4897-88b4-2f2e59a2c29e	20250509	1	11002000107	900000000000509007	5201002000110	900000000000548007
805ae98c-259c-4c07-a84a-60297a47c738	20250509	1	11002000107	900000000000509007	40131002000111	900000000000548007
805af7b8-49f9-40e8-b1d0-9a664dbd5ed5	20250509	1	11002000107	900000000000509007	7271002000113	900000000000549004
806b1c34-4bb2-4282-9363-b95dc0e0b922	20250509	1	11002000107	900000000000509007	17901002000112	900000000000548007
80737901-d0c0-46d0-8b51-8d0e7c0e73ed	20250509	1	11002000107	900000000000509007	40571002000118	900000000000549004
808bfde9-d75b-4a86-bb7a-bb31adfe8920	20250509	1	11002000107	900000000000509007	34661002000116	900000000000549004
808c94a4-bb39-4354-88fe-19645ef94da7	20250509	1	11002000107	900000000000509007	22761002000119	900000000000548007
80975123-7ef9-4fdd-863a-45b76d651f9b	20250509	1	11002000107	900000000000509007	6821002000111	900000000000548007
809a4bb8-fb85-4efb-8faf-3c0223d8a7a6	20250509	1	11002000107	900000000000509007	27501002000114	900000000000548007
80b9618d-f657-4618-87ef-0d0d9ec86de9	20250509	1	11002000107	900000000000509007	4951002000119	900000000000548007
80bb789f-70b2-44c2-8b7d-ab0725813da9	20250509	1	11002000107	900000000000509007	48611002000111	900000000000549004
80c1f085-c7c1-4266-84e9-65fbcafd303e	20250509	1	11002000107	900000000000509007	17971002000115	900000000000548007
80c548d2-424e-4be2-aa0d-847061516aa8	20250509	1	11002000107	900000000000509007	41271002000114	900000000000548007
80d05556-8ce6-49da-973d-76998f7afab2	20250509	1	11002000107	900000000000509007	1431002000115	900000000000548007
80fc91cb-918a-4380-abb7-6015793ac8ce	20250509	1	11002000107	900000000000509007	31491002000110	900000000000548007
81119690-5bfe-4c68-828a-898837d9f0f1	20250509	1	11002000107	900000000000509007	41461002000115	900000000000548007
815ae36c-eb54-479f-af3e-14d69ddc974a	20250509	1	11002000107	900000000000509007	34171002000119	900000000000548007
81627646-0142-4079-ae4f-4ecad00e756a	20250509	1	11002000107	900000000000509007	15821002000116	900000000000548007
816a1e0c-7fba-433c-b286-81571f09b8d0	20250509	1	11002000107	900000000000509007	43561002000118	900000000000548007
816ea72b-b3e1-4feb-885b-3381a54c3690	20250509	1	11002000107	900000000000509007	1351002000115	900000000000548007
816ec73f-221c-422e-823f-03a8d2963237	20250509	1	11002000107	900000000000509007	43361002000111	900000000000549004
819499a1-a434-49d7-bea0-877bcf3fe330	20250509	1	11002000107	900000000000509007	42031002000114	900000000000548007
81b48304-cedb-45cb-9385-b90465b948d4	20250509	1	11002000107	900000000000509007	32251002000112	900000000000548007
81b63bfa-9fbe-4c35-811b-097026c72929	20250509	1	11002000107	900000000000509007	1531002000116	900000000000548007
81c6c674-4ede-4d98-aa76-5a62cf22ac3f	20250509	1	11002000107	900000000000509007	14581002000116	900000000000548007
81caf705-0fd0-48b2-869b-bfe25c931d04	20250509	1	11002000107	900000000000509007	6951002000111	900000000000549004
81cf356d-f6ee-4bc8-a28f-77e0a42f5f0d	20250509	1	11002000107	900000000000509007	3041002000115	900000000000548007
81da3721-af72-46c4-8b74-22681f46af0a	20250509	1	11002000107	900000000000509007	10711002000113	900000000000548007
81dbcb34-59f4-44c0-8283-bc3e04add129	20250509	1	11002000107	900000000000509007	39931002000118	900000000000548007
81dc9005-fd0c-467e-af58-a17e4372635b	20250509	1	11002000107	900000000000509007	13511002000112	900000000000548007
81fea01b-0171-4077-831b-a41cabb8965a	20250509	1	11002000107	900000000000509007	22691002000115	900000000000549004
820e7a7c-9d50-4fef-a34d-2b5a24455e9c	20250509	1	11002000107	900000000000509007	16961002000111	900000000000548007
8219883c-4d15-464a-8b84-83aa5658fd01	20250509	1	11002000107	900000000000509007	31261002000117	900000000000548007
821ae626-9a9b-4c93-903a-854567d4cee9	20250509	1	11002000107	900000000000509007	29501002000119	900000000000548007
822c2654-5177-4893-b3bd-eac0e59e2eb1	20250509	1	11002000107	900000000000509007	24161002000114	900000000000548007
825af5ee-1db6-4ba8-b3af-584193573a86	20250509	1	11002000107	900000000000509007	24021002000118	900000000000548007
825b9c09-f803-4de9-aab3-ed76bbdc4d07	20250509	1	11002000107	900000000000509007	29891002000110	900000000000548007
82707db1-8ee2-4bd9-821f-620bd32b52c2	20250509	1	11002000107	900000000000509007	20341002000115	900000000000549004
8290d5fd-5658-4d28-bf7a-8653015752a8	20250509	1	11002000107	900000000000509007	35771002000119	900000000000549004
829371de-1741-4d26-90f4-8d5ed3aaddd4	20250509	1	11002000107	900000000000509007	36131002000110	900000000000549004
82a09c4c-55bc-4a5f-bf4c-c232e620b429	20250509	1	11002000107	900000000000509007	45001002000112	900000000000548007
82a292dc-e406-480a-a79d-23776d17392d	20250509	1	11002000107	900000000000509007	10011002000110	900000000000548007
82a689f7-e43b-4d39-9ce5-29921db8eeb9	20250509	1	11002000107	900000000000509007	1961002000119	900000000000549004
82ab51c4-41c2-4d60-8b98-46e85ffcf5df	20250509	1	11002000107	900000000000509007	48521002000116	900000000000549004
82bc7c76-c77d-4d58-8d21-fc0576e799a3	20250509	1	11002000107	900000000000509007	16361002000112	900000000000548007
82cfcc0d-a9c6-41e8-ab23-62c0743117fe	20250509	1	11002000107	900000000000509007	21031002000118	900000000000548007
82d93557-35cd-494e-83a5-b51642a6b39b	20250509	1	11002000107	900000000000509007	21101002000111	900000000000548007
82f80d4e-aeb8-47d2-9f9e-7843ecf7b860	20250509	1	11002000107	900000000000509007	39521002000113	900000000000549004
82ff1c5f-9d02-43ab-beed-638938fd8f4b	20250509	1	11002000107	900000000000509007	47931002000110	900000000000548007
830723cc-fc50-46de-902a-c4f64fa05d32	20250509	1	11002000107	900000000000509007	41981002000115	900000000000549004
83214ffe-1479-4a47-b8d0-83f6df8e273a	20250509	1	11002000107	900000000000509007	35301002000110	900000000000548007
83275473-4a8f-4a96-b137-b91693b3b2c7	20250509	1	11002000107	900000000000509007	41061002000110	900000000000548007
832f67b2-2dd6-4f5c-9660-32cc8dbf7f4e	20250509	1	11002000107	900000000000509007	5591002000119	900000000000548007
833eb8ea-a714-4b56-a081-18d9e4976066	20250509	1	11002000107	900000000000509007	26651002000111	900000000000549004
83405f0d-808f-4906-a979-4b1caede5094	20250509	1	11002000107	900000000000509007	10261002000119	900000000000548007
835953fd-127d-457d-a0ee-2c6a15ede4c9	20250509	1	11002000107	900000000000509007	27471002000116	900000000000548007
837c080d-84a2-4bcc-b38f-8dbe478a726e	20250509	1	11002000107	900000000000509007	8251002000116	900000000000548007
837d0656-c9af-4eb3-a0cf-9111ed326bd8	20250509	1	11002000107	900000000000509007	40391002000112	900000000000549004
8394a1c3-0666-4d9c-b863-2368e8c9b076	20250509	1	11002000107	900000000000509007	12291002000114	900000000000548007
839924f9-3323-40bd-8812-b57bfe141c68	20250509	1	11002000107	900000000000509007	25061002000111	900000000000548007
839b1f8f-ec6d-42e1-a795-8f18856e9f33	20250509	1	11002000107	900000000000509007	4251002000110	900000000000548007
83a02ded-c1a0-46d8-98c9-1ae2269ed2df	20250509	1	11002000107	900000000000509007	12721002000115	900000000000548007
83a57c00-0425-41b3-8ccf-a2aa88ca9f6d	20250509	1	11002000107	900000000000509007	48491002000118	900000000000549004
83b0271d-a1fe-4739-a888-7c2b2d36724f	20250509	1	11002000107	900000000000509007	46861002000111	900000000000548007
83b58d26-5f1d-46dc-bf9c-99aafe8ed94b	20250509	1	11002000107	900000000000509007	8081002000117	900000000000549004
83b9d4f8-b1ba-4ec0-bb63-dd4d34019082	20250509	1	11002000107	900000000000509007	31181002000119	900000000000548007
83da2fd5-d923-43b5-bda6-f93661dd1803	20250509	1	11002000107	900000000000509007	42101002000116	900000000000549004
83e2b0bd-d2bd-4a61-843c-49506d51d750	20250509	1	11002000107	900000000000509007	35501002000119	900000000000549004
83e6a3d9-2d85-4dd6-9f85-652a85c7c0b0	20250509	1	11002000107	900000000000509007	30691002000119	900000000000548007
83e9b0e9-f8b9-459d-b1c1-3e57f3c65641	20250509	1	11002000107	900000000000509007	38241002000113	900000000000548007
83eae808-ca40-421a-940c-bc5839d5af6c	20250509	1	11002000107	900000000000509007	45381002000119	900000000000548007
83f11f99-1a4b-4ef3-81f6-19bac834579d	20250509	1	11002000107	900000000000509007	39101002000110	900000000000549004
83fc3c2d-6cdb-4ea0-a6c2-ae00c81bb46d	20250509	1	11002000107	900000000000509007	38261002000112	900000000000549004
840188a6-e014-4f3e-8160-399de67dcff7	20250509	1	11002000107	900000000000509007	31761002000114	900000000000548007
8404dbc8-08ac-45b6-835b-39bc4d0de6a9	20250509	1	11002000107	900000000000509007	2201002000118	900000000000549004
8442ea0f-8569-4092-9322-98b6aa319256	20250509	1	11002000107	900000000000509007	18871002000111	900000000000548007
845c9c36-7465-46f5-b199-ffe3755aa6be	20250509	1	11002000107	900000000000509007	44941002000114	900000000000548007
845da537-22ae-4cff-882a-5635b369e539	20250509	1	11002000107	900000000000509007	47211002000112	900000000000548007
8470581e-f903-47fe-8865-953688d2c506	20250509	1	11002000107	900000000000509007	26571002000119	900000000000548007
8471a988-a733-485b-aae3-3da193a74479	20250509	1	11002000107	900000000000509007	44281002000114	900000000000548007
848ceec9-0bdf-43c4-be55-26b50573f55e	20250509	1	11002000107	900000000000509007	7011002000111	900000000000549004
84972810-8948-4f6d-a548-46d3c167bbaa	20250509	1	11002000107	900000000000509007	20661002000110	900000000000548007
84a5acee-e1a5-45f5-931a-ecb709bf33eb	20250509	1	11002000107	900000000000509007	13301002000118	900000000000549004
84a5cb9b-21fe-42d7-a602-c5e43372a5f2	20250509	1	11002000107	900000000000509007	15121002000113	900000000000549004
84a9ed06-fd3c-4b8d-a687-48fdc31f729a	20250509	1	11002000107	900000000000509007	13961002000118	900000000000548007
84ae53f4-261f-4be9-85aa-ea216598fc00	20250509	1	11002000107	900000000000509007	13371002000110	900000000000548007
84bb5254-c4c0-4858-9fbc-5686540ac177	20250509	1	11002000107	900000000000509007	9011002000117	900000000000548007
84bc9e25-4947-4006-be21-a1fc7079b7aa	20250509	1	11002000107	900000000000509007	33581002000110	900000000000548007
84ca5103-2b3e-46e1-8170-35db4f4757df	20250509	1	11002000107	900000000000509007	31321002000116	900000000000548007
84d265df-97b1-451c-83d8-5eb10a34a013	20250509	1	11002000107	900000000000509007	26301002000115	900000000000548007
84ef2297-19bf-4f54-9fe1-6f363551f30c	20250509	1	11002000107	900000000000509007	2921002000115	900000000000548007
84f23921-f20b-4bc4-b397-722fec581735	20250509	1	11002000107	900000000000509007	10171002000119	900000000000548007
84f5d25c-da4b-48c5-961b-06cc532abd68	20250509	1	11002000107	900000000000509007	39971002000115	900000000000549004
84f721d2-8e4c-4a7d-b183-eaf128334749	20250509	1	11002000107	900000000000509007	30191002000111	900000000000548007
8507b01e-c993-4840-ab1b-f2d9e75bbcfd	20250509	1	11002000107	900000000000509007	43421002000111	900000000000549004
850b0b3d-34fe-46c3-9c96-b83d9c3bd552	20250509	1	11002000107	900000000000509007	1381002000114	900000000000548007
851c87ce-37bb-42cf-88b6-bb1c328c907c	20250509	1	11002000107	900000000000509007	38511002000111	900000000000548007
8521c306-487f-4114-a728-098366e65694	20250509	1	11002000107	900000000000509007	8661002000116	900000000000548007
85378499-1228-48da-913a-bee0991e68b4	20250509	1	11002000107	900000000000509007	8741002000112	900000000000548007
85427bdf-4ae3-42b3-8df7-42a3020c1e8e	20250509	1	11002000107	900000000000509007	15011002000118	900000000000548007
854e375a-7ab5-42bb-861e-3e167fdbb6dd	20250509	1	11002000107	900000000000509007	3991002000114	900000000000548007
855dbcc8-16d4-47bf-b42f-191b7f2a5f9f	20250509	1	11002000107	900000000000509007	11851002000114	900000000000548007
856cf18f-636c-4f53-b14f-d1e215cec608	20250509	1	11002000107	900000000000509007	13441002000110	900000000000548007
8574f763-2035-412e-b5fe-df9f6539c4e6	20250509	1	11002000107	900000000000509007	9061002000119	900000000000548007
8578d7ed-0395-490e-84f4-7b52ea892de1	20250509	1	11002000107	900000000000509007	12301002000110	900000000000548007
8587c9e8-892f-44b7-b7d4-f02a8790ce89	20250509	1	11002000107	900000000000509007	44041002000113	900000000000548007
8594ef47-7247-4494-ac25-d81eedf39f42	20250509	1	11002000107	900000000000509007	36521002000118	900000000000549004
85a4bb33-f887-4247-9fe2-bda502c85f21	20250509	1	11002000107	900000000000509007	43071002000116	900000000000548007
85a7eeba-6325-46b5-a31f-be6785cf8168	20250509	1	11002000107	900000000000509007	41691002000112	900000000000548007
85b19890-f402-4319-8a57-7cac0904b1ed	20250509	1	11002000107	900000000000509007	19481002000116	900000000000549004
85b640bf-a7b5-4860-90b1-123074c6d95c	20250509	1	11002000107	900000000000509007	28261002000114	900000000000549004
85cff86e-ee8a-49f5-b56b-f4de34668c92	20250509	1	11002000107	900000000000509007	10211002000117	900000000000548007
85d06e96-f84f-4617-a7c3-e81504d52f8a	20250509	1	11002000107	900000000000509007	2651002000116	900000000000548007
85d5eb84-3f11-4ec0-8c29-e1b22a60b749	20250509	1	11002000107	900000000000509007	34671002000114	900000000000548007
85dd421f-c72b-479c-9483-6134654ca8f2	20250509	1	11002000107	900000000000509007	40121002000113	900000000000549004
85e41850-92d7-462c-af39-9e5e37219f98	20250509	1	11002000107	900000000000509007	43931002000115	900000000000549004
85e84fb8-836e-4176-8584-675bad95d4c1	20250509	1	11002000107	900000000000509007	3581002000116	900000000000548007
85ec78cf-1c25-405c-b9c6-7e1ea2cab797	20250509	1	11002000107	900000000000509007	48751002000116	900000000000548007
85f2747f-f40c-4790-b9db-2e12b80642f9	20250509	1	11002000107	900000000000509007	14221002000118	900000000000548007
85f886e4-b43b-48a4-b7e9-4164c86bf367	20250509	1	11002000107	900000000000509007	10201002000115	900000000000548007
8607ca9d-a06a-49b0-999e-62fef784944a	20250509	1	11002000107	900000000000509007	44561002000116	900000000000549004
86153ec2-a562-40ea-837e-90a17b46378d	20250509	1	11002000107	900000000000509007	37661002000114	900000000000549004
862899d3-bd73-44b3-998d-fb2fb9902ea0	20250509	1	11002000107	900000000000509007	46931002000112	900000000000549004
86333ef4-4af4-4378-9cdc-823096abb980	20250509	1	11002000107	900000000000509007	17271002000111	900000000000548007
86353b35-758c-46af-979c-6aa50c926128	20250509	1	11002000107	900000000000509007	48071002000110	900000000000549004
8659350f-3f61-4069-8339-f323ca5858c8	20250509	1	11002000107	900000000000509007	11181002000110	900000000000549004
865bae83-857b-4f84-95d2-8271a09b0b6b	20250509	1	11002000107	900000000000509007	5031002000112	900000000000549004
86607f54-e594-4f18-a9dc-28ed4234baaf	20250509	1	11002000107	900000000000509007	13671002000118	900000000000548007
867094bd-77a7-4575-9b96-58dbd904a8a3	20250509	1	11002000107	900000000000509007	20121002000111	900000000000548007
86767d8e-9278-436d-9fdb-b369f2bd027a	20250509	1	11002000107	900000000000509007	40151002000118	900000000000549004
867f51a1-1bf7-4cee-9bcc-3bf07c4e3325	20250509	1	11002000107	900000000000509007	20141002000118	900000000000549004
86801d81-017b-4a19-8b13-9e82d974fa23	20250509	1	11002000107	900000000000509007	38831002000116	900000000000549004
86890411-7e94-4a1d-86c5-7a9559d46768	20250509	1	11002000107	900000000000509007	29231002000110	900000000000548007
868e08aa-c3f7-471b-999b-c87f6fe77837	20250509	1	11002000107	900000000000509007	6551002000118	900000000000548007
8691c26b-1f90-451a-be53-c2486014fe51	20250509	1	11002000107	900000000000509007	37991002000110	900000000000549004
86a1a1e2-6b0d-458f-85e1-1853b9579ae0	20250509	1	11002000107	900000000000509007	39761002000110	900000000000549004
86ac3721-ad7d-4fef-b3bd-d59e681f3836	20250509	1	11002000107	900000000000509007	13811002000114	900000000000548007
86b49d1c-f4d8-4b5b-9a21-884e0eb44737	20250509	1	11002000107	900000000000509007	26291002000116	900000000000549004
86c764e3-599f-4584-b54d-3ac3763ad2c6	20250509	1	11002000107	900000000000509007	34891002000114	900000000000548007
86c8c522-89b8-4bdc-b5b2-a42b5272a0f1	20250509	1	11002000107	900000000000509007	37931002000111	900000000000549004
86cc5d17-0a1f-4aad-a2a6-1adf9e681957	20250509	1	11002000107	900000000000509007	43741002000113	900000000000548007
86d3ed32-073f-4314-a9b1-71581188e24f	20250509	1	11002000107	900000000000509007	48511002000110	900000000000548007
870a4f04-8f28-4a88-a726-c1acd58d27a7	20250509	1	11002000107	900000000000509007	39701002000114	900000000000549004
870df73c-8c41-4d83-abc7-028eb55d9061	20250509	1	11002000107	900000000000509007	3321002000111	900000000000548007
8719d658-0ac2-4ff4-9ce0-c83df71cd857	20250509	1	11002000107	900000000000509007	32491002000116	900000000000549004
8721a4a2-0729-4f0c-bb77-3b94f22f8cff	20250509	1	11002000107	900000000000509007	10861002000115	900000000000548007
87455abe-f8de-40ab-b22a-ca441386f180	20250509	1	11002000107	900000000000509007	18881002000114	900000000000549004
8747c9bd-38a1-4819-9ac6-0bafcc12adca	20250509	1	11002000107	900000000000509007	23101002000110	900000000000548007
874a9b15-3945-4f51-aa91-76bcc78a4c55	20250509	1	11002000107	900000000000509007	401002000113	900000000000549004
874e3678-dcf4-42d9-8911-a87bbafbd0c1	20250509	1	11002000107	900000000000509007	13981002000114	900000000000548007
8755533c-c6be-40c2-a74c-691c193f6d27	20250509	1	11002000107	900000000000509007	30161002000117	900000000000548007
877b2525-d086-4433-9a0b-e08bb40e6795	20250509	1	11002000107	900000000000509007	6351002000112	900000000000549004
8784c9b6-37de-4fe5-bb6c-84e926ecae55	20250509	1	11002000107	900000000000509007	9801002000111	900000000000548007
87900cb5-5f0d-48c2-980c-a090e3e9597f	20250509	1	11002000107	900000000000509007	5371002000113	900000000000548007
87935c0f-6bb7-4c46-a72c-30a3b6618b83	20250509	1	11002000107	900000000000509007	22871002000117	900000000000548007
87a51b4b-bc36-437e-88a5-ad893d428b87	20250509	1	11002000107	900000000000509007	9881002000116	900000000000549004
87ab2f48-7e3c-42a7-bb0d-c4761bad2096	20250509	1	11002000107	900000000000509007	22681002000118	900000000000548007
87ac3f80-0d34-4b0b-9e97-05a764374e5c	20250509	1	11002000107	900000000000509007	10741002000112	900000000000548007
87aca5cb-800c-4460-9d79-201c7299cd51	20250509	1	11002000107	900000000000509007	46921002000114	900000000000548007
87bfed6c-d958-4e1b-955a-7d437f4a90d3	20250509	1	11002000107	900000000000509007	15631002000117	900000000000548007
87d2e226-730b-4335-8178-6e20ff3e0b46	20250509	1	11002000107	900000000000509007	41151002000112	900000000000548007
87e08b25-9073-4b78-9fa6-70127f48095e	20250509	1	11002000107	900000000000509007	26931002000110	900000000000548007
8822488f-640b-40ac-94ed-ffd26c7a6489	20250509	1	11002000107	900000000000509007	17691002000114	900000000000548007
8836927b-5251-41f4-894c-187ff90c3322	20250509	1	11002000107	900000000000509007	21191002000118	900000000000548007
88389051-6db0-4306-bb4d-0eb164f9a197	20250509	1	11002000107	900000000000509007	42811002000114	900000000000548007
88444a2b-c406-4f7d-964d-a1c6dbe0d5b4	20250509	1	11002000107	900000000000509007	41491002000114	900000000000548007
8877f409-4f0d-4088-856c-6a181bce404b	20250509	1	11002000107	900000000000509007	30011002000119	900000000000548007
88a74086-fdc0-4933-b1f6-822e6f1e16b1	20250509	1	11002000107	900000000000509007	10881002000111	900000000000549004
88c7f2cb-2913-43e3-8c83-f326452cac4e	20250509	1	11002000107	900000000000509007	21061002000113	900000000000548007
88cb361a-d883-4ffc-8901-c5c2a77edac8	20250509	1	11002000107	900000000000509007	5271002000118	900000000000549004
88cc0473-1c50-46e0-9eb2-88d7c2d3684d	20250509	1	11002000107	900000000000509007	44601002000116	900000000000548007
88d7f5e7-bf29-4945-8aeb-202599ca5f57	20250509	1	11002000107	900000000000509007	31571002000113	900000000000548007
88dc163f-2616-4e50-bd2e-78cedab7fa21	20250509	1	11002000107	900000000000509007	35401002000115	900000000000548007
88ef6ad7-1e40-4853-850d-09baec0156e2	20250509	1	11002000107	900000000000509007	10951002000112	900000000000548007
89124a26-84a6-4480-aa69-6f18222b47bb	20250509	1	11002000107	900000000000509007	48961002000116	900000000000548007
894c5195-c93c-42f7-b72e-bcea6cf47dd6	20250509	1	11002000107	900000000000509007	31831002000113	900000000000548007
89695812-8bad-432f-b48e-6b21d77d520c	20250509	1	11002000107	900000000000509007	14811002000111	900000000000548007
8985516c-5d4a-42d8-ace6-66cfea31ab31	20250509	1	11002000107	900000000000509007	31061002000111	900000000000548007
898c372b-e39c-48cf-baae-b460a3b44367	20250509	1	11002000107	900000000000509007	4001002000119	900000000000548007
89a156af-3829-4f4a-814c-329e917bb400	20250509	1	11002000107	900000000000509007	34641002000115	900000000000548007
89cc5774-c248-4d6b-ab81-6f8a996a3d5b	20250509	1	11002000107	900000000000509007	30781002000114	900000000000548007
89cede4a-4947-45c6-9129-d2e28295cbb6	20250509	1	11002000107	900000000000509007	42521002000118	900000000000549004
8a099cf2-5b00-43c0-9828-c86133ae293f	20250509	1	11002000107	900000000000509007	651002000114	900000000000548007
8a1ac3b9-1178-4cd9-b519-d6addc62f40c	20250509	1	11002000107	900000000000509007	9731002000111	900000000000549004
8a36a02b-ee6d-4695-a5c3-0da65434f19b	20250509	1	11002000107	900000000000509007	39861002000119	900000000000548007
8a3c6de5-133f-49a2-a01c-b77834186ea8	20250509	1	11002000107	900000000000509007	19871002000117	900000000000549004
8a5c435f-63ee-4f56-8c97-19aaeb144ee3	20250509	1	11002000107	900000000000509007	37911002000119	900000000000548007
8a681700-9b78-4929-bc4d-239b44007825	20250509	1	11002000107	900000000000509007	10541002000116	900000000000548007
8a73fba4-4ba1-4a75-b3ed-1bcae8acce30	20250509	1	11002000107	900000000000509007	46051002000115	900000000000548007
8aa20e23-cb13-4888-8e0e-84a701f0f014	20250509	1	11002000107	900000000000509007	25381002000117	900000000000548007
8aa8f7ab-cf9f-455b-ba21-96d22f7167bc	20250509	1	11002000107	900000000000509007	24661002000118	900000000000548007
8aa99d9f-04c8-4349-a940-235dc7fa39d3	20250509	1	11002000107	900000000000509007	16731002000118	900000000000549004
8ab4159d-9b38-4e55-ba4e-865896e05ce0	20250509	1	11002000107	900000000000509007	19511002000110	900000000000549004
8abf4ab2-e145-4c42-bd73-784be60698e4	20250509	1	11002000107	900000000000509007	6341002000110	900000000000548007
8ae74689-5370-4f9a-9074-9ef209efc92b	20250509	1	11002000107	900000000000509007	26901002000116	900000000000548007
8aea6fd8-2fcf-4ffd-a95b-e84ab2740af9	20250509	1	11002000107	900000000000509007	4381002000112	900000000000548007
8aebbf59-4d45-47e0-aca1-b95266ef5682	20250509	1	11002000107	900000000000509007	32751002000119	900000000000548007
8aeec078-9be1-482a-a575-f40c12b34296	20250509	1	11002000107	900000000000509007	40011002000118	900000000000548007
8afc35d0-1893-4ee4-a31d-fe12de76ae0b	20250509	1	11002000107	900000000000509007	25271002000110	900000000000548007
8afd2844-b693-4f9e-a625-47df443eac9b	20250509	1	11002000107	900000000000509007	22661002000114	900000000000549004
8b05b75d-8160-4857-8cb8-c0ab6c8051aa	20250509	1	11002000107	900000000000509007	37611002000111	900000000000548007
8b097a60-6a5b-466b-8edc-f2b636518d54	20250509	1	11002000107	900000000000509007	38621002000118	900000000000549004
8b24b8d3-4940-456e-8139-888455713b21	20250509	1	11002000107	900000000000509007	34851002000117	900000000000548007
8b3c7191-8682-4523-b368-5853627bebfe	20250509	1	11002000107	900000000000509007	44911002000110	900000000000548007
8b426bb9-db9e-4bb1-a0a8-bf1590c3cfd7	20250509	1	11002000107	900000000000509007	21241002000118	900000000000548007
8b498dc8-07a6-43e1-a92d-4000464f124c	20250509	1	11002000107	900000000000509007	23031002000117	900000000000549004
8b67f875-afaf-42a9-a8c8-a4086df3a29f	20250509	1	11002000107	900000000000509007	31111002000112	900000000000548007
8b6b449d-b363-49df-a98d-6ffcebe8f66c	20250509	1	11002000107	900000000000509007	46471002000115	900000000000548007
8b6c0dcb-15b0-4a21-bf38-ca0cf537f8df	20250509	1	11002000107	900000000000509007	831002000117	900000000000548007
8b6c95e2-2484-4092-b80a-4a974339dfa0	20250509	1	11002000107	900000000000509007	21121002000115	900000000000548007
8b93747b-9cd4-49bb-8aaa-d9aa1e1e7c17	20250509	1	11002000107	900000000000509007	28451002000113	900000000000548007
8bad45fb-57b3-4b9c-b9e4-ca015f764a65	20250509	1	11002000107	900000000000509007	13611002000113	900000000000548007
8bbd98cf-b920-42fc-aded-e46841e683c4	20250509	1	11002000107	900000000000509007	1911002000117	900000000000548007
8bbe6c11-de51-4574-9582-6672e1aace9a	20250509	1	11002000107	900000000000509007	2431002000111	900000000000548007
8bc465f0-fbe3-4cdb-90de-79dd53cbadd2	20250509	1	11002000107	900000000000509007	4511002000111	900000000000548007
8bd23cd5-fffa-4c39-afb0-5492fc3ec6ab	20250509	1	11002000107	900000000000509007	10151002000110	900000000000549004
8be31a28-4860-4ec6-a7e0-ab4cecd96814	20250509	1	11002000107	900000000000509007	13791002000110	900000000000548007
8c0218b4-cf59-4270-b44b-49ce4965d0e1	20250509	1	11002000107	900000000000509007	6371002000116	900000000000548007
8c035175-c5d9-46a4-a3fb-934868a8b58a	20250509	1	11002000107	900000000000509007	15871002000115	900000000000548007
8c1c8310-6fbd-465f-ab42-b00f61fb026a	20250509	1	11002000107	900000000000509007	45461002000118	900000000000549004
8c1d000c-5189-46d1-9ae1-f20cb9a6336e	20250509	1	11002000107	900000000000509007	21321002000118	900000000000548007
8c2b567d-1b11-4ed4-995b-02aac617cecd	20250509	1	11002000107	900000000000509007	27861002000112	900000000000548007
8c390107-a34d-45fa-bc4e-55355b441e12	20250509	1	11002000107	900000000000509007	33241002000115	900000000000549004
8c41b100-74b9-418a-83ba-e534357a5c4f	20250509	1	11002000107	900000000000509007	8901002000113	900000000000549004
8c43f41f-6f58-4da4-8a9a-793df99fefa4	20250509	1	11002000107	900000000000509007	16771002000115	900000000000548007
8c56d1e7-08c6-4b2e-858e-be710e22a3c9	20250509	1	11002000107	900000000000509007	6251002000115	900000000000548007
8c6aacad-ae6d-436f-a869-c2ea264af5dc	20250509	1	11002000107	900000000000509007	13251002000111	900000000000548007
8c84a140-d0d1-4813-9604-9110bd70cece	20250509	1	11002000107	900000000000509007	28601002000111	900000000000548007
8c8af69c-00c5-4e79-9ea8-400dc6b29c91	20250509	1	11002000107	900000000000509007	12001002000113	900000000000548007
8ca66de6-899e-4670-ab94-4b57ed8b67c4	20250509	1	11002000107	900000000000509007	42871002000119	900000000000548007
8cb446a4-ea39-4018-98d3-7bf6b55496b6	20250509	1	11002000107	900000000000509007	45021002000116	900000000000548007
8cbbd908-8403-4f81-b76b-c0d1d4c02bfe	20250509	1	11002000107	900000000000509007	45571002000110	900000000000548007
8cbf6657-815d-4582-b6d6-875bb1f1287d	20250509	1	11002000107	900000000000509007	12761002000112	900000000000549004
8cbfde74-75c9-4f39-8897-4b57515a6066	20250509	1	11002000107	900000000000509007	37471002000119	900000000000548007
8cc108fe-b2b9-4095-aa7e-41545a46ee65	20250509	1	11002000107	900000000000509007	41341002000113	900000000000548007
8cc82544-7090-47e3-98ab-7de6a30cb9ee	20250509	1	11002000107	900000000000509007	13071002000112	900000000000548007
8ce9c8ba-bd33-4907-9150-438c0417d53c	20250509	1	11002000107	900000000000509007	41291002000110	900000000000549004
8d3bc5cc-ef63-4eb1-b73d-f064b5fbc29c	20250509	1	11002000107	900000000000509007	7211002000118	900000000000548007
8d454753-5ef5-4a1a-ae22-129f150af281	20250509	1	11002000107	900000000000509007	46181002000110	900000000000549004
8d5f0550-2718-4021-b45a-5eff7a949920	20250509	1	11002000107	900000000000509007	20691002000116	900000000000548007
8d75b1b7-f808-4452-857d-c0a33b91d30d	20250509	1	11002000107	900000000000509007	46361002000116	900000000000549004
8d7b1e50-6f9c-443c-a5f4-9d44e721ad8d	20250509	1	11002000107	900000000000509007	6581002000112	900000000000548007
8d8d76b2-f6ef-49dd-b975-f2ac2b223a36	20250509	1	11002000107	900000000000509007	8731002000116	900000000000548007
8d91259b-bde0-4dee-a549-288e0de96786	20250509	1	11002000107	900000000000509007	27541002000111	900000000000549004
8d96bd4c-6da6-4895-9a2b-706386e584b0	20250509	1	11002000107	900000000000509007	40351002000115	900000000000548007
8da590b1-cf0d-4912-bfec-6d21a3f92feb	20250509	1	11002000107	900000000000509007	36921002000110	900000000000548007
8da72d7a-adda-40ac-bad0-a7a65f4892b6	20250509	1	11002000107	900000000000509007	16291002000110	900000000000549004
8db28998-a96d-4915-a041-762126cb14ff	20250509	1	11002000107	900000000000509007	4351002000118	900000000000548007
8dbfcbcd-fbb1-4495-a44d-17458ae4b878	20250509	1	11002000107	900000000000509007	28291002000115	900000000000549004
8dc35c65-2726-4a1d-90af-699cf9e09985	20250509	1	11002000107	900000000000509007	21201002000115	900000000000548007
8dcd94f6-5421-49af-b45a-f291e5e92849	20250509	1	11002000107	900000000000509007	16891002000111	900000000000548007
8dd5953b-d507-4a06-9e2f-5c7156bebfaf	20250509	1	11002000107	900000000000509007	40041002000119	900000000000548007
8df1863f-174c-41e0-a2a3-01afccaaa164	20250509	1	11002000107	900000000000509007	40911002000117	900000000000548007
8df870a9-c140-4324-9349-0691c30d6630	20250509	1	11002000107	900000000000509007	43781002000116	900000000000549004
8e0c6a5d-c5e6-4517-85d9-67022f8cca5d	20250509	1	11002000107	900000000000509007	47711002000116	900000000000549004
8e1f662d-a2c5-4a82-ad94-bb6eaed589ec	20250509	1	11002000107	900000000000509007	28751002000119	900000000000548007
8e5346ef-4e32-4eba-878c-75ca2d0049bd	20250509	1	11002000107	900000000000509007	11271002000119	900000000000549004
8e5b5c89-f554-4e02-a9a3-a8a5d2056a9d	20250509	1	11002000107	900000000000509007	29801002000117	900000000000548007
8e6efdd1-c5d8-48c4-ac77-3114a3ef67f6	20250509	1	11002000107	900000000000509007	26231002000115	900000000000549004
8e7fb719-e1c2-42f8-9980-4fa5321e9160	20250509	1	11002000107	900000000000509007	3491002000117	900000000000549004
8e94d730-beee-42fa-9b1d-aab43b638eaf	20250509	1	11002000107	900000000000509007	17991002000119	900000000000548007
8ea81dd1-249d-4c4c-8d7d-17ba57b30a92	20250509	1	11002000107	900000000000509007	5691002000115	900000000000549004
8eb8604b-ec89-41e1-8e08-ed6c7b479984	20250509	1	11002000107	900000000000509007	331002000112	900000000000548007
8eb98cf1-8e9b-4d9a-b72b-791121bb46b7	20250509	1	11002000107	900000000000509007	35701002000111	900000000000548007
8eca9f9b-8e3e-4cc8-a8b2-f1cd412fdf6c	20250509	1	11002000107	900000000000509007	47561002000112	900000000000549004
8ed1529c-62d3-4c30-8731-19e41dbbc60f	20250509	1	11002000107	900000000000509007	43021002000117	900000000000548007
8ed458a8-7eeb-4d80-aaf7-5e89fa59d476	20250509	1	11002000107	900000000000509007	18581002000111	900000000000549004
8ed5e5a2-ecf0-4b4f-914a-8764448e6d01	20250509	1	11002000107	900000000000509007	35711002000114	900000000000549004
8ee05adc-7585-4326-94d8-0934755483a4	20250509	1	11002000107	900000000000509007	8071002000115	900000000000548007
8ee13ab7-8e16-4921-92c9-b3ce5dc91c69	20250509	1	11002000107	900000000000509007	21751002000114	900000000000548007
8ee9d7d0-4df6-4d4b-a29d-82712a794a05	20250509	1	11002000107	900000000000509007	17891002000113	900000000000549004
8ef56147-84a2-49b9-9ee5-8b5e7b41d011	20250509	1	11002000107	900000000000509007	19861002000110	900000000000548007
8efeaa41-42e3-435f-a54d-79404bbe4332	20250509	1	11002000107	900000000000509007	47471002000118	900000000000549004
8f065fb6-07eb-45d7-9ef5-db0c2cd5fe37	20250509	1	11002000107	900000000000509007	24381002000116	900000000000549004
8f353dee-9d1a-423c-a2c6-b913367275a0	20250509	1	11002000107	900000000000509007	30731002000113	900000000000548007
8f3e79e1-9ce3-485b-af78-1c7f5d54b232	20250509	1	11002000107	900000000000509007	45521002000114	900000000000549004
8f58aece-505e-4435-95fd-886d8f690ff3	20250509	1	11002000107	900000000000509007	24751002000111	900000000000548007
8f5c760f-fb47-449d-a190-8c7435ad4645	20250509	1	11002000107	900000000000509007	36171002000113	900000000000548007
8f77a73d-b7d7-4406-8411-75b1828d27ee	20250509	1	11002000107	900000000000509007	4051002000115	900000000000548007
8f81452f-5c5d-4bbb-b626-8746752c6a57	20250509	1	11002000107	900000000000509007	1451002000113	900000000000549004
8f868390-9459-415c-8c47-17af3d7f9b5b	20250509	1	11002000107	900000000000509007	6931002000118	900000000000548007
8f8d3796-580a-49b6-b55e-3f1ab96a8b92	20250509	1	11002000107	900000000000509007	15501002000110	900000000000548007
8f9bd798-5c33-4289-ac79-81280d63564f	20250509	1	11002000107	900000000000509007	28351002000115	900000000000549004
8fb76e38-7195-473d-aafd-919eebecdfa7	20250509	1	11002000107	900000000000509007	10251002000116	900000000000549004
8fba37ef-29a4-478f-a2d6-852d757d1ea2	20250509	1	11002000107	900000000000509007	4171002000112	900000000000548007
8fd02a79-2b1a-488a-91a4-decd08f5ca82	20250509	1	11002000107	900000000000509007	25011002000113	900000000000549004
8ff293df-5f77-4007-aa62-aea43cefd0a5	20250509	1	11002000107	900000000000509007	27191002000114	900000000000548007
9000e877-85ef-4ac9-9ddc-4a69219911a9	20250509	1	11002000107	900000000000509007	47121002000114	900000000000548007
9004c0c4-33cc-486f-9a7e-f560b02bf68d	20250509	1	11002000107	900000000000509007	12821002000113	900000000000549004
901658fb-ab77-4a49-aff3-473052dd8a13	20250509	1	11002000107	900000000000509007	41861002000117	900000000000549004
901f56a1-4810-47b2-84a2-14edf2d6b14d	20250509	1	11002000107	900000000000509007	32771002000110	900000000000548007
902e38bd-06f4-4915-ab26-5ef4519a80fd	20250509	1	11002000107	900000000000509007	35681002000113	900000000000549004
903bcb04-8833-4ab0-96d6-76dad16e4a96	20250509	1	11002000107	900000000000509007	25951002000110	900000000000548007
9056bee6-4a9e-45e3-8c1a-181c134db199	20250509	1	11002000107	900000000000509007	881002000116	900000000000549004
905af07a-5749-4d88-b2f9-6724dfd4143f	20250509	1	11002000107	900000000000509007	39191002000117	900000000000549004
90638c2b-5164-4482-9ad5-5057b69b44ac	20250509	1	11002000107	900000000000509007	47501002000111	900000000000549004
9065348f-3fe2-4530-8615-89edceb56b81	20250509	1	11002000107	900000000000509007	25991002000118	900000000000549004
90b495f6-a824-48e8-9336-1c3297856c56	20250509	1	11002000107	900000000000509007	31281002000113	900000000000548007
90cee536-4f13-47eb-8d50-74fe0b72db5b	20250509	1	11002000107	900000000000509007	46241002000113	900000000000549004
90d65fa1-f642-4bd2-aab0-c5b7475d631f	20250509	1	11002000107	900000000000509007	36731002000111	900000000000548007
90dcdc86-8f58-4a78-bc1d-b1767dda8874	20250509	1	11002000107	900000000000509007	19901002000117	900000000000549004
90e4541b-0236-48be-bb60-9d483eccc7eb	20250509	1	11002000107	900000000000509007	22551002000111	900000000000548007
90f954e8-ba4c-436d-b5ff-5f1eed3f4983	20250509	1	11002000107	900000000000509007	1181002000112	900000000000549004
90fc558b-5a54-410d-9268-a9386a11185d	20250509	1	11002000107	900000000000509007	6871002000112	900000000000548007
9105f479-9422-4608-b70a-6170f9f5bcfc	20250509	1	11002000107	900000000000509007	30411002000113	900000000000548007
910a8a71-6f04-4fc3-82ad-81e8f6fd3da3	20250509	1	11002000107	900000000000509007	4211002000114	900000000000549004
911cd20e-3bb0-4d22-a090-291d3e317799	20250509	1	11002000107	900000000000509007	18391002000119	900000000000548007
911fbe39-53e6-40b7-9894-6ab9d3dc426e	20250509	1	11002000107	900000000000509007	18821002000110	900000000000549004
91439155-78ae-4cd4-a224-bdb4c5b989c5	20250509	1	11002000107	900000000000509007	40871002000115	900000000000549004
91492919-2594-4bee-8903-52801c51b416	20250509	1	11002000107	900000000000509007	22911002000119	900000000000549004
914b48c6-4688-4bb2-b740-8ce5ce461fef	20250509	1	11002000107	900000000000509007	7081002000118	900000000000548007
91545a76-7449-4db3-8fa2-8dd6b21abb77	20250509	1	11002000107	900000000000509007	40771002000110	900000000000548007
916638c6-04a5-43b4-b0f3-6284a185199c	20250509	1	11002000107	900000000000509007	18091002000117	900000000000548007
916f5646-91bd-4c30-86ac-868e19e9436e	20250509	1	11002000107	900000000000509007	23931002000118	900000000000548007
9188a4e2-d5af-4391-9efd-5176f69269ba	20250509	1	11002000107	900000000000509007	33291002000110	900000000000548007
9196b858-e895-40f6-b30f-db49757d52ef	20250509	1	11002000107	900000000000509007	36721002000113	900000000000548007
91a7d380-a8ee-4f3b-b790-60f5256dc8c6	20250509	1	11002000107	900000000000509007	36201002000112	900000000000548007
91a8e579-2365-4a8d-92bb-dd75405f4d85	20250509	1	11002000107	900000000000509007	16981002000115	900000000000548007
91bddd91-b0f1-4144-9c8f-d1667d535c0b	20250509	1	11002000107	900000000000509007	23681002000111	900000000000548007
91ca84bd-8985-451b-bbf3-13b7f3528e8a	20250509	1	11002000107	900000000000509007	39811002000117	900000000000548007
91d3c460-4960-4da7-86d3-59d1be783f0a	20250509	1	11002000107	900000000000509007	28621002000115	900000000000549004
91edef50-a2e2-4ec3-a43d-e17559b6b6db	20250509	1	11002000107	900000000000509007	25541002000119	900000000000548007
91f1bf30-6158-45e9-99aa-663c3ab74b49	20250509	1	11002000107	900000000000509007	991002000112	900000000000548007
91fe37cc-5abf-498a-9ff8-06fbe74a512d	20250509	1	11002000107	900000000000509007	5551002000111	900000000000548007
920670c2-db8c-4177-b7d6-cd3dc0b865ba	20250509	1	11002000107	900000000000509007	19971002000114	900000000000548007
9220977a-b3d9-47cc-9f7a-8ccca8b91698	20250509	1	11002000107	900000000000509007	10061002000113	900000000000549004
923f93f5-be23-4204-abf0-0cfa9d153153	20250509	1	11002000107	900000000000509007	10491002000112	900000000000549004
9253c5b7-bbe5-40a1-b245-d295d52a00ed	20250509	1	11002000107	900000000000509007	23481002000113	900000000000548007
9274f124-4a8b-409a-ab9b-22eda02d4361	20250509	1	11002000107	900000000000509007	44531002000111	900000000000549004
92796e68-098e-41bc-9bef-e7485bf4c6b6	20250509	1	11002000107	900000000000509007	24141002000110	900000000000548007
927a04be-3b70-4127-9183-f2d0052af1db	20250509	1	11002000107	900000000000509007	5521002000116	900000000000548007
9288e0ea-b730-4618-a193-09d7a946de0d	20250509	1	11002000107	900000000000509007	41441002000119	900000000000549004
92956032-3704-4f22-b2a5-0cce8e497bfc	20250509	1	11002000107	900000000000509007	48141002000117	900000000000548007
929e6d2d-7415-4e5c-83a1-ef53bf10ccb0	20250509	1	11002000107	900000000000509007	24821002000114	900000000000548007
92a7d6d8-5708-4be9-a2ba-7cacb0d8850e	20250509	1	11002000107	900000000000509007	16941002000112	900000000000548007
92b042ec-8e31-40ec-9912-43ecaaf8c280	20250509	1	11002000107	900000000000509007	4631002000115	900000000000548007
92e643ee-8df5-47c7-a3b5-e5263d0c23cd	20250509	1	11002000107	900000000000509007	7501002000119	900000000000548007
92f44adb-4090-4b24-a042-0ac10d722ce7	20250509	1	11002000107	900000000000509007	45041002000114	900000000000549004
92f4652d-d35d-4cc6-b410-3e57aca440c7	20250509	1	11002000107	900000000000509007	41141002000110	900000000000549004
930b6c04-a94e-4172-ad48-6d648a7e3cca	20250509	1	11002000107	900000000000509007	43571002000111	900000000000549004
930e11d9-908b-40ac-a162-daa325b06ac9	20250509	1	11002000107	900000000000509007	45481002000114	900000000000548007
931d9aa9-d42a-4203-9b70-cd7000ff421b	20250509	1	11002000107	900000000000509007	17161002000111	900000000000548007
9325d84a-95d2-4ea7-9595-a1259117b19f	20250509	1	11002000107	900000000000509007	16781002000117	900000000000548007
932d4c58-4a03-4306-a688-ca411c0559a4	20250509	1	11002000107	900000000000509007	1501002000110	900000000000548007
933515b7-2038-472f-a18a-48ae56862d34	20250509	1	11002000107	900000000000509007	3761002000118	900000000000549004
9343618e-75e4-4bb4-88df-38b97239bdee	20250509	1	11002000107	900000000000509007	34481002000114	900000000000548007
934f5395-5f0a-4c30-8bb8-d310a091c378	20250509	1	11002000107	900000000000509007	5311002000118	900000000000548007
93924485-36a1-44fe-8997-4aba5f4228f4	20250509	1	11002000107	900000000000509007	1631002000117	900000000000549004
9393b2bc-7e39-4eb6-b91b-1ba637de9a82	20250509	1	11002000107	900000000000509007	3891002000115	900000000000548007
93957c7c-cb2e-4121-9b23-b7b301d1029d	20250509	1	11002000107	900000000000509007	30481002000115	900000000000548007
9397344c-bd8c-47a5-bf1a-e4ca593844e1	20250509	1	11002000107	900000000000509007	48841002000111	900000000000548007
93a0271b-f004-463c-b23d-aae604dae33e	20250509	1	11002000107	900000000000509007	20561002000114	900000000000548007
93a34bb5-de19-4627-862e-ac7ab4d4cd01	20250509	1	11002000107	900000000000509007	48301002000116	900000000000548007
93b549a0-ec4e-4e83-89aa-a3eab1bc5117	20250509	1	11002000107	900000000000509007	12011002000111	900000000000549004
93c307ae-1747-46f5-ad1a-6eb0979a1488	20250509	1	11002000107	900000000000509007	32671002000119	900000000000548007
93c48d17-10ba-4a60-9e85-9da76d1b14e8	20250509	1	11002000107	900000000000509007	20581002000118	900000000000549004
93e429cd-21cc-4685-88d5-9b0f87dacb31	20250509	1	11002000107	900000000000509007	39271002000111	900000000000548007
93e43751-47fe-48ae-b228-98f4373d7fa3	20250509	1	11002000107	900000000000509007	43551002000115	900000000000548007
93eaabc9-759d-46d5-8350-733d5a53b80b	20250509	1	11002000107	900000000000509007	26141002000116	900000000000549004
93ebdac6-d0ea-45eb-8127-9525d0b57069	20250509	1	11002000107	900000000000509007	9081002000110	900000000000548007
93f1fd71-a9ce-49de-9d23-91083c2d06dd	20250509	1	11002000107	900000000000509007	30341002000118	900000000000548007
93f5eb67-8ceb-4e64-915f-8e2ef71031a0	20250509	1	11002000107	900000000000509007	48101002000119	900000000000549004
93f70acd-31a4-4e86-9935-edc67f1a6a22	20250509	1	11002000107	900000000000509007	37741002000118	900000000000548007
9408ae9a-4c31-488a-a15f-fa85de2137f0	20250509	1	11002000107	900000000000509007	9901002000119	900000000000548007
941c80a9-3622-4d1f-b972-0fa9d6cd9bc5	20250509	1	11002000107	900000000000509007	29251002000117	900000000000548007
9432e3f2-7509-4214-aaf0-977dcaee9274	20250509	1	11002000107	900000000000509007	43901002000114	900000000000549004
94345743-1723-43e7-bb99-aefbd42a6564	20250509	1	11002000107	900000000000509007	25851002000115	900000000000549004
943a9ac2-fc40-495b-9f6a-ef6e9bd0d2d9	20250509	1	11002000107	900000000000509007	46771002000113	900000000000548007
94490e53-aca4-4769-80c4-45ee4743f542	20250509	1	11002000107	900000000000509007	9591002000116	900000000000548007
94511e1b-25be-40a7-8cfc-9b3167c32156	20250509	1	11002000107	900000000000509007	30611002000110	900000000000548007
947445e7-ee89-4cb9-bf2d-bce04a49877f	20250509	1	11002000107	900000000000509007	25431002000111	900000000000549004
947a4e8c-1791-4c74-a019-e6f1ce83c1e3	20250509	1	11002000107	900000000000509007	40231002000119	900000000000548007
94807b96-9c5d-4698-939a-b7db39939836	20250509	1	11002000107	900000000000509007	15981002000110	900000000000548007
948d651f-ca25-4ed5-aa97-ca984ad1cc5a	20250509	1	11002000107	900000000000509007	2111002000112	900000000000549004
9490b06e-c9d8-489c-85e4-bfea4f9922cc	20250509	1	11002000107	900000000000509007	14291002000116	900000000000548007
94953826-d5d6-4c83-9193-cfb19f73a735	20250509	1	11002000107	900000000000509007	9981002000114	900000000000548007
9497655d-872f-460f-9e7c-b2441ac77908	20250509	1	11002000107	900000000000509007	15561002000111	900000000000549004
949e16b2-6882-4249-a72e-27a678861514	20250509	1	11002000107	900000000000509007	18081002000115	900000000000548007
94b3f26f-879c-46da-9e78-f9f02ea6bd0a	20250509	1	11002000107	900000000000509007	10691002000110	900000000000548007
94b9e7f8-0a99-49be-bb50-0b00823148f3	20250509	1	11002000107	900000000000509007	44621002000112	900000000000549004
94bfd499-9748-419b-a1f2-cfd5ccfa0d17	20250509	1	11002000107	900000000000509007	17531002000111	900000000000549004
94c3db7a-b2ae-4889-b15b-e567cebed7e1	20250509	1	11002000107	900000000000509007	1841002000114	900000000000549004
94c40ebd-7a01-4987-acbf-cf7c1f8a1d00	20250509	1	11002000107	900000000000509007	6451002000119	900000000000548007
94c7ea39-ee0a-4b3a-9ba2-4b6eec5f3c46	20250509	1	11002000107	900000000000509007	29311002000113	900000000000548007
94d68a22-a036-4fa9-9b72-49e1b198e991	20250509	1	11002000107	900000000000509007	14731002000113	900000000000548007
94e0bee4-374a-4c0c-8bf1-cbf336af811f	20250509	1	11002000107	900000000000509007	25801002000119	900000000000548007
94e1f81b-00b1-4d97-8506-32f5d6c73e6f	20250509	1	11002000107	900000000000509007	44461002000117	900000000000548007
95528e6d-fd71-4ae7-aeb9-a6f310b199ab	20250509	1	11002000107	900000000000509007	3591002000118	900000000000548007
955826f4-da24-42d4-a276-f0dd90df1e01	20250509	1	11002000107	900000000000509007	24301002000111	900000000000548007
9567f547-5784-4f9d-b772-9742616e9ece	20250509	1	11002000107	900000000000509007	27651002000114	900000000000548007
956d9480-7830-42f0-af7c-a53acf7a758e	20250509	1	11002000107	900000000000509007	6181002000115	900000000000548007
95782ab0-5634-455b-b2b3-182e0b85a00b	20250509	1	11002000107	900000000000509007	37681002000118	900000000000548007
95808065-90ca-4bb9-8d85-5c7da1ba3df5	20250509	1	11002000107	900000000000509007	29531002000113	900000000000548007
958c6966-c109-4be3-9da1-a038820c71e1	20250509	1	11002000107	900000000000509007	27111002000118	900000000000548007
9593ffb3-7461-426a-b924-a8a60624e6a7	20250509	1	11002000107	900000000000509007	2401002000117	900000000000548007
959a394c-f417-416e-a448-42a6885d5f89	20250509	1	11002000107	900000000000509007	46831002000116	900000000000548007
95a7b3c6-5924-4c76-9660-08eb25dee772	20250509	1	11002000107	900000000000509007	3001002000117	900000000000549004
95b6b7ea-d7c9-4e7d-9a06-57366d114096	20250509	1	11002000107	900000000000509007	16051002000113	900000000000548007
95b748ad-48b9-49b9-a344-d2a9a1aa7be8	20250509	1	11002000107	900000000000509007	44831002000114	900000000000549004
95bc9381-3c3e-483e-9413-4fefacc28d69	20250509	1	11002000107	900000000000509007	39171002000118	900000000000548007
95c0a0f0-7329-4cc4-8f37-d627301b5bfe	20250509	1	11002000107	900000000000509007	9691002000117	900000000000548007
95dbbbc7-2a29-4409-b2f9-f3d53c7498d4	20250509	1	11002000107	900000000000509007	39841002000118	900000000000548007
95e2e373-5015-4d4d-8ea7-b860d75acbef	20250509	1	11002000107	900000000000509007	7061002000114	900000000000548007
95f4a485-282d-48eb-ad2f-2987c0f7ef9a	20250509	1	11002000107	900000000000509007	45391002000116	900000000000548007
960527fc-bab5-4518-8045-dfcc0d2bb984	20250509	1	11002000107	900000000000509007	48131002000113	900000000000549004
96124506-427e-4257-ad99-0a8087a7f373	20250509	1	11002000107	900000000000509007	3731002000113	900000000000548007
9616d081-97d8-4455-a620-6e4cc0864965	20250509	1	11002000107	900000000000509007	29431002000114	900000000000548007
963726fe-bdcb-4fcd-821e-fd0d5728da27	20250509	1	11002000107	900000000000509007	41421002000112	900000000000548007
96449511-811d-4594-adc1-50e865385e04	20250509	1	11002000107	900000000000509007	44191002000117	900000000000548007
9650527b-ae68-4ea1-822f-f225a9d32f4f	20250509	1	11002000107	900000000000509007	40161002000116	900000000000548007
965318ad-385d-4e0c-b738-25da2ec8fd65	20250509	1	11002000107	900000000000509007	26491002000117	900000000000548007
965ed962-bc92-4769-b674-5f34e51c5722	20250509	1	11002000107	900000000000509007	33121002000117	900000000000549004
9665f095-4042-49b5-aad3-bd67449e887f	20250509	1	11002000107	900000000000509007	15581002000115	900000000000548007
96720712-e35b-4c60-bb15-198d87241e99	20250509	1	11002000107	900000000000509007	12031002000119	900000000000548007
9678b2c7-3687-4bf3-a934-ac78e6723098	20250509	1	11002000107	900000000000509007	4371002000114	900000000000549004
9684a4df-1ffd-42db-80b3-46ca592b45a8	20250509	1	11002000107	900000000000509007	29001002000113	900000000000548007
969fe12c-f1c6-4caf-9a3a-3b55df58a8a5	20250509	1	11002000107	900000000000509007	21741002000112	900000000000548007
96b3553d-45fc-4909-a50c-ce0d05dbcedf	20250509	1	11002000107	900000000000509007	18461002000116	900000000000549004
96b70331-fc7a-4ebb-b737-d268fbae5b17	20250509	1	11002000107	900000000000509007	33061002000110	900000000000549004
96b9dbc7-19f9-49ba-84dd-d43e39223d4d	20250509	1	11002000107	900000000000509007	24041002000111	900000000000548007
96dc2e2e-d38b-4d83-bf9c-0bfcf2cf4872	20250509	1	11002000107	900000000000509007	47921002000112	900000000000549004
970545b5-0cbb-4fac-aece-dd38073bf768	20250509	1	11002000107	900000000000509007	37651002000112	900000000000548007
97147eb1-f72d-4dea-adcd-d88acdf30cc4	20250509	1	11002000107	900000000000509007	43161002000113	900000000000548007
971bbc78-cfc1-4350-bb62-cf4c3a0bc9b7	20250509	1	11002000107	900000000000509007	40291002000115	900000000000548007
971fce37-09c5-4267-9fe4-a986d9869221	20250509	1	11002000107	900000000000509007	30091002000110	900000000000548007
974e4cc5-95a0-460f-9887-8e394d596f9a	20250509	1	11002000107	900000000000509007	10471002000111	900000000000548007
97658b31-5ccd-4774-9b89-e49e68da8369	20250509	1	11002000107	900000000000509007	47861002000114	900000000000549004
9771a11b-ffb8-4319-831f-ee3b2ad25f69	20250509	1	11002000107	900000000000509007	1541002000112	900000000000549004
97a3a353-6b13-4403-9568-6ce7899ae698	20250509	1	11002000107	900000000000509007	40051002000117	900000000000548007
97a99fc1-7e39-48d4-a811-2a62382d334e	20250509	1	11002000107	900000000000509007	42011002000117	900000000000549004
97b56285-d3bb-4d75-b578-132df136aa13	20250509	1	11002000107	900000000000509007	8351002000113	900000000000549004
97bbf406-63fc-43a1-b092-4bdfbb2f3c3f	20250509	1	11002000107	900000000000509007	4151002000116	900000000000548007
97c1be73-8bec-4293-a467-f9dc93e0ea78	20250509	1	11002000107	900000000000509007	46171002000112	900000000000548007
97cf33f9-f380-455c-a63b-cb97af123593	20250509	1	11002000107	900000000000509007	21591002000111	900000000000548007
97d64a41-689c-40a2-9ed7-4058f51e95e4	20250509	1	11002000107	900000000000509007	561002000110	900000000000548007
97d89299-c1dc-4bcb-92ff-ed7b66a3c19b	20250509	1	11002000107	900000000000509007	37441002000113	900000000000548007
97de93eb-8742-4f34-a9e8-5782a67fecb1	20250509	1	11002000107	900000000000509007	46971002000110	900000000000548007
97ec7f7f-4fe6-463b-bb62-a130f76b972a	20250509	1	11002000107	900000000000509007	35011002000111	900000000000548007
97f1a65d-8eee-4db9-96b3-3f8b8643ee61	20250509	1	11002000107	900000000000509007	36451002000112	900000000000548007
97fcdb8b-7b23-4d32-8a2e-9b9eaf3c8964	20250509	1	11002000107	900000000000509007	23271002000111	900000000000548007
97fee478-c3c0-460b-ab8c-175e0790a342	20250509	1	11002000107	900000000000509007	27741002000115	900000000000548007
9807ce4b-7722-4d93-84ea-9892eaff7dc6	20250509	1	11002000107	900000000000509007	4811002000113	900000000000548007
9834c32c-be24-4ad0-93b7-4be3a25db394	20250509	1	11002000107	900000000000509007	46501002000113	900000000000548007
983a0fe8-bc0e-4e19-adb2-86fa65b80141	20250509	1	11002000107	900000000000509007	38861002000111	900000000000549004
984fc7a0-f758-4d9f-bc34-f15db6e96246	20250509	1	11002000107	900000000000509007	26441002000112	900000000000549004
986ab698-ba33-4609-a649-44a80a53b9e7	20250509	1	11002000107	900000000000509007	24931002000116	900000000000548007
987a870f-0f97-4f22-8f99-a64a2cc9a799	20250509	1	11002000107	900000000000509007	47831002000119	900000000000549004
989aa09f-fa86-464b-84d0-5fe6ae7ca71d	20250509	1	11002000107	900000000000509007	7031002000119	900000000000548007
989ed34f-4635-45c0-a629-3890c1dabc7f	20250509	1	11002000107	900000000000509007	521002000118	900000000000549004
98ead714-3106-49ed-94da-e817004952e3	20250509	1	11002000107	900000000000509007	34191002000118	900000000000549004
9911b458-83bf-480e-85c9-5cc82850a865	20250509	1	11002000107	900000000000509007	2821002000110	900000000000548007
99221c61-4e36-473d-baaa-1dd3ed9b36f4	20250509	1	11002000107	900000000000509007	28171002000114	900000000000549004
99278e2f-d22c-4e63-a2f8-47514a79e3e4	20250509	1	11002000107	900000000000509007	3111002000115	900000000000548007
9931952f-dcf0-4491-b686-98659afdd02c	20250509	1	11002000107	900000000000509007	23921002000116	900000000000548007
99577242-837a-4edb-a8b6-cd480465cfd8	20250509	1	11002000107	900000000000509007	9191002000114	900000000000548007
995b67f0-509c-4ec3-8097-84ba87c65f35	20250509	1	11002000107	900000000000509007	27701002000117	900000000000548007
9975d00d-4868-48e2-b101-577e884872b3	20250509	1	11002000107	900000000000509007	5381002000111	900000000000548007
9981cbd5-c6c9-48b1-8fde-63b65e0586ad	20250509	1	11002000107	900000000000509007	41401002000116	900000000000548007
9987e657-d7f3-429a-9fb2-3a3534c68626	20250509	1	11002000107	900000000000509007	33971002000118	900000000000548007
998d0fe0-a4d7-4997-8379-9f56724cf529	20250509	1	11002000107	900000000000509007	5281002000115	900000000000548007
9993df26-64e5-423b-8b66-38d0a4aff7ec	20250509	1	11002000107	900000000000509007	20191002000113	900000000000548007
999429db-cce3-4ed3-a801-f22bb9e26cd7	20250509	1	11002000107	900000000000509007	12841002000115	900000000000548007
9995c565-b04f-4671-a3f3-f57a05e0a3ba	20250509	1	11002000107	900000000000509007	14961002000115	900000000000548007
99a3a43f-4bd0-43d4-b687-627d659e54db	20250509	1	11002000107	900000000000509007	33481002000111	900000000000549004
99a98037-cac2-485c-9280-88eff5f283cd	20250509	1	11002000107	900000000000509007	24421002000112	900000000000548007
99af32d8-3b44-4a5a-aefc-6609eb941168	20250509	1	11002000107	900000000000509007	42051002000116	900000000000548007
99b17b9c-5f3c-46d1-b742-52cbb0b9ccf9	20250509	1	11002000107	900000000000509007	42971002000111	900000000000549004
99d14876-4ad7-439d-980b-a89e1621dd40	20250509	1	11002000107	900000000000509007	18931002000117	900000000000548007
99d14f70-b5ef-4c19-923d-0792abb4e132	20250509	1	11002000107	900000000000509007	36211002000110	900000000000548007
99e387fa-bf0c-4674-a73e-1d3041cf6646	20250509	1	11002000107	900000000000509007	27731002000111	900000000000548007
99e5a946-1c60-4257-a046-d4d7e1625689	20250509	1	11002000107	900000000000509007	47771002000111	900000000000549004
99eebc58-0d95-4f12-b134-f5cf85b7f189	20250509	1	11002000107	900000000000509007	9481002000118	900000000000548007
99faef5d-d7a5-468c-b597-c2b392279f3a	20250509	1	11002000107	900000000000509007	30561002000112	900000000000548007
9a1096ca-ac29-43ab-b951-37808519520f	20250509	1	11002000107	900000000000509007	8921002000117	900000000000548007
9a31b6b0-ff19-4d40-8373-da58a09ead54	20250509	1	11002000107	900000000000509007	9491002000115	900000000000548007
9a388718-618a-4ef6-a434-832219c84c52	20250509	1	11002000107	900000000000509007	1661002000112	900000000000549004
9a4ce6fe-3693-42fc-b305-d975f8f7fd3f	20250509	1	11002000107	900000000000509007	8091002000119	900000000000548007
9a5663e2-ab90-4a85-ac59-b77764a26067	20250509	1	11002000107	900000000000509007	14241002000111	900000000000549004
9a588b54-01d2-4d1e-808a-428fa5b1b780	20250509	1	11002000107	900000000000509007	9941002000117	900000000000549004
9a5b1bd4-d5c9-45b3-858c-7637a1ec6c6e	20250509	1	11002000107	900000000000509007	26721002000110	900000000000548007
9a732da5-24b4-4672-9e38-230f3575503b	20250509	1	11002000107	900000000000509007	36371002000110	900000000000549004
9a805c37-6f6a-444b-aacc-356b5fb9f8b6	20250509	1	11002000107	900000000000509007	21981002000118	900000000000548007
9aa923c6-eadb-43dc-a191-853acf7a6ba6	20250509	1	11002000107	900000000000509007	26091002000110	900000000000548007
9abd453a-bd65-4440-81c9-80b37dc38149	20250509	1	11002000107	900000000000509007	27521002000118	900000000000548007
9abf49eb-d083-47ed-bb2a-03080cc8175f	20250509	1	11002000107	900000000000509007	18171002000117	900000000000548007
9ac49097-9436-4958-8cb3-713815e84daa	20250509	1	11002000107	900000000000509007	20531002000119	900000000000548007
9ac9e122-cc41-436a-a833-b8a4ea8da1b3	20250509	1	11002000107	900000000000509007	4981002000113	900000000000548007
9ad4c6ef-ab1b-43a9-96e9-b67cac995dca	20250509	1	11002000107	900000000000509007	47111002000115	900000000000549004
9ad4f067-6d19-4321-8ada-df670df9cb26	20250509	1	11002000107	900000000000509007	19151002000115	900000000000549004
9ad868ac-d95b-411f-ba27-c3c62493250b	20250509	1	11002000107	900000000000509007	10651002000118	900000000000548007
9af2b305-1a8b-4dd7-948e-0e4647cb57ed	20250509	1	11002000107	900000000000509007	37011002000115	900000000000548007
9b146ed7-335d-4265-9137-416dba6a0afd	20250509	1	11002000107	900000000000509007	42061002000119	900000000000548007
9b28ba23-fd63-4b53-bbd0-848dda081577	20250509	1	11002000107	900000000000509007	39711002000112	900000000000548007
9b2e8092-3c1c-45cc-84b7-4f76425d8aaa	20250509	1	11002000107	900000000000509007	30891002000115	900000000000548007
9b3527fc-62f6-4434-afbc-694290ceddb4	20250509	1	11002000107	900000000000509007	27721002000113	900000000000549004
9b358d13-173e-4bdb-ab3d-427eab2119ec	20250509	1	11002000107	900000000000509007	48851002000113	900000000000549004
9b404748-877e-4279-b98b-275866806076	20250509	1	11002000107	900000000000509007	1141002000115	900000000000548007
9b4b0ef6-2601-446a-b157-6cfe6c25cfad	20250509	1	11002000107	900000000000509007	17381002000118	900000000000549004
9b4e2e6b-7ea3-467e-8b03-b37fd48158a0	20250509	1	11002000107	900000000000509007	22061002000117	900000000000548007
9b60b721-0872-47d9-8606-6fb71b151d7d	20250509	1	11002000107	900000000000509007	46391002000110	900000000000549004
9b6715b7-13b5-4be9-a8ec-b7ac371bebef	20250509	1	11002000107	900000000000509007	34101002000111	900000000000549004
9b77a425-1571-4fb4-9335-543a2c6dc867	20250509	1	11002000107	900000000000509007	19131002000113	900000000000548007
9b9ba410-1e13-4025-bdb6-f496c78c5ff5	20250509	1	11002000107	900000000000509007	15151002000118	900000000000549004
9bd37bf5-36bd-489c-960b-e697d80040ca	20250509	1	11002000107	900000000000509007	26731002000113	900000000000548007
9bd45864-9321-434c-90f0-d6fb6fd15279	20250509	1	11002000107	900000000000509007	10301002000114	900000000000548007
9bdae0a2-d203-48c5-a3ec-daf4811d861f	20250509	1	11002000107	900000000000509007	36771002000114	900000000000548007
9be49fab-2deb-43f9-90e3-515f491a397c	20250509	1	11002000107	900000000000509007	2861002000118	900000000000548007
9be88dc2-e221-496d-8cd9-a66ab4fcc7e8	20250509	1	11002000107	900000000000509007	33761002000113	900000000000548007
9bf5d526-693d-4ebb-9908-0cb95aab503e	20250509	1	11002000107	900000000000509007	26431002000116	900000000000548007
9bfec9f7-e569-4ff2-8c09-c16f2f59d17c	20250509	1	11002000107	900000000000509007	28431002000115	900000000000548007
9c069d40-faec-4c83-9e3f-8fdfb417e528	20250509	1	11002000107	900000000000509007	2931002000117	900000000000548007
9c0fda62-05dd-4f5d-b9f2-5160cb84aac0	20250509	1	11002000107	900000000000509007	40101002000117	900000000000548007
9c239ee2-82db-4f0c-97f1-ceffe282fc81	20250509	1	11002000107	900000000000509007	7421002000111	900000000000549004
9c2a65c2-75ef-4350-8f3c-a7dcef519cef	20250509	1	11002000107	900000000000509007	37601002000113	900000000000549004
9c4b3e80-11a0-4c62-ae1a-f8f5722a651a	20250509	1	11002000107	900000000000509007	491002000115	900000000000549004
9c5a0408-b108-4b4d-a32b-4cbf1e058166	20250509	1	11002000107	900000000000509007	23641002000119	900000000000548007
9c6b634c-464d-498d-a26a-b101a118e7f5	20250509	1	11002000107	900000000000509007	12701002000111	900000000000549004
9c7064c7-5d29-44cb-bef8-e3b7973cd4bc	20250509	1	11002000107	900000000000509007	2281002000113	900000000000548007
9c83bb7d-fcdc-4ea7-a600-ea0941463766	20250509	1	11002000107	900000000000509007	41381002000116	900000000000549004
9c94c443-5411-49ae-961c-4aa3409a6210	20250509	1	11002000107	900000000000509007	45771002000118	900000000000548007
9c95c02a-8ae0-4abb-85da-c345f56c45f1	20250509	1	11002000107	900000000000509007	47271002000117	900000000000548007
9ca3d10f-dba5-441a-bdd5-a13cf694660d	20250509	1	11002000107	900000000000509007	6401002000118	900000000000548007
9cae425e-e4a7-46f9-8365-dbedfcc6584a	20250509	1	11002000107	900000000000509007	5571002000115	900000000000549004
9cb5e662-d825-4e2a-9f14-71e0f4659ceb	20250509	1	11002000107	900000000000509007	17431002000112	900000000000548007
9cbc1410-faa4-46ee-b4c4-1de26627bcd1	20250509	1	11002000107	900000000000509007	24651002000115	900000000000549004
9ccdc0e1-0501-4961-8e8f-c3351e94b3f3	20250509	1	11002000107	900000000000509007	41711002000110	900000000000549004
9cda3171-bff7-4c2d-afa7-55191d2783d8	20250509	1	11002000107	900000000000509007	25081002000115	900000000000548007
9cdfd9b7-e5bf-4bea-be4f-c11e7ce39d9c	20250509	1	11002000107	900000000000509007	28961002000119	900000000000548007
9ce51b10-bbf7-48b8-8db4-9ea762b6c6d2	20250509	1	11002000107	900000000000509007	39411002000115	900000000000548007
9cf25f0b-6cef-435f-8f4d-ce9d8a524921	20250509	1	11002000107	900000000000509007	27091002000113	900000000000548007
9cf68a12-faf8-4a6f-87d1-ac88e976d018	20250509	1	11002000107	900000000000509007	14611002000110	900000000000548007
9cf71366-2f21-4608-a5a3-50b89972e902	20250509	1	11002000107	900000000000509007	20381002000112	900000000000548007
9cfe8a9b-d5ed-45bb-8240-b4582573aea0	20250509	1	11002000107	900000000000509007	26501002000111	900000000000549004
9d09b52d-2852-41b9-ab1b-97cd953ae007	20250509	1	11002000107	900000000000509007	42501002000114	900000000000548007
9d0ec449-87dd-412e-b705-15f8df9846d0	20250509	1	11002000107	900000000000509007	39831002000114	900000000000548007
9d28fd6a-c788-4cab-ad3e-045609eaec11	20250509	1	11002000107	900000000000509007	471002000116	900000000000548007
9d2b9a6d-d8da-439d-95f1-ad8d25c3f45a	20250509	1	11002000107	900000000000509007	28191002000110	900000000000548007
9d2c9d3c-216d-4de5-a3b0-2c8d55579bdc	20250509	1	11002000107	900000000000509007	38411002000110	900000000000549004
9d30cdef-0f83-43ea-86a0-06496981bfc1	20250509	1	11002000107	900000000000509007	1341002000117	900000000000548007
9d37022e-b269-4f6a-a88b-ced60fb07dcb	20250509	1	11002000107	900000000000509007	47261002000110	900000000000549004
9d47308b-f093-439d-950f-795a68bc2c9f	20250509	1	11002000107	900000000000509007	19981002000112	900000000000548007
9d491790-6bbe-4d07-bec6-a61d09856203	20250509	1	11002000107	900000000000509007	9321002000114	900000000000549004
9d670d46-d8c4-4801-91f0-a6671384f4cd	20250509	1	11002000107	900000000000509007	43981002000119	900000000000548007
9d75e7b1-13af-4ce3-93de-d2f4a02f9af7	20250509	1	11002000107	900000000000509007	29681002000113	900000000000548007
9dc0a4a1-7f22-4326-b97a-4ce2c91e6529	20250509	1	11002000107	900000000000509007	7801002000117	900000000000548007
9dcf739d-565d-4ff4-9f4a-edf662835821	20250509	1	11002000107	900000000000509007	37781002000110	900000000000549004
9de64f34-8e9e-43a9-80e0-86d8ef3f79af	20250509	1	11002000107	900000000000509007	5321002000112	900000000000548007
9de801c6-8ec9-40b2-b99a-8ac18d20128c	20250509	1	11002000107	900000000000509007	25111002000112	900000000000548007
9df59cb5-73c7-4b48-a6fe-4c0cb12f6a44	20250509	1	11002000107	900000000000509007	6851002000116	900000000000548007
9df9fa9a-518e-4e70-9782-430577e12e19	20250509	1	11002000107	900000000000509007	40211002000111	900000000000549004
9dfa0759-d68d-4500-b489-12ba85940051	20250509	1	11002000107	900000000000509007	24501002000115	900000000000549004
9dfd5c10-65cf-4f45-952e-7c204cacf29a	20250509	1	11002000107	900000000000509007	38961002000117	900000000000548007
9e023c41-6005-4e30-ba3d-080c57320908	20250509	1	11002000107	900000000000509007	7201002000116	900000000000548007
9e086182-c991-4e5f-b083-1e175d71465e	20250509	1	11002000107	900000000000509007	41251002000118	900000000000548007
9e0b8892-18d0-4577-9872-06091e8e1efb	20250509	1	11002000107	900000000000509007	20101002000115	900000000000548007
9e168c51-c3b1-4d12-9924-813efbc493ac	20250509	1	11002000107	900000000000509007	24801002000118	900000000000549004
9e1e21da-873a-4036-a234-65a906c6a457	20250509	1	11002000107	900000000000509007	17181002000115	900000000000548007
9e1fdca6-cd19-4c2c-9d13-df180902b438	20250509	1	11002000107	900000000000509007	24941002000112	900000000000548007
9e2b58f0-e565-4e34-8fae-6bdb78a3289a	20250509	1	11002000107	900000000000509007	1091002000114	900000000000549004
9e2d4e39-d356-4510-a997-af7d14b7b325	20250509	1	11002000107	900000000000509007	39251002000115	900000000000549004
9e36584e-8d40-4f01-abfd-adaf853512cb	20250509	1	11002000107	900000000000509007	32121002000113	900000000000549004
9e447830-346e-48d6-9580-adc57fb159bd	20250509	1	11002000107	900000000000509007	34351002000113	900000000000548007
9e63a593-ca4e-4752-8ace-24d2a1bfa223	20250509	1	11002000107	900000000000509007	32021002000112	900000000000549004
9e755fb2-c921-44b6-8b45-6ec734da85df	20250509	1	11002000107	900000000000509007	3011002000119	900000000000548007
9e78580d-f901-4f30-998b-11a05bc4492a	20250509	1	11002000107	900000000000509007	34461002000118	900000000000549004
9e794568-a5c7-4500-926e-a20d1c50f5f1	20250509	1	11002000107	900000000000509007	43391002000117	900000000000549004
9e7947ca-6379-4a79-b9e7-34c702c5ad69	20250509	1	11002000107	900000000000509007	11021002000110	900000000000548007
9e83f402-f065-496f-ad44-2e9d085410f1	20250509	1	11002000107	900000000000509007	38011002000116	900000000000548007
9e9b057e-b163-4dec-bda4-2d5779bda26e	20250509	1	11002000107	900000000000509007	6801002000115	900000000000549004
9e9c4fe3-3dfb-48f4-a2c3-5e79d3cd131d	20250509	1	11002000107	900000000000509007	14191002000111	900000000000548007
9ea35e81-634b-4754-b5c3-6ddad9414a42	20250509	1	11002000107	900000000000509007	39001002000111	900000000000548007
9eafa85c-fcce-49bf-97c7-0e96d068d550	20250509	1	11002000107	900000000000509007	9131002000110	900000000000549004
9ec38fbb-1dd8-45d9-9e23-31eca490f24f	20250509	1	11002000107	900000000000509007	31931002000117	900000000000549004
9ed0e2c0-ea8d-4796-b691-7f7c25eaa5c2	20250509	1	11002000107	900000000000509007	11191002000113	900000000000548007
9eda080f-5252-466b-b3a9-7716009afd12	20250509	1	11002000107	900000000000509007	32261002000114	900000000000548007
9ef07cc7-bf0b-41d2-ad59-692ea429686e	20250509	1	11002000107	900000000000509007	45361002000110	900000000000548007
9ef39661-2e51-4f85-b1db-5a083e25aa44	20250509	1	11002000107	900000000000509007	28041002000119	900000000000548007
9f06d31d-5510-4ac1-bd32-59828c365046	20250509	1	11002000107	900000000000509007	11651002000113	900000000000549004
9f098f9b-08bb-46f2-89c0-fddc4a163342	20250509	1	11002000107	900000000000509007	27881002000116	900000000000548007
9f0e653d-6a00-4ccc-9a76-56b8324721dd	20250509	1	11002000107	900000000000509007	20281002000116	900000000000548007
9f1e6e73-8a9f-492d-8b13-6f4a74f5d090	20250509	1	11002000107	900000000000509007	6501002000117	900000000000549004
9f277e39-6972-40f9-99bd-12528e7f338b	20250509	1	11002000107	900000000000509007	22741002000118	900000000000548007
9f3b2dac-b060-4276-ab47-28df9aba853b	20250509	1	11002000107	900000000000509007	251002000111	900000000000549004
9f51fcec-f042-4143-bef4-6fe076e89d62	20250509	1	11002000107	900000000000509007	35261002000115	900000000000549004
9f52d273-dcd2-41c7-be9b-9fbba84775ec	20250509	1	11002000107	900000000000509007	22171002000111	900000000000548007
9f54dcd0-cb74-4841-b373-9cc02a02cb16	20250509	1	11002000107	900000000000509007	29901002000114	900000000000548007
9f564557-f78d-43a7-a442-c08a65ea1222	20250509	1	11002000107	900000000000509007	13891002000118	900000000000548007
9f6b908d-3742-4f2b-a542-f6469546df0c	20250509	1	11002000107	900000000000509007	29991002000116	900000000000548007
9f738fba-7af3-4d6c-ac03-6e1268c69bb1	20250509	1	11002000107	900000000000509007	38301002000117	900000000000548007
9f77da8b-d423-41f0-b340-42f7e08f8ba9	20250509	1	11002000107	900000000000509007	18961002000112	900000000000548007
9f82cc14-00e8-44b8-b46f-3a83e3230207	20250509	1	11002000107	900000000000509007	40261002000114	900000000000548007
9f854586-5b09-4f3f-adc9-cf65eebcb0af	20250509	1	11002000107	900000000000509007	741002000115	900000000000548007
9f9357d8-98f6-4832-8b2b-eaf3ec8f7ef5	20250509	1	11002000107	900000000000509007	3561002000112	900000000000548007
9f99e448-87fb-4801-bc08-27c2e5b7b7f1	20250509	1	11002000107	900000000000509007	3831002000119	900000000000548007
9f9dadb6-c66a-46df-ac18-ee8c18f47ead	20250509	1	11002000107	900000000000509007	5661002000114	900000000000549004
9fa08f20-126c-4865-a157-430155fccad4	20250509	1	11002000107	900000000000509007	27141002000119	900000000000548007
9fa095d0-6282-415d-9516-d3b9172578ea	20250509	1	11002000107	900000000000509007	26471002000118	900000000000549004
9fa7e442-7336-44d9-bbee-63b2093cc56f	20250509	1	11002000107	900000000000509007	22281002000115	900000000000548007
9fb1c443-4590-4933-8ce1-4159910371cb	20250509	1	11002000107	900000000000509007	2411002000119	900000000000549004
9fdef4d7-4c22-40ea-b5d6-764306d9a052	20250509	1	11002000107	900000000000509007	41781002000117	900000000000548007
9fecbb13-977e-4a4c-af60-bc95fbf1b2ff	20250509	1	11002000107	900000000000509007	31021002000119	900000000000548007
a0129873-c2da-4cb5-805c-ef409ad44cd5	20250509	1	11002000107	900000000000509007	12541002000117	900000000000548007
a0132e35-4531-441a-9e33-9a0b5a310984	20250509	1	11002000107	900000000000509007	15431002000115	900000000000548007
a01933f4-ce81-4772-8d6e-eab6aea98a25	20250509	1	11002000107	900000000000509007	39041002000113	900000000000549004
a01a73f4-685d-48b8-ad8e-96e7cff71cc9	20250509	1	11002000107	900000000000509007	33441002000119	900000000000548007
a02626fb-f52e-49eb-859c-b8aa559ac94a	20250509	1	11002000107	900000000000509007	43471002000112	900000000000548007
a0341e94-42a2-4762-80d5-12a910634042	20250509	1	11002000107	900000000000509007	42461002000114	900000000000549004
a035c242-3d87-49d1-9bc7-2a91c4726c5b	20250509	1	11002000107	900000000000509007	45741002000112	900000000000548007
a039635b-f1db-448b-b423-f29b4cba1c56	20250509	1	11002000107	900000000000509007	29811002000119	900000000000548007
a044911f-1d54-4e35-a1a8-c60de9fdafdc	20250509	1	11002000107	900000000000509007	22001002000118	900000000000548007
a04d5af1-fb33-447c-9320-f37c662ff249	20250509	1	11002000107	900000000000509007	1651002000110	900000000000548007
a05a026c-5e04-400b-94fd-52552651c2b7	20250509	1	11002000107	900000000000509007	5491002000118	900000000000548007
a06a7326-88ea-4812-aa64-8b0b039987a3	20250509	1	11002000107	900000000000509007	14391002000113	900000000000549004
a07a6897-3ba7-4c7a-83ee-c1879d7bf81b	20250509	1	11002000107	900000000000509007	33561002000119	900000000000548007
a0853366-6de7-464c-9394-d1535e6a29e0	20250509	1	11002000107	900000000000509007	11611002000112	900000000000548007
a088e7f0-8497-4be8-ba48-c0dc2e9e9a4d	20250509	1	11002000107	900000000000509007	27441002000110	900000000000548007
a0a4e5f2-332d-498f-9406-104f25bdef83	20250509	1	11002000107	900000000000509007	33101002000113	900000000000548007
a0a5fe76-fd14-464a-a2de-6a172b296d62	20250509	1	11002000107	900000000000509007	39601002000116	900000000000548007
a0bd0dae-d41f-49c3-909f-f91dc4412b28	20250509	1	11002000107	900000000000509007	35671002000110	900000000000548007
a11dfd6d-0d7a-4063-b70f-8da46a8582fa	20250509	1	11002000107	900000000000509007	31891002000112	900000000000548007
a11e1ba3-40f1-4dfb-bb18-7cf7af2effeb	20250509	1	11002000107	900000000000509007	39301002000113	900000000000548007
a12ce4ad-bffc-47ef-9d0d-4248481fa5b5	20250509	1	11002000107	900000000000509007	30631002000118	900000000000548007
a13487e8-700a-40bc-b434-26fd1ff5cf92	20250509	1	11002000107	900000000000509007	48391002000114	900000000000548007
a1476c0c-e1f5-4a31-ab1a-ef147d3f87c3	20250509	1	11002000107	900000000000509007	35331002000116	900000000000548007
a14fc8ce-7522-4e6d-b865-6a12f4673c2e	20250509	1	11002000107	900000000000509007	43381002000115	900000000000548007
a15ff827-1387-4ab1-a2fe-d320e7e202be	20250509	1	11002000107	900000000000509007	21111002000114	900000000000548007
a174cc7d-ceb9-4b4c-9cf8-2cf01d321b2d	20250509	1	11002000107	900000000000509007	33631002000113	900000000000548007
a182b7b4-aede-41a0-a12c-4f816a66aa26	20250509	1	11002000107	900000000000509007	42911002000116	900000000000549004
a1a55045-794d-4d43-97b7-55fa936da300	20250509	1	11002000107	900000000000509007	47231002000115	900000000000549004
a1ba2b2f-575e-4520-ba75-58a51079b2c0	20250509	1	11002000107	900000000000509007	2701002000113	900000000000548007
a1c02e06-9531-49c8-ae03-bd76cf78930b	20250509	1	11002000107	900000000000509007	40731002000112	900000000000548007
a1cb8d92-5150-4401-af2e-a1bd1c83b503	20250509	1	11002000107	900000000000509007	551002000113	900000000000549004
a20e0ffc-b491-41c2-b375-3691c129b717	20250509	1	11002000107	900000000000509007	40711002000115	900000000000548007
a20fea15-8871-4b2b-80dc-0a5e32fbc23e	20250509	1	11002000107	900000000000509007	12881002000112	900000000000549004
a244c621-d0ce-4f61-8bd4-092b181a5023	20250509	1	11002000107	900000000000509007	34901002000113	900000000000549004
a24ce5fe-67af-4434-84df-ad234ee71c8d	20250509	1	11002000107	900000000000509007	15991002000113	900000000000548007
a25a0aa2-8db9-4b15-b0f7-aca8a5658c9d	20250509	1	11002000107	900000000000509007	41111002000111	900000000000549004
a25aba74-ebb8-4d95-9665-597cd242c478	20250509	1	11002000107	900000000000509007	10791002000117	900000000000549004
a264cfa5-7977-4ea7-87d4-e086d2a213b4	20250509	1	11002000107	900000000000509007	30821002000117	900000000000548007
a281a4a8-7719-42cf-9ef1-69b9647b4a5a	20250509	1	11002000107	900000000000509007	32041002000119	900000000000548007
a2851495-a874-4ffc-8044-a562f3669260	20250509	1	11002000107	900000000000509007	9211002000110	900000000000548007
a2903df2-9ef3-472b-a766-fb9e4cfbf935	20250509	1	11002000107	900000000000509007	28151002000118	900000000000548007
a2aa4732-4c48-4340-aae3-9b62d76651c0	20250509	1	11002000107	900000000000509007	47851002000112	900000000000548007
a2aa5572-7141-4769-b391-b38f84d5690c	20250509	1	11002000107	900000000000509007	37501002000112	900000000000548007
a2bf26f0-92eb-4eda-beac-3f7d6882ed3d	20250509	1	11002000107	900000000000509007	2221002000114	900000000000548007
a2c461ff-365d-463c-b24e-bc3bfa6bd5eb	20250509	1	11002000107	900000000000509007	24121002000117	900000000000549004
a2cff25f-662d-41b2-b193-c4b1aa9a8c88	20250509	1	11002000107	900000000000509007	4361002000116	900000000000548007
a2eb7891-2fad-4494-9136-707fd5168f4a	20250509	1	11002000107	900000000000509007	20511002000111	900000000000548007
a2f0c696-03c8-40bd-8a36-95870d485481	20250509	1	11002000107	900000000000509007	23531002000111	900000000000548007
a2f32faf-050d-4483-a481-94f2b500b699	20250509	1	11002000107	900000000000509007	31011002000113	900000000000548007
a2f79558-b70f-47af-9fca-d61f3177df50	20250509	1	11002000107	900000000000509007	29981002000119	900000000000548007
a30d7079-8591-4f67-9809-ac0858bfff88	20250509	1	11002000107	900000000000509007	21901002000113	900000000000549004
a32096b1-84f2-43bc-aec0-22c87401eb69	20250509	1	11002000107	900000000000509007	32161002000116	900000000000548007
a344190c-2b88-4ae4-b1e2-19080dc4e88a	20250509	1	11002000107	900000000000509007	40881002000117	900000000000548007
a35f5dc8-7846-4b10-8400-166441158ee2	20250509	1	11002000107	900000000000509007	29641002000116	900000000000548007
a3612a17-982b-4085-b3e4-7e6615fba627	20250509	1	11002000107	900000000000509007	21002000117	900000000000548007
a36da963-9414-404a-99cd-a0e65c3c131c	20250509	1	11002000107	900000000000509007	38311002000119	900000000000548007
a3708fd0-c0db-46c7-be7f-c29fce9a855a	20250509	1	11002000107	900000000000509007	10161002000112	900000000000548007
a386647c-fa6e-447d-a283-bf21a356f383	20250509	1	11002000107	900000000000509007	19201002000110	900000000000548007
a39cbe9e-86bb-4cab-97ba-2236b440dbfd	20250509	1	11002000107	900000000000509007	241002000114	900000000000548007
a3a862ce-3db7-4f46-993b-ee97b6ca4889	20250509	1	11002000107	900000000000509007	12981002000119	900000000000548007
a3bf64ef-0964-4cba-a716-aeda15182ea8	20250509	1	11002000107	900000000000509007	33811002000115	900000000000548007
a3cb72bd-3d2d-464f-a4dc-afb975a4c4d8	20250509	1	11002000107	900000000000509007	23601002000116	900000000000548007
a3e420ec-6fa5-45f1-97d2-1402bb5094a5	20250509	1	11002000107	900000000000509007	43201002000116	900000000000548007
a3f819b2-ef80-4074-ab33-b2bdae466290	20250509	1	11002000107	900000000000509007	22211002000113	900000000000548007
a402b1a4-83dd-4e1f-bfc0-0259fa6a4f24	20250509	1	11002000107	900000000000509007	2001002000110	900000000000548007
a4159abf-7af2-47b2-9a10-573b626f11ba	20250509	1	11002000107	900000000000509007	40321002000110	900000000000548007
a422356a-e471-4153-ba6f-56be2ac0bc47	20250509	1	11002000107	900000000000509007	3171002000110	900000000000548007
a44c2cf7-44fc-4e04-b0f4-87cc1ae883b7	20250509	1	11002000107	900000000000509007	36581002000119	900000000000548007
a4557bec-a6dc-4581-b251-1c5b66d7c4c0	20250509	1	11002000107	900000000000509007	3661002000113	900000000000548007
a461e460-0bb4-41f0-b1db-9441f8269dc7	20250509	1	11002000107	900000000000509007	1521002000119	900000000000548007
a475e5d6-6d0a-4846-8b9a-a761f78f3057	20250509	1	11002000107	900000000000509007	7331002000116	900000000000549004
a489b46d-0976-46ce-98c8-655689f8b9ff	20250509	1	11002000107	900000000000509007	531002000115	900000000000548007
a48bb7b9-7918-4480-9ab4-d28a50472fb8	20250509	1	11002000107	900000000000509007	37321002000112	900000000000548007
a492e57f-45df-4c9e-8393-58404781fd0f	20250509	1	11002000107	900000000000509007	6121002000119	900000000000548007
a4995f10-1557-46f9-83a6-9087276fca0a	20250509	1	11002000107	900000000000509007	7391002000117	900000000000549004
a4aabc6e-9bec-42b0-a617-0cbd540a23f0	20250509	1	11002000107	900000000000509007	28181002000112	900000000000548007
a4abcf9d-2fe5-45b8-885f-43208b142c8d	20250509	1	11002000107	900000000000509007	2631002000114	900000000000549004
a4ae5f41-11cc-458e-aa05-5c0cf72e580a	20250509	1	11002000107	900000000000509007	4721002000112	900000000000548007
a4b8ea08-605f-4309-a137-feee3db4ba34	20250509	1	11002000107	900000000000509007	28531002000116	900000000000549004
a4be9a2e-41b0-4f54-9848-afd64187bb71	20250509	1	11002000107	900000000000509007	31521002000112	900000000000548007
a4c78cad-77c3-4576-a41b-e7f7b0b7ad1c	20250509	1	11002000107	900000000000509007	12361002000111	900000000000548007
a4cdc647-6071-4415-800b-b4e8de6d4847	20250509	1	11002000107	900000000000509007	18981002000116	900000000000548007
a4d95a05-750e-4951-8552-ff8df034b94a	20250509	1	11002000107	900000000000509007	44981002000117	900000000000549004
a4dda1f2-84ce-4a5b-922d-f6f6e45082e6	20250509	1	11002000107	900000000000509007	19071002000110	900000000000548007
a4f5f555-a31b-4026-806c-96144f2f4cea	20250509	1	11002000107	900000000000509007	23881002000110	900000000000548007
a50bb70f-3a27-4acf-905f-64268a691538	20250509	1	11002000107	900000000000509007	1671002000119	900000000000548007
a526698a-1046-4e34-a99a-b5b524b07335	20250509	1	11002000107	900000000000509007	21431002000113	900000000000548007
a55b5128-9fdc-4560-ad56-78392b297565	20250509	1	11002000107	900000000000509007	41301002000111	900000000000548007
a56c42aa-d869-4cc4-a8e4-269ea953703a	20250509	1	11002000107	900000000000509007	14641002000114	900000000000548007
a5754d03-b224-4945-b993-2172c7a8ce42	20250509	1	11002000107	900000000000509007	23381002000118	900000000000548007
a5942e9a-46d7-4ad7-b2bf-9a31fbeebebd	20250509	1	11002000107	900000000000509007	22501002000112	900000000000548007
a5a122fe-f5aa-4807-958d-5d45bac81d25	20250509	1	11002000107	900000000000509007	33791002000119	900000000000548007
a5b90543-e5fa-49f4-b3ed-d55cd29ad299	20250509	1	11002000107	900000000000509007	44141002000112	900000000000549004
a5ba14a3-fceb-4659-9506-5a484d74306e	20250509	1	11002000107	900000000000509007	44011002000114	900000000000548007
a5c6d1a2-48f5-4bef-b063-547b9a594964	20250509	1	11002000107	900000000000509007	41071002000117	900000000000548007
a5cd780c-2fe5-4df8-a79f-0f5c6441fc30	20250509	1	11002000107	900000000000509007	36561002000110	900000000000548007
a5f54af6-f7b5-4cef-a85e-2e80fb261d5c	20250509	1	11002000107	900000000000509007	42231002000118	900000000000548007
a6093b6a-bb60-4f8c-b932-a7c66c202650	20250509	1	11002000107	900000000000509007	17641002000119	900000000000548007
a6098471-c128-43e4-a5d1-e72681a753f5	20250509	1	11002000107	900000000000509007	27011002000117	900000000000549004
a61df7b7-6c0f-43cc-a324-e80de498b003	20250509	1	11002000107	900000000000509007	13561002000110	900000000000549004
a61fd828-b92e-481c-8be8-89f7a2f95b54	20250509	1	11002000107	900000000000509007	31251002000119	900000000000548007
a62546de-bf2f-4904-a7f8-13a091601068	20250509	1	11002000107	900000000000509007	33921002000119	900000000000549004
a63f4fae-e788-4bbe-a936-f734c6254292	20250509	1	11002000107	900000000000509007	47341002000118	900000000000548007
a6400783-a1a6-4707-964f-f8fea539e54e	20250509	1	11002000107	900000000000509007	22921002000113	900000000000548007
a6430e08-706b-4624-80ad-63840cf09914	20250509	1	11002000107	900000000000509007	33131002000119	900000000000548007
a643254c-05de-42bb-b223-c6eef75fa044	20250509	1	11002000107	900000000000509007	46271002000119	900000000000549004
a646a121-6c62-4fb6-b72e-d3383ac5808b	20250509	1	11002000107	900000000000509007	40481002000119	900000000000549004
a6553e94-9233-47af-bfda-94ed3ac875ad	20250509	1	11002000107	900000000000509007	5231002000116	900000000000548007
a65f005c-039c-45b2-a100-2abfa7f2a7e7	20250509	1	11002000107	900000000000509007	15371002000111	900000000000548007
a65f30da-bf39-4b77-b286-fe4cbd188c2e	20250509	1	11002000107	900000000000509007	23041002000113	900000000000548007
a690bc52-b01c-4952-9b12-f9fcb0c08a5d	20250509	1	11002000107	900000000000509007	15041002000119	900000000000548007
a69474ab-063c-4bec-bff4-f8ca21a6faa3	20250509	1	11002000107	900000000000509007	27801002000111	900000000000548007
a6a29a57-b493-42c2-9773-f356c662c241	20250509	1	11002000107	900000000000509007	36931002000113	900000000000548007
a6c40f52-a397-466d-86c7-7b292c3a1a2c	20250509	1	11002000107	900000000000509007	23761002000110	900000000000548007
a6ce70c5-7f4b-4758-a259-69fdcabf86c1	20250509	1	11002000107	900000000000509007	8021002000116	900000000000549004
a6d9e3c5-7f01-4919-bf37-301323c0be96	20250509	1	11002000107	900000000000509007	46341002000115	900000000000548007
a6de9a55-e055-4268-938c-6134b90f8152	20250509	1	11002000107	900000000000509007	17921002000116	900000000000549004
a6dfc569-ec51-4ae4-8e8c-c9503893ac16	20250509	1	11002000107	900000000000509007	41951002000114	900000000000549004
a6fadd00-0a6e-4227-b6b1-03bbd4905454	20250509	1	11002000107	900000000000509007	48821002000118	900000000000549004
a6fd107e-6555-4aec-8580-dac4f3a97ad5	20250509	1	11002000107	900000000000509007	5051002000119	900000000000548007
a721b926-a371-43ed-a478-7e40469b7cd4	20250509	1	11002000107	900000000000509007	21821002000112	900000000000548007
a735e259-0871-41db-b033-28676b009fa4	20250509	1	11002000107	900000000000509007	27001002000115	900000000000548007
a744a009-6db9-46cf-a95a-0bd0ec914479	20250509	1	11002000107	900000000000509007	40411002000112	900000000000548007
a746b209-eb10-415c-8a0f-0a9a2d414080	20250509	1	11002000107	900000000000509007	20571002000116	900000000000548007
a74900fd-bf03-4770-b9e3-51a5d2556225	20250509	1	11002000107	900000000000509007	34001002000112	900000000000548007
a74da523-38b5-4609-809b-84b2b72bec7b	20250509	1	11002000107	900000000000509007	20051002000115	900000000000549004
a74fb7e7-880d-4ebe-9b61-af2cb0a30eeb	20250509	1	11002000107	900000000000509007	48431002000117	900000000000549004
a75a5cf5-1531-41c8-adce-78b2383d31f4	20250509	1	11002000107	900000000000509007	38431002000118	900000000000548007
a75a9475-bdad-4a6c-bb53-037d289da6f1	20250509	1	11002000107	900000000000509007	691002000117	900000000000548007
a7658ade-76d1-4fb6-acb7-3a5c37142d5c	20250509	1	11002000107	900000000000509007	11601002000114	900000000000548007
a767c3d0-671b-4fdf-8fa1-fab3f96beff1	20250509	1	11002000107	900000000000509007	4991002000111	900000000000548007
a76824e7-48d7-479d-b3a8-4c4c251b71db	20250509	1	11002000107	900000000000509007	47391002000113	900000000000548007
a77e86ee-8d21-4b86-a93e-5388854241f4	20250509	1	11002000107	900000000000509007	31771002000116	900000000000548007
a7800d10-7a2f-422f-8c9e-b04a7cc24aa2	20250509	1	11002000107	900000000000509007	46891002000117	900000000000548007
a78180a3-e101-4d14-8e59-bf40bf78443e	20250509	1	11002000107	900000000000509007	20021002000110	900000000000549004
a785f902-3eaa-44bc-8f97-d6545f6ebd83	20250509	1	11002000107	900000000000509007	40501002000110	900000000000548007
a78cc90c-028e-4b16-967d-532e218a0a96	20250509	1	11002000107	900000000000509007	16711002000110	900000000000548007
a79ef8ba-6980-4236-a5bc-3f26ceec6696	20250509	1	11002000107	900000000000509007	3461002000111	900000000000549004
a7af498b-690b-4624-81c5-674f6d20d4c8	20250509	1	11002000107	900000000000509007	14411002000113	900000000000548007
a7b48387-567d-4846-814b-7b5f8f630769	20250509	1	11002000107	900000000000509007	48631002000119	900000000000548007
a7c67f75-f79a-4abb-8824-9695df3b5fa6	20250509	1	11002000107	900000000000509007	34561002000117	900000000000548007
a7cfd29e-8daf-47dc-a001-6f170e807af5	20250509	1	11002000107	900000000000509007	32151002000118	900000000000549004
a7d74afb-e2d8-4316-acc8-9ef14b4a6357	20250509	1	11002000107	900000000000509007	17491002000111	900000000000548007
a7f47b62-2667-4693-ba35-f41c1b7c1ca7	20250509	1	11002000107	900000000000509007	44111002000113	900000000000549004
a80644a8-f5da-48e2-90eb-62f968312339	20250509	1	11002000107	900000000000509007	24571002000112	900000000000548007
a80b80be-3d7f-4618-a677-6f77e1a30fbb	20250509	1	11002000107	900000000000509007	41821002000114	900000000000548007
a80e232a-0147-4cc4-aa7c-84ae8e78460a	20250509	1	11002000107	900000000000509007	32621002000115	900000000000548007
a81b1099-7a6f-438e-a010-338b0b316995	20250509	1	11002000107	900000000000509007	46011002000116	900000000000548007
a8523f4f-9324-4166-800d-660ba1abe691	20250509	1	11002000107	900000000000509007	36031002000114	900000000000548007
a864a749-2635-4140-960c-20bd4bffb0f6	20250509	1	11002000107	900000000000509007	32551002000114	900000000000549004
a86d5bd5-ad6d-450f-bffb-cbb6224655cc	20250509	1	11002000107	900000000000509007	35311002000113	900000000000548007
a883ca92-22e1-415f-9e69-0b84fa116c7c	20250509	1	11002000107	900000000000509007	7781002000116	900000000000549004
a8a363f5-55eb-42d2-af3f-cd3bcef4b7f3	20250509	1	11002000107	900000000000509007	26031002000111	900000000000548007
a8a81f79-f172-4657-8a02-98b0007bed44	20250509	1	11002000107	900000000000509007	901002000119	900000000000548007
a8aa4fc1-23ca-4e4a-bbfb-bb04336d6905	20250509	1	11002000107	900000000000509007	45401002000119	900000000000549004
a8b0fa93-6800-4494-93b7-362b3255fa93	20250509	1	11002000107	900000000000509007	13761002000116	900000000000548007
a8b2a242-3891-48ce-99e4-584bd7fd612c	20250509	1	11002000107	900000000000509007	11391002000110	900000000000548007
a8b7d7b4-ec15-439f-bf9a-16718bfabf6b	20250509	1	11002000107	900000000000509007	5141002000117	900000000000548007
a8c0e497-16f0-449b-913f-1ee3f330a211	20250509	1	11002000107	900000000000509007	41891002000111	900000000000549004
a8d6b461-7624-4abe-9ec4-cbd2de3c6687	20250509	1	11002000107	900000000000509007	15091002000114	900000000000549004
a8d834c5-08a9-41bb-b35e-2bf780ec34b2	20250509	1	11002000107	900000000000509007	19681002000118	900000000000548007
a8d87880-e442-43bc-8d67-9fc70dcdc480	20250509	1	11002000107	900000000000509007	38541002000110	900000000000548007
a8e2090c-95a7-41e6-bdde-0615c43e201d	20250509	1	11002000107	900000000000509007	19091002000111	900000000000549004
a8e330fd-925f-405f-b4ee-6cab2802d1b9	20250509	1	11002000107	900000000000509007	21761002000111	900000000000548007
a8e3c06f-02a1-49be-9c64-3a7da2e26bb8	20250509	1	11002000107	900000000000509007	12911002000112	900000000000549004
a8e70297-50b3-4e84-8ee6-b8a364c663d4	20250509	1	11002000107	900000000000509007	37641002000110	900000000000548007
a8e7502e-bf8d-4647-9758-52e54f9482dd	20250509	1	11002000107	900000000000509007	38761002000115	900000000000548007
a908f740-150a-45aa-b6cc-bb9236c64399	20250509	1	11002000107	900000000000509007	8761002000111	900000000000548007
a90d4ab7-eacc-4552-97e0-21a16691445e	20250509	1	11002000107	900000000000509007	21991002000115	900000000000549004
a9149735-925d-4aeb-aad0-dab2d28ac8cc	20250509	1	11002000107	900000000000509007	5881002000119	900000000000548007
a915fcf8-618b-4c29-a75a-693db038e81c	20250509	1	11002000107	900000000000509007	10121002000115	900000000000549004
a92b6817-b5ff-4e3c-a181-8d47e4cfc753	20250509	1	11002000107	900000000000509007	30531002000117	900000000000548007
a94f1f95-7b57-490d-81dd-b867abd00499	20250509	1	11002000107	900000000000509007	30331002000114	900000000000548007
a96a70eb-6eff-4c5a-8127-daa633ed9b35	20250509	1	11002000107	900000000000509007	28871002000115	900000000000548007
a975609d-57f0-4ca3-8f93-a0c9bbd4224d	20250509	1	11002000107	900000000000509007	36961002000118	900000000000548007
a97ae5fd-ec73-4f4d-9481-4cf1b4c5ea96	20250509	1	11002000107	900000000000509007	3161002000117	900000000000548007
a97b65ce-5931-44c0-96ad-f698ba8b58de	20250509	1	11002000107	900000000000509007	19411002000114	900000000000548007
a986ebb0-8461-48c0-ab80-3a66d26af556	20250509	1	11002000107	900000000000509007	47751002000115	900000000000548007
a9982045-549d-422a-954b-d2f44e371bb4	20250509	1	11002000107	900000000000509007	24981002000115	900000000000549004
a9a09f02-f84f-423d-8bc6-424f9c16b886	20250509	1	11002000107	900000000000509007	27931002000113	900000000000548007
a9ca7ee6-291e-4e9b-be00-73717d153b6c	20250509	1	11002000107	900000000000509007	1701002000118	900000000000548007
a9d7287d-3802-4b60-9346-4e3331cb892e	20250509	1	11002000107	900000000000509007	12621002000114	900000000000548007
a9dc47f9-f80d-4d75-9abb-34f696b7fd99	20250509	1	11002000107	900000000000509007	38911002000115	900000000000548007
a9e0cad0-5e1b-4e4a-a118-88636050057c	20250509	1	11002000107	900000000000509007	9711002000119	900000000000548007
a9e8e98c-aaa1-4fa3-bc9e-6e509c6765ef	20250509	1	11002000107	900000000000509007	47441002000112	900000000000549004
a9eb7766-f8c3-4b6b-8310-ec44584fa5ac	20250509	1	11002000107	900000000000509007	22331002000110	900000000000548007
a9ed56e1-8777-4e5e-8ea9-1f994a817cd4	20250509	1	11002000107	900000000000509007	3481002000115	900000000000548007
a9f45e25-c423-4ba1-b424-2b752199efa7	20250509	1	11002000107	900000000000509007	22531002000118	900000000000548007
a9fd4cb3-3cb4-4a1b-a133-abf64f0158c2	20250509	1	11002000107	900000000000509007	43891002000110	900000000000548007
aa34ba09-a148-4ef3-814d-ea2b4fb53aa6	20250509	1	11002000107	900000000000509007	15481002000119	900000000000549004
aa387335-3a8b-40e0-accb-f2d65aaa0d12	20250509	1	11002000107	900000000000509007	27831002000117	900000000000548007
aa4259e4-336a-4581-9236-afbbcbb89c56	20250509	1	11002000107	900000000000509007	25861002000118	900000000000548007
aa4f06e3-5c17-45f0-9f49-88af78f29dce	20250509	1	11002000107	900000000000509007	5041002000116	900000000000548007
aa4febec-2f8e-4d94-b857-a33c32f2bf41	20250509	1	11002000107	900000000000509007	15781002000113	900000000000548007
aa542231-79fc-42a2-acc0-e522546e763d	20250509	1	11002000107	900000000000509007	29241002000119	900000000000548007
aa66ed26-9c29-4faa-808f-ee11f1cecc6e	20250509	1	11002000107	900000000000509007	14421002000119	900000000000549004
aa670b68-8be8-4910-a960-1ead5a800066	20250509	1	11002000107	900000000000509007	9421002000117	900000000000548007
aa6dee78-48b7-43a3-be18-d4e5f943a96f	20250509	1	11002000107	900000000000509007	2681002000110	900000000000548007
aa89b171-c8ae-4140-8aa6-43d9b2504470	20250509	1	11002000107	900000000000509007	731002000111	900000000000549004
aa9a9b43-f948-46a1-a3ee-893bdd9c88b5	20250509	1	11002000107	900000000000509007	40451002000113	900000000000549004
aaa204de-6fc9-4a39-be0c-782a0cbafb47	20250509	1	11002000107	900000000000509007	34411002000116	900000000000548007
aaa6664d-c301-4032-889c-a03e13d10471	20250509	1	11002000107	900000000000509007	34951002000112	900000000000548007
aaafd1c4-f3cb-4c92-88bc-586a0ca395be	20250509	1	11002000107	900000000000509007	9411002000111	900000000000549004
aab3280b-1dd1-4f2f-8b51-fe3faa5f1322	20250509	1	11002000107	900000000000509007	27171002000113	900000000000548007
aab3fc3c-6121-4856-b1a3-de813539cb89	20250509	1	11002000107	900000000000509007	8161002000112	900000000000548007
aacdb5ee-62e9-4ece-9d15-c714a519b9a8	20250509	1	11002000107	900000000000509007	30301002000115	900000000000548007
aad582e0-9a02-4d44-803f-0f268b14e0f9	20250509	1	11002000107	900000000000509007	40071002000113	900000000000548007
aada1200-28b8-4b26-9bb2-6f072e4d6e12	20250509	1	11002000107	900000000000509007	19821002000118	900000000000548007
aadf85a6-c728-4a18-bf85-b38a1a7cfd85	20250509	1	11002000107	900000000000509007	11581002000118	900000000000548007
aaf47c82-1451-4ec8-8225-3355f3f8c380	20250509	1	11002000107	900000000000509007	30111002000115	900000000000548007
ab075f8a-ba0a-459b-b080-ef73d4930272	20250509	1	11002000107	900000000000509007	33661002000118	900000000000548007
ab089c7a-2483-4102-8645-72836b6c9231	20250509	1	11002000107	900000000000509007	5961002000116	900000000000549004
ab1f4c5b-a771-4e9c-b9f5-119d2c5b2793	20250509	1	11002000107	900000000000509007	16251002000118	900000000000548007
ab1f952c-8afa-4648-a1f9-5feb183f9060	20250509	1	11002000107	900000000000509007	37241002000112	900000000000549004
ab227b08-ff3b-486c-9f9d-69fc0ef0456b	20250509	1	11002000107	900000000000509007	1921002000111	900000000000548007
ab336fa7-6795-482e-bca7-e2b9bf14d374	20250509	1	11002000107	900000000000509007	15971002000112	900000000000549004
ab34b104-6158-422a-8b40-d1f7cd5a397d	20250509	1	11002000107	900000000000509007	24361002000112	900000000000548007
ab3f3892-b04a-4cca-b994-3a26efd50e9e	20250509	1	11002000107	900000000000509007	15551002000114	900000000000548007
ab409523-b68f-4463-9735-a923b7fa350f	20250509	1	11002000107	900000000000509007	21601002000117	900000000000548007
ab56f44c-2f8e-4a4b-bfeb-2fd2259bc9c3	20250509	1	11002000107	900000000000509007	27421002000117	900000000000549004
ab574cf7-4e7a-450c-928a-752650670387	20250509	1	11002000107	900000000000509007	15311002000116	900000000000548007
ab7b89fb-2536-4be3-a807-1c9ccc6c954b	20250509	1	11002000107	900000000000509007	47521002000115	900000000000548007
ab7fd93c-16cd-473a-bb85-8c8077baba0c	20250509	1	11002000107	900000000000509007	49001002000110	900000000000549004
ab8045cb-a388-45d9-8e89-79fe606d63ca	20250509	1	11002000107	900000000000509007	39011002000114	900000000000549004
ab80ec71-80cf-449d-8db9-7333fbb56f64	20250509	1	11002000107	900000000000509007	40551002000114	900000000000548007
ab8ba70c-3ff2-40cc-95d8-be7a2b2b10ce	20250509	1	11002000107	900000000000509007	42151002000117	900000000000548007
aba62b49-947e-4ab1-ba98-c7c20b568d5d	20250509	1	11002000107	900000000000509007	14431002000116	900000000000548007
aba6ce17-502c-451d-b117-016a30fc1f7d	20250509	1	11002000107	900000000000509007	38921002000114	900000000000549004
abb6c39e-a2f4-4261-ac1e-b8db277e8be7	20250509	1	11002000107	900000000000509007	21261002000119	900000000000548007
abbafb17-ff48-4f62-b47a-5112948cc35c	20250509	1	11002000107	900000000000509007	13421002000117	900000000000549004
abbbae7d-7597-4ca8-ba83-ffec08c9cf52	20250509	1	11002000107	900000000000509007	48061002000117	900000000000548007
abcbee4e-63c0-49cf-b5a2-7132f44c2b3e	20250509	1	11002000107	900000000000509007	10111002000114	900000000000548007
abcda39e-8fbf-486d-8430-e9cada7b96dd	20250509	1	11002000107	900000000000509007	15761002000117	900000000000548007
abce40ef-6908-4812-9334-856d2c97cc2c	20250509	1	11002000107	900000000000509007	31461002000116	900000000000548007
abd47671-5beb-4e84-a175-f9290ff89093	20250509	1	11002000107	900000000000509007	27811002000114	900000000000548007
abd497e5-d93c-46e0-b273-303ab55d834a	20250509	1	11002000107	900000000000509007	26111002000115	900000000000549004
abe9e86e-d0ca-4eb8-8ddc-9f2c6d1cedba	20250509	1	11002000107	900000000000509007	43351002000114	900000000000548007
ac0232ae-5890-472f-a348-23c1abadc2d4	20250509	1	11002000107	900000000000509007	32661002000112	900000000000549004
ac0394db-c280-40bd-a080-aa4cf5a4b351	20250509	1	11002000107	900000000000509007	40031002000110	900000000000549004
ac25c126-14e1-4bf2-9dc3-99d56a3123a8	20250509	1	11002000107	900000000000509007	1611002000114	900000000000548007
ac2a5c19-6373-4aef-9155-bf58afdafe7d	20250509	1	11002000107	900000000000509007	35151002000111	900000000000548007
ac38d70b-e060-4dc3-a5aa-c28ef2fef849	20250509	1	11002000107	900000000000509007	27081002000110	900000000000548007
ac3e850f-62b9-48d7-8358-d249b6f5175c	20250509	1	11002000107	900000000000509007	4671002000117	900000000000549004
ac4f8675-25e3-4289-979a-4609fd25bfaf	20250509	1	11002000107	900000000000509007	29441002000118	900000000000548007
ac524d34-1b56-4567-8108-4f11cc5f49df	20250509	1	11002000107	900000000000509007	4471002000115	900000000000548007
ac653a01-0798-497b-956a-89af3a16cbe5	20250509	1	11002000107	900000000000509007	41561002000119	900000000000549004
ac7187f6-0118-4b19-8efb-dc96d4083c16	20250509	1	11002000107	900000000000509007	28951002000116	900000000000549004
ac76b9ac-8107-4f90-9386-a0b6ef8a93ab	20250509	1	11002000107	900000000000509007	3351002000116	900000000000548007
ac822461-4b5a-46e3-b9e6-609387d8d46d	20250509	1	11002000107	900000000000509007	32031002000110	900000000000548007
ac9004df-d0bc-4d6b-a096-3217ad55b5cc	20250509	1	11002000107	900000000000509007	31911002000114	900000000000548007
ac9c5d6e-0e39-4200-9eac-bdc5d796dfaa	20250509	1	11002000107	900000000000509007	37841002000111	900000000000549004
ac9f3be1-639d-485b-be64-98c4a22970e4	20250509	1	11002000107	900000000000509007	9041002000118	900000000000548007
aca111b0-939d-47b9-9662-8fa305f4d8ec	20250509	1	11002000107	900000000000509007	46901002000118	900000000000549004
acbd1b65-61bd-49b3-a0ea-415d23006925	20250509	1	11002000107	900000000000509007	30041002000115	900000000000548007
acbd2177-45bb-4b09-9e43-87bcac08b000	20250509	1	11002000107	900000000000509007	44211002000116	900000000000548007
acd7081c-e3fd-448e-96d4-6c38a47cb567	20250509	1	11002000107	900000000000509007	16061002000110	900000000000549004
acdab873-659c-4ebf-b07e-64c1f15a83be	20250509	1	11002000107	900000000000509007	42021002000111	900000000000548007
ace85f24-9c0e-4444-9798-ccf119ebfd07	20250509	1	11002000107	900000000000509007	18141002000111	900000000000548007
acf076e7-4709-410a-a9f6-5e0b3ea7e12a	20250509	1	11002000107	900000000000509007	6711002000112	900000000000549004
acf19a85-1d19-4ac8-8681-7528265c4d0e	20250509	1	11002000107	900000000000509007	39341002000110	900000000000549004
ad12287e-4b5a-4a5c-8564-105c11f0ae18	20250509	1	11002000107	900000000000509007	14151002000119	900000000000549004
ad20a2f5-18ad-4995-9898-340d959a8d49	20250509	1	11002000107	900000000000509007	32401002000114	900000000000549004
ad216528-2a46-4530-a9e7-32fdb71ccdb8	20250509	1	11002000107	900000000000509007	34611002000119	900000000000548007
ad28c354-67aa-4bb1-83f2-dd29f9ff1473	20250509	1	11002000107	900000000000509007	22231002000116	900000000000548007
ad2dabf8-8705-4bd0-a5fe-8cdbf57418dd	20250509	1	11002000107	900000000000509007	36441002000110	900000000000548007
ad3183a7-874b-4dfd-b481-d4bdb7894182	20250509	1	11002000107	900000000000509007	7741002000113	900000000000548007
ad399190-5254-4b0e-8527-1d2e78f89ebb	20250509	1	11002000107	900000000000509007	18761002000114	900000000000549004
ad5b4924-6037-4068-9232-e364f819ea96	20250509	1	11002000107	900000000000509007	1361002000118	900000000000549004
ad5c080e-dc90-4395-9b6b-db300a00599b	20250509	1	11002000107	900000000000509007	30551002000110	900000000000548007
ad67b535-6aab-42d7-ad98-9d3abdd7b74c	20250509	1	11002000107	900000000000509007	3611002000110	900000000000548007
ad6d8b80-7c79-4013-ace0-9154cd4beac7	20250509	1	11002000107	900000000000509007	43011002000111	900000000000548007
ad6d96aa-54b7-4272-82ff-a3087d930649	20250509	1	11002000107	900000000000509007	3221002000118	900000000000548007
ad6e75b8-3d18-4383-90e6-1622d972bb6e	20250509	1	11002000107	900000000000509007	3471002000118	900000000000548007
ad7005c1-671a-475f-878f-160271e0d266	20250509	1	11002000107	900000000000509007	27051002000116	900000000000548007
ad7ed98f-fb09-4168-8f30-5ddb7f69b6b0	20250509	1	11002000107	900000000000509007	13491002000115	900000000000548007
ad96cc0d-9b16-4c78-b080-858fa79644bd	20250509	1	11002000107	900000000000509007	15891002000119	900000000000548007
ad9f2762-463c-43cc-8a06-70404fec27df	20250509	1	11002000107	900000000000509007	40621002000115	900000000000548007
adb1c647-1ef3-4f9a-91fa-196d997b6417	20250509	1	11002000107	900000000000509007	6991002000119	900000000000548007
adb9ffbe-ae62-4a09-8886-a50fd3b1438b	20250509	1	11002000107	900000000000509007	45281002000110	900000000000549004
adfde42f-608c-4e06-b39c-dcfe7d81f811	20250509	1	11002000107	900000000000509007	20151002000116	900000000000548007
ae16b6e1-26f2-4391-a302-9541cd97b6eb	20250509	1	11002000107	900000000000509007	24921002000119	900000000000549004
ae41e60b-2319-4ff7-b8da-086c26dbcc86	20250509	1	11002000107	900000000000509007	15411002000112	900000000000548007
ae7ba179-dfaa-485d-8013-0a8334f6601c	20250509	1	11002000107	900000000000509007	38271002000119	900000000000548007
ae87d98d-0f2f-4efe-a671-0bf4cedb311f	20250509	1	11002000107	900000000000509007	3911002000118	900000000000548007
ae8a4fee-a390-4ada-b206-02ba6aea4274	20250509	1	11002000107	900000000000509007	15521002000119	900000000000548007
ae8dc294-edf1-468d-a3fa-a7b7c0893edf	20250509	1	11002000107	900000000000509007	34281002000110	900000000000549004
aea4f0bd-dd31-4884-9945-e81d2deab083	20250509	1	11002000107	900000000000509007	37091002000111	900000000000549004
aea79a3a-2b0a-490d-83d0-a34029d69fea	20250509	1	11002000107	900000000000509007	23171002000118	900000000000548007
aea88277-7df0-4560-8f88-64987285c4be	20250509	1	11002000107	900000000000509007	32911002000117	900000000000549004
aec87fdb-6f76-4364-aa61-d908a48cf6cb	20250509	1	11002000107	900000000000509007	581002000119	900000000000549004
aed07c1c-47ed-4e6f-b6b6-33bf07f08f92	20250509	1	11002000107	900000000000509007	17791002000116	900000000000548007
aeff1cb8-13fe-4c5b-a082-7fc6c84a8afe	20250509	1	11002000107	900000000000509007	14551002000110	900000000000548007
af0d3d2d-d49d-450e-acd9-d9bb3f8c31e7	20250509	1	11002000107	900000000000509007	33901002000110	900000000000548007
af100ef4-7c42-46a4-a0d6-7a829adae977	20250509	1	11002000107	900000000000509007	25261002000117	900000000000548007
af24bf44-f964-48bd-91c0-036f8bf92196	20250509	1	11002000107	900000000000509007	25161002000110	900000000000549004
af282533-dc70-47c1-9b72-7b480ded04a8	20250509	1	11002000107	900000000000509007	25831002000113	900000000000548007
af3c5552-bb9d-4839-b3e9-af151e87576f	20250509	1	11002000107	900000000000509007	5361002000115	900000000000549004
af42adf8-ad0a-45f7-bfba-e16d10cf5d28	20250509	1	11002000107	900000000000509007	24271002000114	900000000000548007
af4648df-d1ea-4a66-9ef8-bb64fc189b10	20250509	1	11002000107	900000000000509007	36501002000114	900000000000548007
af4eb664-f85c-4016-8a29-87a499189374	20250509	1	11002000107	900000000000509007	7751002000110	900000000000549004
af534ce0-fc84-4123-8449-19e60b3c9009	20250509	1	11002000107	900000000000509007	6861002000119	900000000000549004
af82afc5-c420-4d2c-b3df-bafb92550752	20250509	1	11002000107	900000000000509007	13341002000116	900000000000548007
af86f5d9-5fce-4519-95e5-ce65109588ec	20250509	1	11002000107	900000000000509007	32181002000112	900000000000549004
af8902bb-306c-44f1-b81f-20318419f45e	20250509	1	11002000107	900000000000509007	35741002000113	900000000000549004
af8ce28d-1faa-4e12-b2e3-2988dd93f539	20250509	1	11002000107	900000000000509007	32761002000117	900000000000549004
af94772d-7666-42e2-ba3f-8e9ffa84382f	20250509	1	11002000107	900000000000509007	34181002000116	900000000000548007
afa9ed90-4e9f-48b7-8e50-e0fcf0521546	20250509	1	11002000107	900000000000509007	18661002000119	900000000000548007
afc4c72c-a648-42b0-9945-fc877880b6d1	20250509	1	11002000107	900000000000509007	31641002000118	900000000000548007
afde6d2f-14b3-4be8-b553-023ad8e49923	20250509	1	11002000107	900000000000509007	7181002000117	900000000000548007
aff958fc-f34e-4506-b959-374e6c279e72	20250509	1	11002000107	900000000000509007	35941002000111	900000000000548007
b00df0b3-3cdc-4c2c-bf4a-f2c5877d5cb7	20250509	1	11002000107	900000000000509007	39201002000119	900000000000548007
b0177463-dc7b-4742-89f6-e5c3fca78bf9	20250509	1	11002000107	900000000000509007	40641002000113	900000000000548007
b0183690-dc50-4356-96ea-0f8559a62f95	20250509	1	11002000107	900000000000509007	45191002000118	900000000000549004
b036295f-17d6-4cd2-89e8-3ac881e8410c	20250509	1	11002000107	900000000000509007	22991002000110	900000000000548007
b042d843-5856-4618-9b05-a302edac91b5	20250509	1	11002000107	900000000000509007	18991002000118	900000000000548007
b05f11fd-dccf-441a-8377-5445b7b77849	20250509	1	11002000107	900000000000509007	13921002000110	900000000000548007
b060c378-bab6-4775-abaf-b310c8369086	20250509	1	11002000107	900000000000509007	13431002000119	900000000000548007
b06b0107-3f11-404a-8088-7d23ac646119	20250509	1	11002000107	900000000000509007	3021002000113	900000000000548007
b06d38c0-3564-494d-9cec-1f051b0aa73b	20250509	1	11002000107	900000000000509007	5331002000110	900000000000549004
b08f7690-0ace-4ea7-b298-b9a642cfe181	20250509	1	11002000107	900000000000509007	32381002000114	900000000000548007
b09f1b3e-88e5-4d1f-9bec-075636ad757a	20250509	1	11002000107	900000000000509007	27031002000114	900000000000548007
b0a9eaef-c60d-4196-9aee-5f172dc7fef6	20250509	1	11002000107	900000000000509007	43751002000110	900000000000549004
b0b59782-443a-43f7-8a2c-3224af5346e5	20250509	1	11002000107	900000000000509007	37731002000114	900000000000548007
b0bf2629-8b86-472b-a093-a7ff9c073267	20250509	1	11002000107	900000000000509007	11501002000113	900000000000549004
b0c00959-863e-4e6c-8bc0-d59f08a2ec5c	20250509	1	11002000107	900000000000509007	43761002000112	900000000000548007
b0c224bb-e195-4e7e-8e11-5be432c94e67	20250509	1	11002000107	900000000000509007	44351002000112	900000000000549004
b0cee2d0-481e-4e62-9064-f3ab51595f0f	20250509	1	11002000107	900000000000509007	12391002000117	900000000000548007
b0e35b78-90eb-4a79-a4d5-b3fa97f3c2cb	20250509	1	11002000107	900000000000509007	10581002000113	900000000000549004
b0ea89d5-c9b2-441c-828a-5fb0a15536cb	20250509	1	11002000107	900000000000509007	17311002000111	900000000000548007
b0ed4224-4e72-4d6b-90d6-3944980088d5	20250509	1	11002000107	900000000000509007	37921002000113	900000000000548007
b0ef53ea-a30d-4581-856b-15f2b3e52760	20250509	1	11002000107	900000000000509007	33221002000113	900000000000548007
b0fef1aa-e320-4dea-a381-bc85cc6f1b19	20250509	1	11002000107	900000000000509007	24951002000114	900000000000549004
b10302f8-17c0-4f45-8244-afd7fbb95ba3	20250509	1	11002000107	900000000000509007	40361002000118	900000000000549004
b1066caf-eb99-4823-ab05-7676a958a3ec	20250509	1	11002000107	900000000000509007	2851002000115	900000000000548007
b113258c-15c7-4722-b767-cba8d7c964cc	20250509	1	11002000107	900000000000509007	43631002000112	900000000000549004
b117e10b-cedb-42e1-8743-52f0e92ca7d6	20250509	1	11002000107	900000000000509007	17451002000119	900000000000548007
b122e657-22c8-428e-a2dc-2002a469ea29	20250509	1	11002000107	900000000000509007	17341002000110	900000000000548007
b13c9f80-387c-4fab-9db5-3dc20321cfe7	20250509	1	11002000107	900000000000509007	32651002000110	900000000000548007
b13d3606-786c-476e-ba68-777f2fdae0ad	20250509	1	11002000107	900000000000509007	27671002000118	900000000000548007
b15954be-70ad-4815-89c8-74cb2d14836b	20250509	1	11002000107	900000000000509007	44501002000117	900000000000549004
b15e88ef-e1a8-43ae-a190-2e1d43a9fec9	20250509	1	11002000107	900000000000509007	11681002000119	900000000000549004
b168665f-4da1-4e05-b8db-7cf40c8dd0f0	20250509	1	11002000107	900000000000509007	30581002000116	900000000000548007
b1743846-51e8-4a7b-bf41-38321035b0d3	20250509	1	11002000107	900000000000509007	33211002000119	900000000000549004
b1796039-facd-4d50-91a9-083481c5b856	20250509	1	11002000107	900000000000509007	29201002000116	900000000000548007
b17bd698-9380-4bfd-b496-8b9b661d492c	20250509	1	11002000107	900000000000509007	18431002000111	900000000000549004
b17d8e49-e1e3-4002-ac5a-ed96e1a1eee1	20250509	1	11002000107	900000000000509007	13471002000116	900000000000548007
b18b0ddd-b2f6-44b0-b4f3-1806c34b6f06	20250509	1	11002000107	900000000000509007	46911002000115	900000000000548007
b1937e71-f58e-4d3b-99f8-e50c713713c5	20250509	1	11002000107	900000000000509007	16571002000112	900000000000548007
b1947e55-a783-45bd-abe7-725dfd05fc04	20250509	1	11002000107	900000000000509007	11701002000116	900000000000548007
b1aa1621-c705-46f2-b1b2-fafe209b4392	20250509	1	11002000107	900000000000509007	17781002000119	900000000000548007
b1b23ba1-30e0-4523-9643-bab2b12865ac	20250509	1	11002000107	900000000000509007	43821002000113	900000000000548007
b1c3b4b1-335a-4f18-a775-8e15452a1691	20250509	1	11002000107	900000000000509007	9851002000110	900000000000549004
b1d0f85d-ec50-463c-9741-bb1e6b14d9d0	20250509	1	11002000107	900000000000509007	28061002000115	900000000000548007
b1d31e19-1131-4cb7-8b97-0c84be1c14b6	20250509	1	11002000107	900000000000509007	24631002000113	900000000000548007
b1d69bbc-e697-4a42-be9b-6cdd84df91ae	20250509	1	11002000107	900000000000509007	26561002000112	900000000000549004
b1d9f90f-1eab-45b2-8937-fedec260ddaa	20250509	1	11002000107	900000000000509007	27271002000115	900000000000549004
b1eb859c-acb0-4f60-b6e8-163351243e16	20250509	1	11002000107	900000000000509007	29941002000111	900000000000548007
b21533ac-0705-49ad-ae20-05cd53017c1a	20250509	1	11002000107	900000000000509007	46591002000115	900000000000548007
b2303d55-ff33-4fb6-9afb-d2bd24c1c90f	20250509	1	11002000107	900000000000509007	31441002000115	900000000000548007
b25b6448-36a9-4511-b504-726214376ed9	20250509	1	11002000107	900000000000509007	28901002000115	900000000000548007
b2691a51-e7fb-4a37-a07b-8c9e2ef7d09c	20250509	1	11002000107	900000000000509007	49021002000119	900000000000548007
b26b1b79-46f3-4ff3-b43d-9ad86780a089	20250509	1	11002000107	900000000000509007	38641002000111	900000000000548007
b2703a2b-50f3-474b-b37f-b9adacfea3c5	20250509	1	11002000107	900000000000509007	12171002000115	900000000000548007
b27bd46e-dc35-4e96-bb47-2c5fc3a35df7	20250509	1	11002000107	900000000000509007	37671002000116	900000000000548007
b29004d2-7565-4742-aa33-e8fe75d7fb57	20250509	1	11002000107	900000000000509007	18921002000115	900000000000548007
b2a430b5-d301-4f6a-91ae-a1d3b2750d47	20250509	1	11002000107	900000000000509007	15681002000116	900000000000549004
b2ad6597-94ec-4fc2-972c-58ed159b07fd	20250509	1	11002000107	900000000000509007	21171002000119	900000000000548007
b2b2ce2a-c895-4fcc-b6cc-be7f0b6f4790	20250509	1	11002000107	900000000000509007	12851002000118	900000000000549004
b2ddb2be-6c4b-450a-abe0-60487b46c886	20250509	1	11002000107	900000000000509007	28501002000110	900000000000549004
b2e42c02-0ca1-451a-bb69-bba462e0aee7	20250509	1	11002000107	900000000000509007	23121002000119	900000000000549004
b2ecf2f7-c36a-4eb1-9769-e4e3c3fd0aaa	20250509	1	11002000107	900000000000509007	33531002000114	900000000000548007
b2f6381f-ce0d-4059-a4a4-63f35e95b107	20250509	1	11002000107	900000000000509007	4961002000117	900000000000548007
b2fbef51-d7d2-4fed-8be8-73c18c0de00e	20250509	1	11002000107	900000000000509007	40431002000115	900000000000548007
b2fdcd1e-b38b-4aca-8cfb-baacf946244c	20250509	1	11002000107	900000000000509007	49061002000111	900000000000549004
b308cfda-75b0-4d78-a872-0275f604c07a	20250509	1	11002000107	900000000000509007	35801002000117	900000000000549004
b31090c6-63bd-4e91-a4e8-c79e974d8cfc	20250509	1	11002000107	900000000000509007	9611002000113	900000000000549004
b322b8ac-0a6d-4a0f-8a73-182f2e55e31f	20250509	1	11002000107	900000000000509007	40241002000110	900000000000549004
b3275068-0053-4ce1-b079-93f5a595cbac	20250509	1	11002000107	900000000000509007	7611002000115	900000000000548007
b32f43e1-4705-49b9-81f7-f0a1225b95ab	20250509	1	11002000107	900000000000509007	25031002000116	900000000000548007
b34add42-c45d-4a7b-bd64-dfdc1c48869e	20250509	1	11002000107	900000000000509007	2421002000113	900000000000548007
b36a04a5-93bd-491e-8f8c-2462020c153b	20250509	1	11002000107	900000000000509007	22101002000119	900000000000549004
b37e3759-bdd3-481f-8ff3-28dd59a01111	20250509	1	11002000107	900000000000509007	21451002000115	900000000000548007
b3989506-9582-45fc-b427-2e9d6d7efff0	20250509	1	11002000107	900000000000509007	6731002000115	900000000000548007
b3994226-141a-4385-a81a-bfa24b6d152d	20250509	1	11002000107	900000000000509007	27981002000114	900000000000548007
b39cd7a8-227f-4637-8a85-ff06491ffdf6	20250509	1	11002000107	900000000000509007	38201002000111	900000000000549004
b3a86670-a4ed-4da4-a8bb-75ef864d6053	20250509	1	11002000107	900000000000509007	5651002000112	900000000000548007
b3c7da9e-b952-401c-8d55-e59d54fd5ec8	20250509	1	11002000107	900000000000509007	4881002000115	900000000000549004
b3d8208c-8fb8-46e4-ba1b-704d9474e0c7	20250509	1	11002000107	900000000000509007	11461002000113	900000000000548007
b3e0520e-b1fc-4632-8987-2915793369e3	20250509	1	11002000107	900000000000509007	33751002000111	900000000000548007
b3f6934e-21cf-46ce-afc2-d19072bd144c	20250509	1	11002000107	900000000000509007	38191002000113	900000000000548007
b3f81932-f075-4782-9276-b1dd52652052	20250509	1	11002000107	900000000000509007	20271002000119	900000000000548007
b3ff95ea-c855-4a16-a2af-0eb46b7d7a66	20250509	1	11002000107	900000000000509007	11411002000110	900000000000549004
b4187548-64f9-4cbb-910a-a8a4142263a4	20250509	1	11002000107	900000000000509007	31341002000114	900000000000548007
b42174b7-8a65-407b-a22a-a3300f8fc62b	20250509	1	11002000107	900000000000509007	33271002000114	900000000000549004
b4235095-3729-4f5a-968a-f2756d3bb619	20250509	1	11002000107	900000000000509007	48781002000110	900000000000548007
b43103b7-e4c0-4cca-a235-f7d30ee1c92e	20250509	1	11002000107	900000000000509007	28631002000117	900000000000548007
b43cb59c-d7fc-40e3-ac8a-864d6582e365	20250509	1	11002000107	900000000000509007	26251002000113	900000000000548007
b43eb390-269a-4663-8962-7ec076b9b6d8	20250509	1	11002000107	900000000000509007	47291002000116	900000000000549004
b4433fbd-af13-436f-8add-b6bc13ee8871	20250509	1	11002000107	900000000000509007	8381002000119	900000000000549004
b4515cf6-9efc-461d-93ca-472971e5b750	20250509	1	11002000107	900000000000509007	13041002000118	900000000000548007
b462cd53-d31a-4aff-9e1d-3f341aec29a8	20250509	1	11002000107	900000000000509007	6591002000110	900000000000549004
b4770cf8-0fe9-4837-ab60-605cc5462c27	20250509	1	11002000107	900000000000509007	31601002000115	900000000000548007
b495ec50-4fbd-4112-b715-bcc74b96bfd6	20250509	1	11002000107	900000000000509007	44231002000113	900000000000549004
b4ab153a-88b3-4d8b-ae6f-e41c8687a274	20250509	1	11002000107	900000000000509007	2151002000113	900000000000548007
b4bcbfe1-3802-4ed1-98fb-163dc7081a6a	20250509	1	11002000107	900000000000509007	33691002000112	900000000000548007
b4be9367-4e8f-4c80-a9ac-5489260f8119	20250509	1	11002000107	900000000000509007	11861002000111	900000000000549004
b4e098c7-ab0b-46a4-8afb-7be572eb53eb	20250509	1	11002000107	900000000000509007	41831002000112	900000000000549004
b4eb3930-12c3-42f6-8524-24c31c7b6190	20250509	1	11002000107	900000000000509007	3521002000115	900000000000549004
b500b34a-605d-4f03-93f3-b193e66f25f5	20250509	1	11002000107	900000000000509007	15211002000111	900000000000549004
b508b54b-c346-4925-ad7a-b53d61072b23	20250509	1	11002000107	900000000000509007	3541002000113	900000000000548007
b51d4a61-9f45-4e99-9ded-dc8484ae8bce	20250509	1	11002000107	900000000000509007	26311002000117	900000000000548007
b527c658-a8da-48c8-bf03-7584335a7afe	20250509	1	11002000107	900000000000509007	2011002000113	900000000000548007
b52b4800-a53b-4f5c-8fcf-7595eb8faf9a	20250509	1	11002000107	900000000000509007	5871002000117	900000000000549004
b537e7ba-0842-4a72-b723-5a38a9569f30	20250509	1	11002000107	900000000000509007	26981002000111	900000000000549004
b54db975-6000-4c29-9142-a1389d0c17bf	20250509	1	11002000107	900000000000509007	261002000113	900000000000548007
b555e69b-3dc5-4ce6-a044-d4f4c72ab13d	20250509	1	11002000107	900000000000509007	2091002000117	900000000000548007
b5580500-d4ef-402b-92b8-a61744f4bd79	20250509	1	11002000107	900000000000509007	20331002000111	900000000000548007
b5642266-9509-48cb-aeb7-99ddc7a4fc2a	20250509	1	11002000107	900000000000509007	35521002000110	900000000000548007
b5793f79-cd3d-4327-b785-f7d011522f71	20250509	1	11002000107	900000000000509007	9271002000115	900000000000548007
b57bb0aa-7cfa-4b7f-8979-603126b29a3b	20250509	1	11002000107	900000000000509007	21531002000112	900000000000548007
b5872872-77f9-4d78-873f-ec5cb7f3d99c	20250509	1	11002000107	900000000000509007	45411002000116	900000000000548007
b58d0f6b-acca-4bbf-9e18-1db9de8da952	20250509	1	11002000107	900000000000509007	31131002000115	900000000000548007
b598ad6b-0b76-4276-add5-3046bebbdcda	20250509	1	11002000107	900000000000509007	36471002000116	900000000000548007
b5a270b8-2b3a-4e82-8338-3004af4b979d	20250509	1	11002000107	900000000000509007	15201002000113	900000000000548007
b5a3499b-5d41-4df3-8fc3-1420b51b99ce	20250509	1	11002000107	900000000000509007	27491002000115	900000000000548007
b5a5e888-11d0-4383-92c7-b1c8c30b06b7	20250509	1	11002000107	900000000000509007	23401002000118	900000000000548007
b5ad46fd-105b-40ab-a683-da78ae7d2d2e	20250509	1	11002000107	900000000000509007	37871002000117	900000000000549004
b5b4f223-a244-4224-a770-aa54dbe8f8fd	20250509	1	11002000107	900000000000509007	22621002000117	900000000000548007
b5c63975-582c-4ede-9f31-7f528dac8f83	20250509	1	11002000107	900000000000509007	18611002000117	900000000000548007
b5d04aaf-bc44-487a-915c-881dbe00e446	20250509	1	11002000107	900000000000509007	13121002000112	900000000000549004
b5d48558-b019-482c-b260-b184ad0d1379	20250509	1	11002000107	900000000000509007	26691002000119	900000000000548007
b5e85274-8f42-4577-93a2-6eac1b0a62db	20250509	1	11002000107	900000000000509007	7881002000112	900000000000548007
b5ed1df0-ecc2-4859-b52f-ed3db8a8d6c7	20250509	1	11002000107	900000000000509007	43221002000112	900000000000548007
b5f8714d-5fe4-4daa-a80d-ddd6b6c0d473	20250509	1	11002000107	900000000000509007	3841002000110	900000000000548007
b605050d-19a0-4833-9da7-f2bd693dab7c	20250509	1	11002000107	900000000000509007	31921002000115	900000000000548007
b605400c-2bd0-419f-87aa-080f0840fd30	20250509	1	11002000107	900000000000509007	26191002000111	900000000000548007
b60cdea4-6ce4-4697-bec8-ea8aeaa5363a	20250509	1	11002000107	900000000000509007	22881002000119	900000000000549004
b61f71f9-7b19-4343-b744-83781506d234	20250509	1	11002000107	900000000000509007	4601002000114	900000000000548007
b62128a9-7e57-43f5-acc0-869df7617498	20250509	1	11002000107	900000000000509007	24461002000115	900000000000548007
b63be885-f0ae-44a9-8a3f-f1b4c62873c8	20250509	1	11002000107	900000000000509007	42511002000112	900000000000548007
b6403863-1fb4-4332-ae06-378e07f366d3	20250509	1	11002000107	900000000000509007	45631002000111	900000000000548007
b6435ae1-e170-4e0f-b2b1-b780b7a8ba3b	20250509	1	11002000107	900000000000509007	3031002000111	900000000000549004
b6475649-8d9e-42f9-84dd-da66277f1b2b	20250509	1	11002000107	900000000000509007	21671002000114	900000000000549004
b647709b-abad-4321-bf07-cee5fac1c13c	20250509	1	11002000107	900000000000509007	38001002000119	900000000000548007
b6501ddf-39bc-4ff6-8c51-a8c58e6cc99b	20250509	1	11002000107	900000000000509007	36261002000113	900000000000548007
b67a68b8-0c5c-4797-a291-7edd99a81a56	20250509	1	11002000107	900000000000509007	2081002000115	900000000000549004
b67efd4f-a92b-46c9-906f-06feb888ba40	20250509	1	11002000107	900000000000509007	46221002000115	900000000000548007
b686c3c3-97fe-4e5e-949d-2d6b6755a1c5	20250509	1	11002000107	900000000000509007	37331002000110	900000000000549004
b68a278d-d442-4132-b7c8-49d3040e8c70	20250509	1	11002000107	900000000000509007	32201002000113	900000000000548007
b6940e2c-9029-4f5b-8ac4-3d79e4c286bd	20250509	1	11002000107	900000000000509007	42341002000116	900000000000549004
b6a7099b-daeb-4f8e-8269-3e5a873efd40	20250509	1	11002000107	900000000000509007	2021002000119	900000000000549004
b6c01c3e-4dc3-4dc6-9686-8f65f443dd3d	20250509	1	11002000107	900000000000509007	2671002000112	900000000000548007
b6c2d7d9-4b41-471e-b040-4cc7a7761c83	20250509	1	11002000107	900000000000509007	26911002000118	900000000000548007
b6c34890-96c8-4936-a6cb-e8b0436bb938	20250509	1	11002000107	900000000000509007	22021002000114	900000000000549004
b6d7b503-9e85-40d5-9b42-94e36a20b145	20250509	1	11002000107	900000000000509007	19891002000116	900000000000548007
b6e4d38f-cf81-48b9-b1f6-1c867de09997	20250509	1	11002000107	900000000000509007	42081002000110	900000000000548007
b6f04502-9ef2-451a-8266-c679876ed6dc	20250509	1	11002000107	900000000000509007	10801002000116	900000000000548007
b6f728af-b81b-4045-8675-3d13d108e474	20250509	1	11002000107	900000000000509007	10521002000114	900000000000549004
b6f99292-08a7-4307-95b6-d3ad4375a1ab	20250509	1	11002000107	900000000000509007	40681002000116	900000000000548007
b706b493-afa3-437a-b9a2-6335c7e67ca6	20250509	1	11002000107	900000000000509007	26751002000115	900000000000548007
b70dfd70-1b5a-440b-b33b-a73528a6a881	20250509	1	11002000107	900000000000509007	38501002000113	900000000000549004
b727d5da-928e-4389-a81d-0e3cfbfe7393	20250509	1	11002000107	900000000000509007	29451002000116	900000000000548007
b73a7bb0-821f-45e8-882d-ef51c8735972	20250509	1	11002000107	900000000000509007	18381002000117	900000000000548007
b7449831-a931-47a2-a2f3-2f19149cbf68	20250509	1	11002000107	900000000000509007	19041002000116	900000000000548007
b7531e9f-886d-4bcd-baee-dee683afe3e8	20250509	1	11002000107	900000000000509007	11451002000111	900000000000548007
b7598dae-1905-4ce0-96e9-57af3fcbe13e	20250509	1	11002000107	900000000000509007	35161002000113	900000000000548007
b7622bdb-0115-4c59-aff9-3d6d65d2235c	20250509	1	11002000107	900000000000509007	43211002000118	900000000000549004
b7727459-3510-4689-8a88-719b960e4260	20250509	1	11002000107	900000000000509007	20031002000113	900000000000548007
b77a43ab-3f05-4155-927c-22060d6a41b0	20250509	1	11002000107	900000000000509007	14231002000115	900000000000548007
b7810b71-2141-4b0b-8887-59f343544d1f	20250509	1	11002000107	900000000000509007	49051002000114	900000000000548007
b78887cb-6c68-4fdc-8367-28f7df61c140	20250509	1	11002000107	900000000000509007	44101002000110	900000000000548007
b78fd331-1095-488d-b7f5-47ede106a07b	20250509	1	11002000107	900000000000509007	48451002000110	900000000000548007
b7b92f07-303b-4a94-a4ef-cbb1a1bde997	20250509	1	11002000107	900000000000509007	35751002000110	900000000000548007
b7baf2f6-d099-4af0-adcd-106e7ba1866f	20250509	1	11002000107	900000000000509007	23321002000117	900000000000548007
b7c825fd-aba5-459f-962e-9600c570bf3d	20250509	1	11002000107	900000000000509007	47141002000116	900000000000549004
b7e4ccde-ea74-409b-938a-dd02d6712c3d	20250509	1	11002000107	900000000000509007	39021002000115	900000000000548007
b8010327-6541-4cd9-ab49-7ae1c8b2c3c3	20250509	1	11002000107	900000000000509007	36821002000115	900000000000548007
b8085648-f3fb-4b6c-9501-0f775544e3cd	20250509	1	11002000107	900000000000509007	15241002000110	900000000000549004
b81108c4-dccb-4c2b-92e4-cf29a1a23b7a	20250509	1	11002000107	900000000000509007	32471002000117	900000000000548007
b8135d99-b33d-47bc-b456-c9e86f63fb8f	20250509	1	11002000107	900000000000509007	29301002000110	900000000000548007
b8278f00-e289-4ef4-a8c4-b2cd166d6a6e	20250509	1	11002000107	900000000000509007	43491002000113	900000000000548007
b83ee617-2695-49a1-b4a0-60f987c9fadf	20250509	1	11002000107	900000000000509007	4191002000113	900000000000548007
b860f882-107d-4657-873b-01b658378d83	20250509	1	11002000107	900000000000509007	23391002000115	900000000000548007
b8665f3d-b12f-43fc-8b67-0f0ede06b206	20250509	1	11002000107	900000000000509007	2801002000119	900000000000548007
b868ecc1-96c6-4933-aaed-67fecd90abe3	20250509	1	11002000107	900000000000509007	5001002000118	900000000000549004
b8815379-9844-450a-bf2e-17cc33144329	20250509	1	11002000107	900000000000509007	4741002000119	900000000000548007
b8a9e51c-9af2-4eeb-bb06-75e9e599b2ca	20250509	1	11002000107	900000000000509007	14791002000112	900000000000548007
b8b0ed71-e316-4616-ab3e-83f239aa4e16	20250509	1	11002000107	900000000000509007	6021002000115	900000000000549004
b8c8703a-8655-4b16-900f-305e714e4b36	20250509	1	11002000107	900000000000509007	32681002000116	900000000000548007
b8d14034-1298-4e87-ab29-b23d53f9c20a	20250509	1	11002000107	900000000000509007	631002000116	900000000000548007
b8e7e720-3ed5-4874-b19a-8c6bac8a1261	20250509	1	11002000107	900000000000509007	7761002000112	900000000000548007
b8eb0cf0-409f-4bae-a6a8-a3b51a7f14c8	20250509	1	11002000107	900000000000509007	20261002000112	900000000000549004
b8f6ef4d-d9f9-4072-be4f-79358f7ed30b	20250509	1	11002000107	900000000000509007	38281002000116	900000000000548007
b8fb3001-e1d5-4e25-98f8-f07689d92093	20250509	1	11002000107	900000000000509007	9971002000111	900000000000549004
b8fb4154-50fe-445e-adba-9671c93d1424	20250509	1	11002000107	900000000000509007	31311002000110	900000000000548007
b904b1a0-4fb3-4fa5-9771-7fb0066f4da1	20250509	1	11002000107	900000000000509007	12311002000113	900000000000549004
b9259ff3-e07f-4059-9ff2-ee9415e24439	20250509	1	11002000107	900000000000509007	40341002000117	900000000000548007
b92b2cfa-c063-40e9-94b3-56fd95e7e5ce	20250509	1	11002000107	900000000000509007	28511002000113	900000000000548007
b92e48a2-b3d2-475a-9314-a3b18bdc7915	20250509	1	11002000107	900000000000509007	39871002000112	900000000000548007
b9329b8a-84b2-4739-8346-93aa5337158d	20250509	1	11002000107	900000000000509007	4481002000117	900000000000548007
b9453252-0696-42bf-84e9-e55d1f86c2d2	20250509	1	11002000107	900000000000509007	15001002000116	900000000000549004
b949662b-9a45-4ff2-a816-312a4428b884	20250509	1	11002000107	900000000000509007	26551002000110	900000000000548007
b94b68ab-596c-45de-83b4-5331e6bdc077	20250509	1	11002000107	900000000000509007	44361002000114	900000000000548007
b94ea8e3-c4f9-4d45-b966-5c78806becc6	20250509	1	11002000107	900000000000509007	26631002000118	900000000000548007
b95c08bc-0264-4b45-a09a-c712af5092d9	20250509	1	11002000107	900000000000509007	1851002000111	900000000000548007
b9696a3d-5434-4453-b96f-ea2087950c68	20250509	1	11002000107	900000000000509007	48741002000118	900000000000548007
b979d516-f10b-4c57-afdc-6b2e48417ebe	20250509	1	11002000107	900000000000509007	48881002000119	900000000000549004
b9834b9c-509b-42f5-a40d-ab2ac53c47d6	20250509	1	11002000107	900000000000509007	42531002000115	900000000000548007
b9867b24-c581-4aa7-84b6-435346a6782c	20250509	1	11002000107	900000000000509007	37201002000110	900000000000548007
b9b3a496-1ed4-43f1-83ed-d907c63067b0	20250509	1	11002000107	900000000000509007	15711002000115	900000000000549004
b9b5816f-c219-4c22-b461-fae273141242	20250509	1	11002000107	900000000000509007	28831002000118	900000000000549004
b9c02897-7886-4afd-9921-4b5a76f7589c	20250509	1	11002000107	900000000000509007	22401002000111	900000000000548007
b9c43b44-9f90-40b6-9f50-e420824d4d4a	20250509	1	11002000107	900000000000509007	15111002000119	900000000000548007
b9c4c429-146f-4b80-bcb0-d86bff429cb5	20250509	1	11002000107	900000000000509007	11381002000112	900000000000548007
b9c8dc3c-ba15-4b3b-a674-97bf25c591e7	20250509	1	11002000107	900000000000509007	24961002000111	900000000000548007
b9d0df49-ba82-4f3d-a4f1-b58bb1ae1579	20250509	1	11002000107	900000000000509007	13021002000111	900000000000548007
b9d35d5f-28b2-4437-95c4-c9bfa810b7f0	20250509	1	11002000107	900000000000509007	35581002000114	900000000000548007
b9d4ffd2-22f8-4104-adb8-89230cf40bc5	20250509	1	11002000107	900000000000509007	11541002000110	900000000000548007
b9dc01bd-9e36-498a-b240-67053c36a8d2	20250509	1	11002000107	900000000000509007	41241002000115	900000000000548007
b9fad6ea-157a-4bc0-b0f7-03d48983befa	20250509	1	11002000107	900000000000509007	16601002000119	900000000000548007
b9fb9956-ab44-4986-8c0a-f279fd33d30b	20250509	1	11002000107	900000000000509007	7261002000115	900000000000548007
b9fba460-df30-49f3-ab85-f2f58e1e3553	20250509	1	11002000107	900000000000509007	20291002000118	900000000000548007
b9fd13e9-d9bf-47d3-8554-3b59a994172a	20250509	1	11002000107	900000000000509007	45611002000119	900000000000549004
ba370053-1f71-489d-b73a-dbc679c5b6c6	20250509	1	11002000107	900000000000509007	41591002000113	900000000000549004
ba44a5ed-3038-4236-8f1c-bce986a99771	20250509	1	11002000107	900000000000509007	8751002000114	900000000000549004
ba53b56a-545a-472a-ac73-ca754359105e	20250509	1	11002000107	900000000000509007	28491002000116	900000000000548007
ba6919d9-4719-4279-9144-45810d0a3e19	20250509	1	11002000107	900000000000509007	2051002000114	900000000000549004
ba6c9d10-cac8-4d62-b8be-653a0b84c5e6	20250509	1	11002000107	900000000000509007	8171002000119	900000000000549004
ba7f6809-e827-472d-8c80-8c0a2c2084b6	20250509	1	11002000107	900000000000509007	36871002000119	900000000000548007
ba83f7e1-d7fd-4762-8e93-8e3e9ffc3113	20250509	1	11002000107	900000000000509007	31681002000110	900000000000548007
ba87214e-0799-411c-8d9c-3e2a48b142e1	20250509	1	11002000107	900000000000509007	43131002000118	900000000000548007
bab167db-ad11-479c-8991-650a2855912b	20250509	1	11002000107	900000000000509007	131002000110	900000000000549004
babcadc0-bf33-49b1-a119-74ab79a0d7b1	20250509	1	11002000107	900000000000509007	33071002000117	900000000000548007
badb6ed1-15e9-40a7-81fd-9cb31fbdd54a	20250509	1	11002000107	900000000000509007	41121002000117	900000000000548007
badcf8e7-7bbd-4980-9a01-7df1d47a1d5d	20250509	1	11002000107	900000000000509007	42261002000113	900000000000548007
bae669a2-6702-4607-975e-d8a2d21ba1b9	20250509	1	11002000107	900000000000509007	8551002000119	900000000000548007
bafea046-3f98-4f5c-a65d-893f46ee57e6	20250509	1	11002000107	900000000000509007	9561002000110	900000000000548007
bb071dfd-cb32-4f01-bd9d-b282fac621c2	20250509	1	11002000107	900000000000509007	12371002000118	900000000000549004
bb2116f9-c050-4eee-a64b-4daabb3a610c	20250509	1	11002000107	900000000000509007	40311002000116	900000000000548007
bb2292a6-c18c-4c49-a46f-15a5431af082	20250509	1	11002000107	900000000000509007	8051002000111	900000000000549004
bb275e1e-678d-471b-be80-f80fd052bc2f	20250509	1	11002000107	900000000000509007	27601002000110	900000000000549004
bb349825-744d-4498-a90b-607b6fc63349	20250509	1	11002000107	900000000000509007	38671002000117	900000000000548007
bb39dc12-fc63-4c47-993f-4351caf26314	20250509	1	11002000107	900000000000509007	10051002000111	900000000000548007
bb3e59f6-dccc-4613-8139-e26beadb4a2a	20250509	1	11002000107	900000000000509007	38091002000112	900000000000548007
bb4e6783-7927-473f-9ff6-38d8c3d54a40	20250509	1	11002000107	900000000000509007	25781002000118	900000000000548007
bb4ebf52-5a7f-43a2-975d-6eab4f214bfb	20250509	1	11002000107	900000000000509007	25051002000114	900000000000548007
bb5572bc-df01-4383-b562-59eef2bf1733	20250509	1	11002000107	900000000000509007	26071002000114	900000000000548007
bb557f0a-fae3-4bd9-8e25-f53c095a9e80	20250509	1	11002000107	900000000000509007	17881002000110	900000000000548007
bb73de24-10c1-4b5c-a9a3-c6ed0cc7ff42	20250509	1	11002000107	900000000000509007	411002000111	900000000000548007
bb8663ff-ae92-44a0-99eb-109deace8505	20250509	1	11002000107	900000000000509007	24001002000114	900000000000548007
bb8cd946-cc5c-4484-8260-17628a23aa69	20250509	1	11002000107	900000000000509007	1321002000110	900000000000548007
bba65335-5400-4830-9c01-4050de3ff7b4	20250509	1	11002000107	900000000000509007	41681002000114	900000000000549004
bbb1cdf4-3a30-4d4c-a2bc-3410b91774f5	20250509	1	11002000107	900000000000509007	48671002000116	900000000000549004
bbbbf7c7-bb11-4109-9950-7be2af4006b5	20250509	1	11002000107	900000000000509007	13231002000118	900000000000548007
bbc4f4b3-560b-45f5-9b03-e1ff8c8c970d	20250509	1	11002000107	900000000000509007	25621002000111	900000000000548007
bbca004c-2c4f-47f4-9e55-a7bd1b65593e	20250509	1	11002000107	900000000000509007	39451002000119	900000000000548007
bbcaab1d-3df0-47f0-8937-0a6f097f6fbf	20250509	1	11002000107	900000000000509007	11301002000117	900000000000549004
bbcb95d9-c2b5-4072-87d0-cad2cf956d12	20250509	1	11002000107	900000000000509007	44171002000118	900000000000549004
bbd98e58-9c3b-406c-836f-712d5821cd20	20250509	1	11002000107	900000000000509007	18291002000111	900000000000548007
bbe85529-4682-4bdb-aa98-d8521ca1f9a3	20250509	1	11002000107	900000000000509007	8361002000110	900000000000548007
bbe97110-f55b-463f-ab5c-191d12bb41a5	20250509	1	11002000107	900000000000509007	3271002000117	900000000000548007
bbf1ac24-cef5-473e-9f09-548e570eb98e	20250509	1	11002000107	900000000000509007	28361002000118	900000000000548007
bc09f889-6bf0-4460-ba66-b161f0be8df9	20250509	1	11002000107	900000000000509007	32291002000115	900000000000548007
bc158da0-a2d6-44f1-bbff-4703e3332627	20250509	1	11002000107	900000000000509007	39381002000118	900000000000548007
bc16ed9f-5f72-4ef0-a8ae-c8839fd7f52e	20250509	1	11002000107	900000000000509007	23811002000117	900000000000548007
bc1e4982-94bc-46af-b09f-7f334569bacb	20250509	1	11002000107	900000000000509007	39781002000119	900000000000548007
bc2ec963-733f-4ea2-94f2-e50ab8399e0c	20250509	1	11002000107	900000000000509007	11341002000115	900000000000548007
bc2ff226-10bd-4eca-b18f-5ff8fc966a30	20250509	1	11002000107	900000000000509007	22811002000112	900000000000548007
bc53c669-12fb-423f-ba50-760b87190866	20250509	1	11002000107	900000000000509007	3681002000117	900000000000548007
bc55af70-c853-427b-a92d-44f460e912d9	20250509	1	11002000107	900000000000509007	26121002000114	900000000000548007
bc6d69fd-fb98-4f5a-af9e-d51ef9199040	20250509	1	11002000107	900000000000509007	45541002000116	900000000000548007
bc7008c4-cfe0-4909-93e1-6df53a54f3c7	20250509	1	11002000107	900000000000509007	48641002000110	900000000000549004
bcab00fd-0e69-4650-b46a-5daa5cc82a62	20250509	1	11002000107	900000000000509007	5671002000116	900000000000548007
bcbe0b08-334a-4a91-94f0-d3298f84273b	20250509	1	11002000107	900000000000509007	4651002000113	900000000000548007
bcc272a3-fc10-4058-8fc0-7ecad45f016a	20250509	1	11002000107	900000000000509007	48201002000110	900000000000548007
bcc6c4ff-5abb-4c11-8f70-85008906c479	20250509	1	11002000107	900000000000509007	26521002000115	900000000000548007
bcfd3668-2ab1-4dac-8fea-71d3622391fb	20250509	1	11002000107	900000000000509007	4691002000116	900000000000548007
bd011263-a5e2-4eb3-831f-bd16c6862246	20250509	1	11002000107	900000000000509007	511002000112	900000000000548007
bd13e333-15e6-41ed-ba9f-1c6b20e5d446	20250509	1	11002000107	900000000000509007	7431002000114	900000000000548007
bd2b4bfb-b731-470c-8ac1-2cd8e6b40162	20250509	1	11002000107	900000000000509007	6041002000113	900000000000548007
bd2c6b96-6626-4110-af85-c8b282096067	20250509	1	11002000107	900000000000509007	11041002000117	900000000000548007
bd33a2fa-425b-41df-a280-94f66739f36a	20250509	1	11002000107	900000000000509007	37371002000113	900000000000548007
bd348cd2-12a2-4a15-9c8b-2bfad3a4e2f9	20250509	1	11002000107	900000000000509007	22051002000119	900000000000548007
bd447f21-92b9-4d54-8636-cbfe3fa99819	20250509	1	11002000107	900000000000509007	2971002000119	900000000000549004
bd4a37ac-90a8-4e3f-be6a-14cff19307ae	20250509	1	11002000107	900000000000509007	37961002000116	900000000000549004
bd4d8e6b-d842-4505-bb46-9e26d7636963	20250509	1	11002000107	900000000000509007	15321002000110	900000000000548007
bd553368-8757-40cc-b150-59c1b86f2747	20250509	1	11002000107	900000000000509007	48951002000118	900000000000548007
bd5bbdbe-419f-4d7f-94bd-cb8bb7e66aeb	20250509	1	11002000107	900000000000509007	3361002000119	900000000000548007
bd655b42-bb4f-40af-8156-794e689d8ec0	20250509	1	11002000107	900000000000509007	42681002000115	900000000000548007
bd690bd5-8aff-4845-8d36-1f7ad9e1f3d4	20250509	1	11002000107	900000000000509007	47901002000116	900000000000548007
bd71114b-c98c-4f4e-88b9-67b76a7b7ab6	20250509	1	11002000107	900000000000509007	47421002000119	900000000000548007
bd7eba53-cba0-4129-8c03-6e5f2f8c4b3c	20250509	1	11002000107	900000000000509007	30131002000112	900000000000548007
bd852839-c21d-4b8b-b740-da8f62cf3063	20250509	1	11002000107	900000000000509007	24441002000119	900000000000549004
bd8b826c-d747-43c6-bbe3-7633dd85e952	20250509	1	11002000107	900000000000509007	1681002000116	900000000000548007
bd9b1c02-d023-4ff0-8f96-06f6e7329931	20250509	1	11002000107	900000000000509007	32051002000117	900000000000548007
bda29e7f-0964-490c-bf0a-c22b1f4cdf34	20250509	1	11002000107	900000000000509007	47961002000115	900000000000548007
bda626f0-d7a3-4428-bf9e-5758942504ca	20250509	1	11002000107	900000000000509007	27961002000118	900000000000548007
bdd9a868-4cf8-4d35-8f43-b480772a3739	20250509	1	11002000107	900000000000509007	45761002000111	900000000000549004
bdf1c873-71f8-4f9c-855c-36540c2bbf0b	20250509	1	11002000107	900000000000509007	7661002000117	900000000000549004
be18307f-204a-440e-9042-93e316a12e93	20250509	1	11002000107	900000000000509007	21811002000118	900000000000549004
be1a63d6-5656-4f1e-97ce-f3e94ee5fee0	20250509	1	11002000107	900000000000509007	45501002000118	900000000000548007
be26ae4b-179a-4b24-a728-20aaed8d09ae	20250509	1	11002000107	900000000000509007	21041002000114	900000000000548007
be31e07f-8a40-403f-a8ba-e6905c5a8d24	20250509	1	11002000107	900000000000509007	34051002000111	900000000000548007
be524aa1-2d07-444f-8fd7-ac8a017df91b	20250509	1	11002000107	900000000000509007	3331002000114	900000000000548007
be53d4c2-b699-4257-8d00-36085056aa01	20250509	1	11002000107	900000000000509007	39391002000115	900000000000548007
be5fc585-bd7e-4836-a680-759f181f297f	20250509	1	11002000107	900000000000509007	34071002000115	900000000000549004
be69c422-3f1e-4b28-9077-c6f297fb33a3	20250509	1	11002000107	900000000000509007	12581002000114	900000000000549004
be78d5da-3457-434e-a016-df6987787e62	20250509	1	11002000107	900000000000509007	48111002000116	900000000000548007
bea50cb9-9cb9-4dca-965b-440350a5f368	20250509	1	11002000107	900000000000509007	35111002000110	900000000000549004
beb32e83-4783-4899-81c4-1309476f30d7	20250509	1	11002000107	900000000000509007	25501002000116	900000000000548007
beb47f08-1c5b-47db-a4ab-f8cb78d07284	20250509	1	11002000107	900000000000509007	19591002000119	900000000000548007
bebc2abf-4055-49a3-904b-b0f68191ea33	20250509	1	11002000107	900000000000509007	20161002000119	900000000000548007
bec03767-8b2d-47b9-ac1a-1a325e1fb079	20250509	1	11002000107	900000000000509007	24181002000118	900000000000548007
bec22abe-076e-42f4-b6e4-c1e7a2bfdf38	20250509	1	11002000107	900000000000509007	42001002000115	900000000000548007
bec95657-87a1-472e-971c-402d5183948f	20250509	1	11002000107	900000000000509007	40781002000113	900000000000549004
bec9cdb6-950c-4859-8ed6-d5945f078209	20250509	1	11002000107	900000000000509007	4791002000114	900000000000549004
bed493dd-15db-43a1-ab42-00a656f27dfa	20250509	1	11002000107	900000000000509007	15161002000116	900000000000548007
bee8a051-a94e-4a7e-9781-e642eb325a85	20250509	1	11002000107	900000000000509007	41541002000118	900000000000548007
befcca6d-ba84-427f-93d2-bb0f7fdec1a1	20250509	1	11002000107	900000000000509007	18451002000118	900000000000548007
befe7aa2-819f-4f6b-905a-c6db0c4c722f	20250509	1	11002000107	900000000000509007	35881002000112	900000000000548007
bf05e30e-5b54-4dac-928d-08c03eb0c476	20250509	1	11002000107	900000000000509007	9201002000112	900000000000549004
bf36f1ef-36bb-4512-93b6-4d21b1b354ae	20250509	1	11002000107	900000000000509007	45601002000117	900000000000548007
bf38075b-5973-4951-88ba-95e0d680de8f	20250509	1	11002000107	900000000000509007	23491002000111	900000000000548007
bf3aeb00-39d2-4f7c-8f20-236aa4a60fb3	20250509	1	11002000107	900000000000509007	31421002000113	900000000000548007
bf40d890-d6b9-4816-bc76-693840cedc83	20250509	1	11002000107	900000000000509007	25671002000112	900000000000549004
bf4f9f98-13c2-4b37-8eb7-cffd8e3c65fa	20250509	1	11002000107	900000000000509007	20061002000118	900000000000548007
bf6a7330-9220-424b-a1cb-949265d32cd9	20250509	1	11002000107	900000000000509007	22511002000110	900000000000549004
bf6dcd14-da83-4279-a84e-153f44252201	20250509	1	11002000107	900000000000509007	3811002000111	900000000000548007
bf77bbc5-b1fd-43a2-8a10-665839b45101	20250509	1	11002000107	900000000000509007	46451002000111	900000000000549004
bf7d8f4a-5e54-4c9f-802e-1997594d9dd1	20250509	1	11002000107	900000000000509007	7511002000116	900000000000549004
bf8ecc1a-1b52-473a-b3e5-a958940982ed	20250509	1	11002000107	900000000000509007	43971002000117	900000000000548007
bf9308d3-460d-422c-b7f4-d6e5a91faebd	20250509	1	11002000107	900000000000509007	20371002000114	900000000000549004
bf9981b1-2768-4a69-bb01-f21aa8cd4857	20250509	1	11002000107	900000000000509007	23111002000113	900000000000548007
bfa4df8b-77d6-46b1-ab2a-9d17eb403a00	20250509	1	11002000107	900000000000509007	7001002000113	900000000000548007
bfddc620-73c1-4e66-bb41-9a5d86542ca2	20250509	1	11002000107	900000000000509007	1641002000113	900000000000548007
bfe985b3-ffbd-4b3a-b128-a3db22fe39a6	20250509	1	11002000107	900000000000509007	31051002000114	900000000000548007
bff84675-718a-44ed-b258-ad36d947f318	20250509	1	11002000107	900000000000509007	17681002000111	900000000000549004
c00917d4-8510-4086-8e64-92692fe80b49	20250509	1	11002000107	900000000000509007	17981002000117	900000000000549004
c00e358b-1b17-4664-8b6b-41e5f72685a6	20250509	1	11002000107	900000000000509007	29871002000114	900000000000548007
c01227c1-c438-4fbf-82ad-d7b27dabee07	20250509	1	11002000107	900000000000509007	30721002000110	900000000000548007
c0460d54-e068-4639-a5cc-bfa254798c94	20250509	1	11002000107	900000000000509007	3121002000114	900000000000549004
c0510714-cff8-4790-9268-8bc23fff4d94	20250509	1	11002000107	900000000000509007	47791002000112	900000000000548007
c055ed21-b9e3-4a57-ab46-971fa0ff1d24	20250509	1	11002000107	900000000000509007	11051002000115	900000000000548007
c0562157-1284-4206-b08d-822ad03534c2	20250509	1	11002000107	900000000000509007	31031002000116	900000000000548007
c058d167-6477-4e35-9e2f-f356c558b435	20250509	1	11002000107	900000000000509007	7531002000113	900000000000548007
c0b5122d-3585-4f25-895e-61ea5cbb71b3	20250509	1	11002000107	900000000000509007	6521002000113	900000000000548007
c0c307db-4bd8-468d-99de-495739ea1710	20250509	1	11002000107	900000000000509007	43191002000119	900000000000548007
c0d4d0c9-4ba4-4a67-9934-30fcfa08d575	20250509	1	11002000107	900000000000509007	5061002000117	900000000000549004
c0d8d87a-fde3-4749-98bb-2f49c7687e88	20250509	1	11002000107	900000000000509007	14281002000119	900000000000548007
c0d8ea42-396f-4793-97c6-0935767799ec	20250509	1	11002000107	900000000000509007	17011002000114	900000000000548007
c0d938ab-e5df-411c-b23a-b946c7b8b0db	20250509	1	11002000107	900000000000509007	4831002000116	900000000000548007
c0de5d47-e762-45d6-b9b3-8c5f309e6927	20250509	1	11002000107	900000000000509007	18281002000113	900000000000549004
c0e4c198-bd7d-4d79-85e0-647ce224c504	20250509	1	11002000107	900000000000509007	25141002000111	900000000000548007
c111a6a5-daee-4987-a3fc-01ed92cc32c3	20250509	1	11002000107	900000000000509007	15591002000117	900000000000549004
c1142534-f384-488c-924b-76f29c2e6c80	20250509	1	11002000107	900000000000509007	22391002000114	900000000000548007
c114e1b6-befe-4834-9d2c-efef949ebaa0	20250509	1	11002000107	900000000000509007	19991002000110	900000000000549004
c13da464-6581-437b-b6ea-6a6056380777	20250509	1	11002000107	900000000000509007	12401002000115	900000000000549004
c150e6a7-5a02-46f0-a38c-83dd4d781bd5	20250509	1	11002000107	900000000000509007	1561002000111	900000000000548007
c174262d-3494-44d3-8669-ecd69d14efec	20250509	1	11002000107	900000000000509007	48121002000110	900000000000548007
c17b8c17-4955-4301-bca1-b1e06af32f63	20250509	1	11002000107	900000000000509007	5341002000119	900000000000548007
c17c5374-bd94-421d-b1af-ea6bac89bb9a	20250509	1	11002000107	900000000000509007	6391002000115	900000000000548007
c19f8e61-642d-415f-9510-c41b493516bc	20250509	1	11002000107	900000000000509007	24341002000113	900000000000548007
c1b60e0d-acd6-4533-be82-05f892e002fc	20250509	1	11002000107	900000000000509007	45371002000117	900000000000549004
c1cee6f7-f0d2-490c-a271-30e2c84a3a27	20250509	1	11002000107	900000000000509007	39771002000117	900000000000548007
c1d1fd97-27cb-4501-850a-f3838519125f	20250509	1	11002000107	900000000000509007	18771002000116	900000000000548007
c1e8424b-f302-4c92-bc9f-29fb22d583fb	20250509	1	11002000107	900000000000509007	38691002000116	900000000000548007
c23b2277-b38b-4f41-940c-6dc219863c5b	20250509	1	11002000107	900000000000509007	17711002000112	900000000000549004
c23e5d4a-8848-41c2-9015-4f394c501f55	20250509	1	11002000107	900000000000509007	15751002000119	900000000000548007
c2451664-dec3-4ae8-a8d3-3d129fae9f32	20250509	1	11002000107	900000000000509007	40601002000111	900000000000549004
c2737547-79c7-42b2-aaea-8c34241e2638	20250509	1	11002000107	900000000000509007	26781002000114	900000000000548007
c2a072e6-b817-4813-8bb5-f35c4aad17ae	20250509	1	11002000107	900000000000509007	42731002000111	900000000000549004
c2a3139a-2c04-43c4-8e6b-fed6968da485	20250509	1	11002000107	900000000000509007	16441002000119	900000000000549004
c2aa6eb9-955c-4118-8cea-ea47b199fea0	20250509	1	11002000107	900000000000509007	48211002000113	900000000000548007
c2e995fa-c515-4994-b400-95cb322b1bfa	20250509	1	11002000107	900000000000509007	37821002000118	900000000000548007
c2eb3602-e849-4827-82fb-2d5fdb892bc8	20250509	1	11002000107	900000000000509007	33961002000111	900000000000548007
c313939a-8f98-4c40-bc3a-535e68100e1b	20250509	1	11002000107	900000000000509007	41371002000119	900000000000548007
c315c78e-922d-4479-abd2-1487f61b62d1	20250509	1	11002000107	900000000000509007	46671002000117	900000000000548007
c321422f-aef1-459b-bf89-d069e263eb05	20250509	1	11002000107	900000000000509007	41521002000111	900000000000548007
c336b5a4-d329-4243-92d0-4e2856fb99af	20250509	1	11002000107	900000000000509007	2811002000116	900000000000549004
c33a4a67-e1cf-44f6-9eef-7b39876d6bf3	20250509	1	11002000107	900000000000509007	17911002000110	900000000000548007
c347e530-5c5e-4cab-b58b-50d2faa34f97	20250509	1	11002000107	900000000000509007	22981002000112	900000000000548007
c34e2981-a425-4c0c-91e3-68a65d8b0ab2	20250509	1	11002000107	900000000000509007	25901002000111	900000000000548007
c356fd1a-60c4-40f3-ad49-a09f52380b92	20250509	1	11002000107	900000000000509007	37401002000111	900000000000548007
c3577b24-b5aa-4064-8a5e-96194fef27c9	20250509	1	11002000107	900000000000509007	11721002000112	900000000000548007
c364f78f-b772-4a09-8039-f74fb4963557	20250509	1	11002000107	900000000000509007	8011002000110	900000000000548007
c3698774-e67e-45a0-b295-24b71b79380c	20250509	1	11002000107	900000000000509007	801002000111	900000000000548007
c38593f3-448b-4cc6-88c0-952aaeb76c04	20250509	1	11002000107	900000000000509007	13061002000119	900000000000549004
c39cd959-08a5-41f1-bf62-eddb0a475703	20250509	1	11002000107	900000000000509007	24211002000119	900000000000548007
c3a03edd-d3f2-43e6-9db8-5d658a8e508e	20250509	1	11002000107	900000000000509007	26241002000111	900000000000548007
c3b7311b-b2c1-41d2-9efa-332455a0d134	20250509	1	11002000107	900000000000509007	4441002000114	900000000000548007
c3ba692c-2475-43b4-bc38-8a7c9f0b93d8	20250509	1	11002000107	900000000000509007	40931002000114	900000000000549004
c3bdc132-5a27-4182-b647-ce9b9734e22f	20250509	1	11002000107	900000000000509007	48801002000114	900000000000548007
c3beb3dd-06e1-4ea2-919b-9c85e0299310	20250509	1	11002000107	900000000000509007	21661002000116	900000000000548007
c3c013e9-0f8d-4087-b0c4-577832590d15	20250509	1	11002000107	900000000000509007	26131002000112	900000000000548007
c3c4f523-36b7-425e-afda-543654da11d7	20250509	1	11002000107	900000000000509007	7381002000115	900000000000548007
c3cdeabc-e4f7-49d5-b973-d9446737f11c	20250509	1	11002000107	900000000000509007	35031002000119	900000000000548007
c3ddc27a-65a7-434e-a49a-1fc53fc45cd6	20250509	1	11002000107	900000000000509007	42241002000114	900000000000548007
c3e3772f-04a4-4c1a-9357-94accb7f96e5	20250509	1	11002000107	900000000000509007	4711002000118	900000000000548007
c3e989a1-1431-4a9f-91af-7218ec95e59a	20250509	1	11002000107	900000000000509007	45711002000113	900000000000548007
c3f76611-7f42-4a40-ada6-a3e4b22e3ac6	20250509	1	11002000107	900000000000509007	7921002000118	900000000000548007
c412c87b-575f-4ddb-bb5f-e4fb6ed34853	20250509	1	11002000107	900000000000509007	22071002000110	900000000000549004
c41c5101-1bd5-4f01-9cfc-09fa47a31653	20250509	1	11002000107	900000000000509007	36511002000112	900000000000548007
c41f23bf-6412-47fb-b2f6-5e6ef1173d92	20250509	1	11002000107	900000000000509007	23061002000112	900000000000549004
c41fa72c-84cc-458b-be8f-9950d86bacac	20250509	1	11002000107	900000000000509007	41161002000114	900000000000548007
c42f26c6-0b03-4da7-ad50-796455db7b4d	20250509	1	11002000107	900000000000509007	16581002000110	900000000000548007
c439ff81-e42a-4267-a0d1-16b0d0dc911b	20250509	1	11002000107	900000000000509007	43031002000119	900000000000549004
c45a2106-2e1b-486b-b7c9-14e01d7f8d78	20250509	1	11002000107	900000000000509007	17671002000113	900000000000548007
c45daab6-9fd7-42c3-a360-28c684e54fa5	20250509	1	11002000107	900000000000509007	27361002000117	900000000000549004
c46b7b85-80e8-4937-87c6-4c86d5d30e12	20250509	1	11002000107	900000000000509007	17471002000110	900000000000549004
c47208c6-096a-4fb7-bb87-89f0bc2f33bf	20250509	1	11002000107	900000000000509007	14841002000110	900000000000548007
c489276d-79ae-40cd-bd48-7e5e13b94fe7	20250509	1	11002000107	900000000000509007	3231002000115	900000000000548007
c497a961-657d-4957-be24-363d00f0c80f	20250509	1	11002000107	900000000000509007	14971002000113	900000000000549004
c4a31740-f936-4cd5-8fd8-2865cc5edb6d	20250509	1	11002000107	900000000000509007	28401002000114	900000000000548007
c4a515dc-ee5f-494d-a8f6-a68e0d7e355f	20250509	1	11002000107	900000000000509007	22031002000112	900000000000548007
c4a75bfc-5a58-4d3e-8d8f-cca872af2625	20250509	1	11002000107	900000000000509007	42371002000110	900000000000549004
c4a81ccf-f7f3-4c58-9f17-d1f5c458faa7	20250509	1	11002000107	900000000000509007	21911002000111	900000000000548007
c4b61517-084c-4fc9-bbe8-2213df8d2d46	20250509	1	11002000107	900000000000509007	211002000110	900000000000548007
c4bb6f80-8e4b-4d9c-8e23-a7a385d00e12	20250509	1	11002000107	900000000000509007	45221002000111	900000000000549004
c4ce7742-c797-4ab3-b3df-8c85469aca4f	20250509	1	11002000107	900000000000509007	9401002000113	900000000000548007
c4d009aa-c7e7-44bf-82b2-6d1e0fffa526	20250509	1	11002000107	900000000000509007	23081002000116	900000000000548007
c4d935b5-f3dc-4c2c-ac9c-9ca67514ce61	20250509	1	11002000107	900000000000509007	33231002000111	900000000000548007
c4ee9f6a-959b-4a92-80a1-6c09c88aecda	20250509	1	11002000107	900000000000509007	39281002000114	900000000000549004
c50b899c-f95b-4a87-96a6-d5a4f9599ab1	20250509	1	11002000107	900000000000509007	46981002000113	900000000000548007
c50c89ed-f8d6-4be2-b0ee-70557066e799	20250509	1	11002000107	900000000000509007	40961002000119	900000000000549004
c5131f39-26f2-439d-92a3-8184f07fa968	20250509	1	11002000107	900000000000509007	1281002000118	900000000000548007
c51c2961-c095-426c-9c32-ae22584819d5	20250509	1	11002000107	900000000000509007	6681002000111	900000000000549004
c52b8ed9-9411-4cc3-81a3-9517b4fbb586	20250509	1	11002000107	900000000000509007	8601002000117	900000000000548007
c52cd41a-f435-439b-87cb-0e014732c2c6	20250509	1	11002000107	900000000000509007	1231002000119	900000000000548007
c541baef-6879-4cc6-8589-0b65145e2d66	20250509	1	11002000107	900000000000509007	36571002000117	900000000000548007
c546b378-7047-4532-96af-ea8df4fb0287	20250509	1	11002000107	900000000000509007	14071002000114	900000000000548007
c553fabb-5034-40fc-8e5f-0f6b8bccb3b7	20250509	1	11002000107	900000000000509007	11791002000114	900000000000548007
c5593b3e-901f-4806-a90e-74ceca0ebb91	20250509	1	11002000107	900000000000509007	33931002000116	900000000000548007
c56d7ff4-0e9e-427f-9101-95d26775d3b0	20250509	1	11002000107	900000000000509007	34811002000118	900000000000549004
c5e30e0c-59bf-4de7-bff3-79d17b7e6307	20250509	1	11002000107	900000000000509007	9701002000117	900000000000549004
c5e5b63c-1104-4460-aa53-e36649a39031	20250509	1	11002000107	900000000000509007	21691002000110	900000000000548007
c61cf33a-6f1c-4f69-984f-b89099ce3ebc	20250509	1	11002000107	900000000000509007	11781002000111	900000000000548007
c61ead94-97b4-4dd0-9073-cf50c725e36b	20250509	1	11002000107	900000000000509007	16851002000119	900000000000548007
c62ccd18-e338-48df-8cef-a5383f15ab57	20250509	1	11002000107	900000000000509007	17101002000110	900000000000548007
c631e226-65eb-48cb-8f99-99b13738ea6d	20250509	1	11002000107	900000000000509007	12321002000119	900000000000548007
c6335cd7-8ce6-43e0-90b8-b489846957a7	20250509	1	11002000107	900000000000509007	32701002000118	900000000000548007
c65f9465-e28d-4058-a371-19fe7f90416e	20250509	1	11002000107	900000000000509007	22371002000113	900000000000548007
c6604329-f9db-455b-8705-2ee41dd1edfc	20250509	1	11002000107	900000000000509007	4551002000112	900000000000549004
c66276c2-d159-4dab-9175-040d5f22f2dd	20250509	1	11002000107	900000000000509007	44671002000113	900000000000548007
c665605f-9583-412f-b139-1e53407fe564	20250509	1	11002000107	900000000000509007	34441002000117	900000000000548007
c66a5a09-9c49-458b-bc1d-9f0969d18158	20250509	1	11002000107	900000000000509007	21651002000118	900000000000548007
c68036a7-4f0f-4dee-ba57-a96fc260aab4	20250509	1	11002000107	900000000000509007	41321002000115	900000000000549004
c685250b-52de-44e0-8849-efa5f897651c	20250509	1	11002000107	900000000000509007	41281002000112	900000000000548007
c688f0b2-1bfc-4d97-b334-74ed2e48cc8b	20250509	1	11002000107	900000000000509007	14941002000119	900000000000549004
c697ce57-ba05-41ce-aa88-dc99a1298778	20250509	1	11002000107	900000000000509007	45861002000115	900000000000548007
c69aa4ca-cfe4-4b80-b4a1-29b261a362be	20250509	1	11002000107	900000000000509007	30421002000119	900000000000548007
c69bae9a-0f82-453d-ae34-8b45e88b5509	20250509	1	11002000107	900000000000509007	5731002000114	900000000000548007
c6ab30f9-102d-4089-8ef5-2279bdb6dfad	20250509	1	11002000107	900000000000509007	47811002000111	900000000000548007
c6bcedff-86e5-415d-aa62-7757b5cd9a56	20250509	1	11002000107	900000000000509007	9951002000115	900000000000548007
c6c23877-5fcb-4b9a-a5b7-e4c305d3f2a7	20250509	1	11002000107	900000000000509007	35641002000116	900000000000548007
c6c31a10-7ded-40f9-92a7-773ca7a7bb44	20250509	1	11002000107	900000000000509007	12481002000110	900000000000548007
c6cfad55-2b60-48e3-b258-297369f93dee	20250509	1	11002000107	900000000000509007	42841002000113	900000000000548007
c6d0567d-72d4-43f3-bd63-5ca669533bf4	20250509	1	11002000107	900000000000509007	33341002000113	900000000000548007
c6d9ab35-d172-4d3d-a22b-cb98483bbb48	20250509	1	11002000107	900000000000509007	21211002000117	900000000000548007
c6da24a3-63ae-4536-bd4c-05a57ba938c6	20250509	1	11002000107	900000000000509007	11871002000118	900000000000548007
c6e0d38d-b1e3-4fa2-99b1-6b2ecd6222d8	20250509	1	11002000107	900000000000509007	43731002000117	900000000000548007
c6e96d06-de98-485c-a2db-66cb8b3e9908	20250509	1	11002000107	900000000000509007	5701002000115	900000000000548007
c6f62930-e75b-4acf-b0fd-b28fb1156d0d	20250509	1	11002000107	900000000000509007	5611002000111	900000000000548007
c6fe77f8-ed95-4292-9260-36bdb3a9068d	20250509	1	11002000107	900000000000509007	47461002000111	900000000000548007
c7143b7a-ca9d-4863-9349-a7f5982ab621	20250509	1	11002000107	900000000000509007	12921002000118	900000000000548007
c71b1a50-dfeb-43ed-8a49-7b7cb11f7163	20250509	1	11002000107	900000000000509007	13191002000114	900000000000548007
c723efd0-6779-48e4-a4b8-ecc38deca195	20250509	1	11002000107	900000000000509007	13901002000119	900000000000548007
c7292e64-58dc-4e22-a911-982cb6b3361e	20250509	1	11002000107	900000000000509007	3381002000110	900000000000548007
c73ec57d-60f4-4533-a39d-0812b6a3eda0	20250509	1	11002000107	900000000000509007	44741002000111	900000000000549004
c74efc13-9a07-4802-b550-c25e680a6169	20250509	1	11002000107	900000000000509007	28311002000116	900000000000548007
c759de3a-a4da-4b3e-9f7a-d5aa6e365ccf	20250509	1	11002000107	900000000000509007	18231002000112	900000000000548007
c762207e-1d1f-445e-a614-23d5a868e3c8	20250509	1	11002000107	900000000000509007	48911002000119	900000000000549004
c773d8e7-2356-42d9-8e4d-370baaefd1cb	20250509	1	11002000107	900000000000509007	4451002000111	900000000000548007
c774720c-713e-43ed-9f74-b6418497c830	20250509	1	11002000107	900000000000509007	32941002000118	900000000000549004
c78d7fcd-4a6c-4d8c-8dab-1b78c8a33d49	20250509	1	11002000107	900000000000509007	30791002000112	900000000000548007
c793237c-79cc-46fd-9b7b-17d0804296e4	20250509	1	11002000107	900000000000509007	2231002000112	900000000000549004
c79f4a14-401e-4915-b0a2-0b347c038d8c	20250509	1	11002000107	900000000000509007	18221002000114	900000000000549004
c7cb2919-a06a-4b14-a034-b6eef6bc105f	20250509	1	11002000107	900000000000509007	26451002000114	900000000000548007
c7d06925-a027-4dac-b96d-ffc091eb2368	20250509	1	11002000107	900000000000509007	48771002000112	900000000000548007
c7d0c0b5-b10d-4b14-b289-a50f2d938eab	20250509	1	11002000107	900000000000509007	33771002000115	900000000000549004
c7dccb18-06e4-49ab-b86d-f559d493836b	20250509	1	11002000107	900000000000509007	4311002000119	900000000000549004
c7feadc5-4ebe-437b-95a1-130695ce180b	20250509	1	11002000107	900000000000509007	16431002000110	900000000000548007
c8155ca8-d559-497a-92c0-62fd094b5d50	20250509	1	11002000107	900000000000509007	22861002000110	900000000000548007
c820357c-50a7-424a-8f65-c9539153458f	20250509	1	11002000107	900000000000509007	8681002000112	900000000000548007
c8298360-b258-4b8e-80ec-3f424acd84e9	20250509	1	11002000107	900000000000509007	21511002000115	900000000000548007
c82dc551-fdda-4cca-8350-c2d37e2f3336	20250509	1	11002000107	900000000000509007	7321002000119	900000000000548007
c82f0d83-f6f9-434b-a85f-55b24aa3d58d	20250509	1	11002000107	900000000000509007	44151002000114	900000000000548007
c835a5af-9309-47d3-906c-db1376c4a2fb	20250509	1	11002000107	900000000000509007	38651002000113	900000000000549004
c848416f-e3b5-40ef-a718-86381f41e9af	20250509	1	11002000107	900000000000509007	35991002000116	900000000000548007
c86fdc7e-8a47-4595-b731-ef3fedc4045a	20250509	1	11002000107	900000000000509007	17631002000110	900000000000548007
c87e8a8c-87b8-4e3e-9f3a-e2ff31bee758	20250509	1	11002000107	900000000000509007	15181002000112	900000000000549004
c8848234-a325-45b0-8956-e19bdc5762a4	20250509	1	11002000107	900000000000509007	29511002000116	900000000000548007
c8a4c86f-66f3-45d3-bb50-4dd5fbc17e9f	20250509	1	11002000107	900000000000509007	21521002000114	900000000000548007
c8ab83ab-75c2-4d65-a782-80991a342765	20250509	1	11002000107	900000000000509007	5821002000118	900000000000548007
c8c9a559-bd9f-477d-af26-927b742e113e	20250509	1	11002000107	900000000000509007	13861002000112	900000000000549004
c8d19bc5-f75b-48fa-baa2-32195607f720	20250509	1	11002000107	900000000000509007	43711002000114	900000000000548007
c8df5529-8794-43b0-85e7-44181d0a9ea9	20250509	1	11002000107	900000000000509007	23021002000115	900000000000548007
c8e91e65-18e4-47ee-b82c-48f78e888ceb	20250509	1	11002000107	900000000000509007	15841002000114	900000000000548007
c904390b-18b5-4145-828c-8ea7da45d7f6	20250509	1	11002000107	900000000000509007	13591002000116	900000000000549004
c9129524-5b78-4244-ae30-aa2743d51163	20250509	1	11002000107	900000000000509007	33001002000114	900000000000549004
c92af264-9324-490c-bbde-23aebf66dd2c	20250509	1	11002000107	900000000000509007	36981002000114	900000000000548007
c934106c-7502-4d87-9c6d-b1f58f9600d2	20250509	1	11002000107	900000000000509007	13911002000116	900000000000549004
c941565d-25a7-4025-a79c-9894339b7f71	20250509	1	11002000107	900000000000509007	39331002000119	900000000000548007
c94e3ac0-bbde-46d5-9324-9e3259bdc0a8	20250509	1	11002000107	900000000000509007	32641002000113	900000000000548007
c956ac01-1de5-4106-b00a-07d6d7b84b4c	20250509	1	11002000107	900000000000509007	18241002000116	900000000000548007
c95af5d8-cd81-45ca-a03e-933a39e11bd2	20250509	1	11002000107	900000000000509007	16281002000112	900000000000548007
c9641aee-a903-4351-9cb2-eba82934122f	20250509	1	11002000107	900000000000509007	27631002000116	900000000000549004
c96849e6-bfdd-4106-919f-21b1490b0a7c	20250509	1	11002000107	900000000000509007	25551002000117	900000000000549004
c9709027-79c2-4cb0-8027-0ad65c51ce09	20250509	1	11002000107	900000000000509007	44451002000119	900000000000548007
c994cf14-5097-48ab-b9b7-7dc9a62edae1	20250509	1	11002000107	900000000000509007	37711002000117	900000000000548007
c9c2569a-476b-4cbc-a5db-eccd8a8ca63d	20250509	1	11002000107	900000000000509007	32141002000115	900000000000548007
c9dc0670-1016-4052-861d-03fc26a149c3	20250509	1	11002000107	900000000000509007	14181002000113	900000000000549004
c9e56a15-1ced-4309-99f4-3055107cad90	20250509	1	11002000107	900000000000509007	42351002000119	900000000000548007
c9e94409-b5b4-4526-abb7-2290c9ad4955	20250509	1	11002000107	900000000000509007	36341002000116	900000000000549004
c9f14032-9eba-4efa-8919-1ab0fa4722ab	20250509	1	11002000107	900000000000509007	44411002000115	900000000000549004
c9f430f9-dd6e-4729-b923-ae9cc32b84d0	20250509	1	11002000107	900000000000509007	19961002000116	900000000000549004
ca0830c0-f1bb-4477-8c86-003b4b397f93	20250509	1	11002000107	900000000000509007	17941002000114	900000000000548007
ca0ee034-7f5b-40f8-9f6b-fa7da2353cc4	20250509	1	11002000107	900000000000509007	2291002000111	900000000000549004
ca160321-1d4c-4bc1-90fd-987b8749fb50	20250509	1	11002000107	900000000000509007	2621002000111	900000000000548007
ca1ae063-d94b-469a-8e3a-83e1250b261c	20250509	1	11002000107	900000000000509007	29341002000112	900000000000548007
ca29128b-d731-48b5-9830-0e225381475e	20250509	1	11002000107	900000000000509007	40761002000117	900000000000548007
ca2b3660-3c82-4f22-9bd9-882b982f462a	20250509	1	11002000107	900000000000509007	2061002000111	900000000000548007
ca3bb996-fea7-4f28-9f11-a6bee1a743eb	20250509	1	11002000107	900000000000509007	6811002000117	900000000000548007
ca5106b7-e897-481d-ae6a-375e0261bae8	20250509	1	11002000107	900000000000509007	33471002000113	900000000000548007
ca58c900-a9c1-4308-a1e7-491841693afe	20250509	1	11002000107	900000000000509007	27041002000118	900000000000549004
ca595efb-b9c1-45be-ba71-76966d7d7dc5	20250509	1	11002000107	900000000000509007	35121002000116	900000000000548007
ca60b079-68ab-472d-817e-c44d5f4dc899	20250509	1	11002000107	900000000000509007	42651002000114	900000000000548007
ca6e33ec-97f6-43ee-8f65-0627dc6fc45f	20250509	1	11002000107	900000000000509007	21461002000118	900000000000549004
ca871d37-f6f9-4d89-9152-4bf4883d85e9	20250509	1	11002000107	900000000000509007	39211002000116	900000000000548007
cad0dac0-98c0-4865-a66e-a676dca499a4	20250509	1	11002000107	900000000000509007	10571002000110	900000000000548007
cae6826a-5567-408f-ad8c-4dc73e010c05	20250509	1	11002000107	900000000000509007	21251002000116	900000000000549004
cb0446c3-19b8-4c7b-8f09-a53de8457161	20250509	1	11002000107	900000000000509007	11631002000115	900000000000548007
cb19fb62-f93d-46a1-9a09-7c9a7c35a22d	20250509	1	11002000107	900000000000509007	12901002000114	900000000000548007
cb1d059c-cbc5-4d2f-bb6c-8702ea45c8d3	20250509	1	11002000107	900000000000509007	15341002000117	900000000000548007
cb1d72a0-7bf8-4766-94ed-07e23a7a2f4e	20250509	1	11002000107	900000000000509007	1571002000118	900000000000549004
cb1fc759-ba6a-4fbf-a0c7-874f0d5e5316	20250509	1	11002000107	900000000000509007	32711002000115	900000000000548007
cb557e03-bfe4-43ae-b738-f36ef5effad8	20250509	1	11002000107	900000000000509007	3701002000119	900000000000548007
cb5f3532-3af0-43dd-9fe7-9bd404f19ced	20250509	1	11002000107	900000000000509007	9391002000111	900000000000548007
cb74e078-5fd6-4e9f-8730-745071734018	20250509	1	11002000107	900000000000509007	37621002000117	900000000000548007
cb7ed401-8d44-43a5-852f-756ad9fb7824	20250509	1	11002000107	900000000000509007	15141002000115	900000000000548007
cb94ebbc-ea71-4b0a-a2da-14a5759b4a3f	20250509	1	11002000107	900000000000509007	29961002000110	900000000000548007
cba510c2-8349-47ed-a4de-907e528bf567	20250509	1	11002000107	900000000000509007	44891002000113	900000000000549004
cbba6fa4-603a-4039-a10b-7ea34149b8c4	20250509	1	11002000107	900000000000509007	3881002000118	900000000000548007
cbbcb4a9-4e93-423a-ade0-f24152884103	20250509	1	11002000107	900000000000509007	36551002000113	900000000000548007
cbc80f78-f72e-4a3a-b3dc-2879ec071172	20250509	1	11002000107	900000000000509007	1781002000113	900000000000549004
cbcc2ced-0dd7-4662-be00-2e37606e31d3	20250509	1	11002000107	900000000000509007	45261002000119	900000000000548007
cbcf35e3-a11f-47c4-96d1-8809a6380980	20250509	1	11002000107	900000000000509007	39671002000113	900000000000549004
cbda2709-4705-4394-bbc3-65b5716870a0	20250509	1	11002000107	900000000000509007	9051002000116	900000000000549004
cbf118f7-4c7e-49eb-a4bd-d82875c5e8f8	20250509	1	11002000107	900000000000509007	6631002000110	900000000000548007
cbf28cbc-adbd-44ef-9445-f49a56277f37	20250509	1	11002000107	900000000000509007	20731002000110	900000000000548007
cbf42b67-3227-45f7-90ef-cc5d4442ed3e	20250509	1	11002000107	900000000000509007	26601002000112	900000000000548007
cc033ad0-d407-40b9-91e5-37ea8bb7523e	20250509	1	11002000107	900000000000509007	47381002000110	900000000000549004
cc1503ea-98a6-4d95-938d-52c72da034c2	20250509	1	11002000107	900000000000509007	11931002000112	900000000000548007
cc2884a1-01a3-4b38-b550-8bbecbc237c2	20250509	1	11002000107	900000000000509007	25361002000113	900000000000548007
cc3f2fed-6867-4efc-b87e-c0efe02bbb38	20250509	1	11002000107	900000000000509007	11331002000111	900000000000549004
cc67d656-631d-4c40-905b-bcdc9bf201d6	20250509	1	11002000107	900000000000509007	19311002000118	900000000000548007
cc6e1464-dc1f-4054-9530-ea42447c7158	20250509	1	11002000107	900000000000509007	37061002000117	900000000000549004
cc7965d4-7712-42fd-af65-5423c57b5d3f	20250509	1	11002000107	900000000000509007	24761002000113	900000000000548007
cc8a88af-fb21-420a-933a-fa3dd081a84b	20250509	1	11002000107	900000000000509007	31691002000113	900000000000548007
cc915550-ea9b-44fe-bb03-5402eeac85f7	20250509	1	11002000107	900000000000509007	22181002000114	900000000000548007
cc92ea06-17bc-4580-90fc-fad0286eb5a5	20250509	1	11002000107	900000000000509007	32351002000115	900000000000548007
cc9a43ff-6415-493b-baf2-ec6731d6ec47	20250509	1	11002000107	900000000000509007	41431002000110	900000000000548007
cca13303-bd09-4b0f-af57-034b957a57a2	20250509	1	11002000107	900000000000509007	11251002000110	900000000000548007
ccbc96f6-b615-419b-90dd-c0cfd95982fc	20250509	1	11002000107	900000000000509007	6531002000111	900000000000549004
ccd446f7-1db1-4cce-bc31-46dc69bc0f5b	20250509	1	11002000107	900000000000509007	25221002000114	900000000000549004
ccedfe66-c4cb-4bb6-ad53-4de3aba8ffd3	20250509	1	11002000107	900000000000509007	32781002000113	900000000000548007
ccf4f741-afe2-4ad6-a3bb-4471b8888f43	20250509	1	11002000107	900000000000509007	721002000113	900000000000548007
ccf5299c-3c6c-459c-b34c-9eb6263f4899	20250509	1	11002000107	900000000000509007	9281002000117	900000000000548007
cd02db6b-049d-43d0-be96-af6efe6d3f49	20250509	1	11002000107	900000000000509007	13571002000117	900000000000548007
cd13d2b4-bb6d-4e58-9eed-dfc7265348d5	20250509	1	11002000107	900000000000509007	34861002000115	900000000000548007
cd15d67a-0acb-4d65-94e8-30a45c2d338e	20250509	1	11002000107	900000000000509007	4341002000115	900000000000549004
cd1b1a86-dcd4-495e-8ef4-74b718383910	20250509	1	11002000107	900000000000509007	7981002000119	900000000000548007
cd226e69-a973-4d40-94ee-7c5541e2706c	20250509	1	11002000107	900000000000509007	39221002000110	900000000000549004
cd284531-9f7d-41f3-aeb3-71bf5806e710	20250509	1	11002000107	900000000000509007	1471002000117	900000000000548007
cd46a0ab-74b3-4ee8-b98b-617881bd0a1f	20250509	1	11002000107	900000000000509007	101002000116	900000000000549004
cd4725ec-2b5f-4f7e-99eb-c1bcc5c67c41	20250509	1	11002000107	900000000000509007	9741002000115	900000000000548007
cd516c03-93b2-4623-8e51-a3f7a2c36757	20250509	1	11002000107	900000000000509007	41231002000111	900000000000549004
cd580f11-f6dc-4d30-9a19-924e108537e0	20250509	1	11002000107	900000000000509007	1891002000119	900000000000548007
cd6be289-0f6f-4a7e-9567-a713e4db466a	20250509	1	11002000107	900000000000509007	11511002000111	900000000000548007
cd733fc0-355e-4a37-bfb0-d4a02a9d4046	20250509	1	11002000107	900000000000509007	16621002000110	900000000000549004
cdb24bc5-2914-4790-9904-317f19e19ba8	20250509	1	11002000107	900000000000509007	48481002000116	900000000000548007
cdb2cadd-bd58-46b7-93f8-a1bc79235e58	20250509	1	11002000107	900000000000509007	45891002000114	900000000000548007
cdc08178-a11c-4b0d-b612-b83b88195f61	20250509	1	11002000107	900000000000509007	27621002000119	900000000000548007
cdd67463-80cd-4bcd-8c88-c4b738be3a17	20250509	1	11002000107	900000000000509007	47741002000117	900000000000549004
ce0e8b53-0c3b-45c0-9630-d067e657041b	20250509	1	11002000107	900000000000509007	40111002000119	900000000000548007
ce10c51c-d26b-4991-a524-b9d554d426f8	20250509	1	11002000107	900000000000509007	14041002000115	900000000000548007
ce34abf5-4bec-45be-81c0-2e732070f2de	20250509	1	11002000107	900000000000509007	40891002000119	900000000000548007
ce38fc51-bbf6-4b84-a7b8-148bb1bf1680	20250509	1	11002000107	900000000000509007	27291002000119	900000000000548007
ce40aee0-7e7c-4fbd-b26a-4f8ba31fe2f2	20250509	1	11002000107	900000000000509007	23651002000117	900000000000548007
ce50d8f7-4352-4e82-b4be-aae1b889ba7a	20250509	1	11002000107	900000000000509007	17421002000114	900000000000548007
ce598e29-bb1d-4afd-88c5-59a5d780372f	20250509	1	11002000107	900000000000509007	33501002000115	900000000000548007
ce61265f-653a-4188-866e-0259e8f9ce98	20250509	1	11002000107	900000000000509007	40741002000116	900000000000548007
ce646540-b5f1-4d30-bb3b-17cf04c20310	20250509	1	11002000107	900000000000509007	16391002000118	900000000000548007
ce696d9c-bc98-4b29-9f0c-eec0c77ae61f	20250509	1	11002000107	900000000000509007	25171002000117	900000000000548007
ce870405-8463-4ebc-ac60-2406f7b69585	20250509	1	11002000107	900000000000509007	22441002000113	900000000000548007
ce916aec-55cd-4f5e-bf84-9eb4c75639c6	20250509	1	11002000107	900000000000509007	5101002000119	900000000000548007
ce9bf097-322f-49b9-b092-c91abf6c4843	20250509	1	11002000107	900000000000509007	31241002000116	900000000000548007
cea40983-d12f-439b-9ce9-a8f6c6d853ee	20250509	1	11002000107	900000000000509007	38441002000114	900000000000549004
cea6bbfb-110f-490e-b94e-d5790f28c7da	20250509	1	11002000107	900000000000509007	19081002000113	900000000000548007
cebcb0c5-a63e-48f7-b95a-1a0aa99fbeaf	20250509	1	11002000107	900000000000509007	36401002000113	900000000000549004
cec54e73-2831-4018-bd8a-e767f1548de6	20250509	1	11002000107	900000000000509007	37161002000118	900000000000548007
cec830e3-4186-4b9c-82f4-09b21460d02d	20250509	1	11002000107	900000000000509007	12871002000114	900000000000548007
ced8dc7d-3ea5-44b8-a5ce-7da22fff1e61	20250509	1	11002000107	900000000000509007	14761002000118	900000000000548007
cf05442e-d755-49bc-bcaa-34410de5d6f5	20250509	1	11002000107	900000000000509007	36071002000112	900000000000549004
cf103afc-5c5e-4f35-b1fb-eb38a292e479	20250509	1	11002000107	900000000000509007	42401002000113	900000000000549004
cf371b60-e2e2-401b-b6ce-51bc9225aeef	20250509	1	11002000107	900000000000509007	35541002000117	900000000000548007
cf551eb5-f94d-4986-87a2-a6a43fead6a4	20250509	1	11002000107	900000000000509007	32341002000117	900000000000549004
cf5f7d24-44b4-4f12-950d-70f563f7340a	20250509	1	11002000107	900000000000509007	24781002000117	900000000000548007
cf8a04e4-a3ec-45d8-a285-312c9cc80403	20250509	1	11002000107	900000000000509007	11641002000111	900000000000548007
cf8d48b7-8df1-49e7-8557-e28a62402533	20250509	1	11002000107	900000000000509007	1861002000113	900000000000548007
cfa71baa-5891-48d9-8bf1-caa2fa6bb611	20250509	1	11002000107	900000000000509007	19221002000119	900000000000548007
cfc87000-57c8-453c-9640-76fe399b3ec3	20250509	1	11002000107	900000000000509007	19431002000117	900000000000548007
cfcc4c40-3716-48c9-9abf-99e9342abf18	20250509	1	11002000107	900000000000509007	28131002000111	900000000000548007
cfd7fd21-7f0a-415a-ade8-b3759fe01bd1	20250509	1	11002000107	900000000000509007	44961002000113	900000000000548007
cfe28256-97d4-4b5a-9c35-94f6aa2f801a	20250509	1	11002000107	900000000000509007	48261002000111	900000000000548007
cff7e3e1-9782-458f-a8df-ddf65beef686	20250509	1	11002000107	900000000000509007	27871002000119	900000000000548007
cff9dab4-302f-48f3-88ea-449815753218	20250509	1	11002000107	900000000000509007	8511002000115	900000000000548007
cffd7b4c-663f-4ce7-bafe-2a1e7bb1af8d	20250509	1	11002000107	900000000000509007	16041002000111	900000000000548007
d0030592-602a-42c8-8a42-7c77db7f1e16	20250509	1	11002000107	900000000000509007	12671002000110	900000000000549004
d004b9ba-958a-4506-a812-cccbbf45f003	20250509	1	11002000107	900000000000509007	10021002000116	900000000000548007
d00d1c21-de77-4d8f-8009-0a997a044068	20250509	1	11002000107	900000000000509007	27131002000110	900000000000548007
d00e75e1-911a-4886-b811-ce7f21b24a47	20250509	1	11002000107	900000000000509007	29391002000117	900000000000548007
d01ff968-56fc-48da-8b03-f99aad600c67	20250509	1	11002000107	900000000000509007	1461002000110	900000000000548007
d036048f-c3d3-4fb4-825b-3e7bf0d2b71a	20250509	1	11002000107	900000000000509007	27921002000110	900000000000548007
d03a1b10-01b7-4d9c-9edb-ed465c7e7357	20250509	1	11002000107	900000000000509007	12331002000116	900000000000548007
d046945a-c5b6-4e40-9b92-ed0bd75d061a	20250509	1	11002000107	900000000000509007	22361002000115	900000000000548007
d04771b4-9e26-42b2-8d18-255825371184	20250509	1	11002000107	900000000000509007	40331002000113	900000000000549004
d049d9fe-87a7-406f-abf7-ea94fce70b6a	20250509	1	11002000107	900000000000509007	7591002000112	900000000000548007
d054ea83-a892-40fa-a028-4a81922ea85a	20250509	1	11002000107	900000000000509007	39531002000111	900000000000548007
d05cab44-82d6-4fd8-915c-985ac273bd11	20250509	1	11002000107	900000000000509007	8061002000113	900000000000548007
d05dbc21-6cc7-42db-bb56-602ea41bde8c	20250509	1	11002000107	900000000000509007	21351002000113	900000000000548007
d06713e9-80f3-4ff0-b9f4-2a2b5efe316f	20250509	1	11002000107	900000000000509007	35621002000114	900000000000549004
d078d71e-602c-4c86-b7f1-8a0b907f5d46	20250509	1	11002000107	900000000000509007	41091002000116	900000000000548007
d07aaaeb-e82b-47a3-8680-2931605d244c	20250509	1	11002000107	900000000000509007	25961002000112	900000000000549004
d0920b35-2e79-40fd-9dd5-9a7038493f88	20250509	1	11002000107	900000000000509007	10281002000110	900000000000549004
d0ab9d3a-9d9b-4568-a791-da48659ff273	20250509	1	11002000107	900000000000509007	11361002000116	900000000000549004
d0b41f71-2815-4987-a9a9-8ca556d13055	20250509	1	11002000107	900000000000509007	2521002000112	900000000000549004
d0c5fe89-6667-4ec7-a285-4a55df11ce2e	20250509	1	11002000107	900000000000509007	2131002000115	900000000000548007
d0cedbf7-4989-49d9-b0e7-848776413070	20250509	1	11002000107	900000000000509007	19141002000117	900000000000548007
d0d3e4a1-6d69-4392-9c94-e8965d7dba22	20250509	1	11002000107	900000000000509007	31611002000117	900000000000548007
d0e14634-ac1d-46f4-8a13-362dcb03801a	20250509	1	11002000107	900000000000509007	12161002000113	900000000000549004
d0e2706d-bd1e-41b8-9c6e-cfb45b9c2ae0	20250509	1	11002000107	900000000000509007	44161002000111	900000000000548007
d0fbc6e1-a88e-444c-93a8-3ef5908c41bb	20250509	1	11002000107	900000000000509007	41131002000119	900000000000548007
d0feae48-9a4c-476d-ac3e-b5b02b7d68e7	20250509	1	11002000107	900000000000509007	23511002000119	900000000000548007
d1195759-11a3-4b51-bfd0-beccf5e8afcf	20250509	1	11002000107	900000000000509007	14141002000116	900000000000548007
d11e16a6-be37-4a0b-88e6-d769d238b7ac	20250509	1	11002000107	900000000000509007	22041002000116	900000000000548007
d11eeda0-38bf-44bf-ac58-02116136b60f	20250509	1	11002000107	900000000000509007	43311002000113	900000000000548007
d12b197b-f02e-4086-b202-dac2b8ac906f	20250509	1	11002000107	900000000000509007	10181002000116	900000000000549004
d1337499-a1d0-4133-bad5-2224da9a5fcb	20250509	1	11002000107	900000000000509007	40201002000113	900000000000548007
d1397a28-734e-4f2d-ac63-ceffb0e11fe8	20250509	1	11002000107	900000000000509007	14851002000112	900000000000548007
d1447938-4b68-463f-ad37-a6ce2759e1c6	20250509	1	11002000107	900000000000509007	5851002000113	900000000000548007
d15491b6-ed3c-4700-95c2-14195510ef35	20250509	1	11002000107	900000000000509007	24871002000110	900000000000548007
d160f90a-671b-4007-b624-5bbd178a565e	20250509	1	11002000107	900000000000509007	41261002000116	900000000000549004
d18916b5-59f5-4db3-bdcf-38d98ed9540f	20250509	1	11002000107	900000000000509007	17661002000115	900000000000548007
d18cde17-212b-4f9c-a297-07d558d26399	20250509	1	11002000107	900000000000509007	30121002000114	900000000000548007
d193d525-cd9a-42ef-96ea-d027b23d7973	20250509	1	11002000107	900000000000509007	6411002000115	900000000000549004
d1949223-05e9-473a-98f5-e64c002d0ce1	20250509	1	11002000107	900000000000509007	12271002000113	900000000000548007
d1a5d80f-c1c9-434a-aa1f-b8916654688f	20250509	1	11002000107	900000000000509007	27941002000117	900000000000549004
d1dd59cf-1060-41dd-9ecd-fd6b389f805b	20250509	1	11002000107	900000000000509007	45111002000114	900000000000548007
d1e8088c-3d27-4e32-a2cb-f5582f5c29a2	20250509	1	11002000107	900000000000509007	16901002000110	900000000000549004
d1ea51c9-ec22-4982-887d-236b2e44ccba	20250509	1	11002000107	900000000000509007	45451002000115	900000000000548007
d1f5adea-53a2-4b27-a091-d172552c1765	20250509	1	11002000107	900000000000509007	48891002000116	900000000000548007
d2140d61-7e7f-4fee-a333-f507f8f6d5b2	20250509	1	11002000107	900000000000509007	42751002000118	900000000000548007
d21eb7ed-7540-4e19-b4db-2b5e20721d08	20250509	1	11002000107	900000000000509007	23411002000115	900000000000548007
d22dfda8-0779-4f92-bf25-b52e578c8a84	20250509	1	11002000107	900000000000509007	18711002000111	900000000000548007
d2307013-b08c-4271-9935-2bd52a2a647d	20250509	1	11002000107	900000000000509007	27751002000118	900000000000549004
d2396cdc-0820-4be9-acdb-eac42602035b	20250509	1	11002000107	900000000000509007	10271002000112	900000000000548007
d240914a-17a7-4059-8795-1a58c48ed7f5	20250509	1	11002000107	900000000000509007	17481002000113	900000000000548007
d241ba4a-f3b1-42d0-82cb-8fb5e0841eda	20250509	1	11002000107	900000000000509007	28691002000118	900000000000548007
d25020f7-7fc1-45db-ad8e-9e814ee11d0c	20250509	1	11002000107	900000000000509007	1121002000113	900000000000549004
d258bcc9-f2a5-4931-9b9d-b3693e3896c8	20250509	1	11002000107	900000000000509007	45851002000117	900000000000549004
d26541b3-7ee9-4bbb-94ed-7a5ac7e373e4	20250509	1	11002000107	900000000000509007	48271002000118	900000000000548007
d26f6313-5c3b-4470-af78-075e5c863902	20250509	1	11002000107	900000000000509007	15531002000116	900000000000549004
d282814f-aac0-4eaf-b4e0-9b45ad822952	20250509	1	11002000107	900000000000509007	32591002000117	900000000000548007
d29b0572-919d-4df2-89ab-d693509cb1fd	20250509	1	11002000107	900000000000509007	3941002000119	900000000000548007
d2a15103-77af-48e2-9100-673d7740530e	20250509	1	11002000107	900000000000509007	6421002000114	900000000000548007
d2f68909-5036-4bec-a6ca-fe3203183ab4	20250509	1	11002000107	900000000000509007	33021002000118	900000000000548007
d30e0b0e-e6e7-4481-b4cc-f91882d49698	20250509	1	11002000107	900000000000509007	36491002000115	900000000000549004
d316e61b-4e5e-4112-81cc-0f7b1f6da266	20250509	1	11002000107	900000000000509007	35371002000118	900000000000548007
d3285b75-a5e5-4d97-bc69-d92d430f750c	20250509	1	11002000107	900000000000509007	43341002000112	900000000000548007
d32dc908-21eb-4538-aeed-3bd7a8860376	20250509	1	11002000107	900000000000509007	10611002000119	900000000000549004
d3365e07-e1bd-4c1e-bcc4-bbef97212ffc	20250509	1	11002000107	900000000000509007	5181002000114	900000000000549004
d35080c8-69eb-4d5e-9ae4-a53334ef4021	20250509	1	11002000107	900000000000509007	5091002000111	900000000000549004
d35aedc8-8a62-4b3f-b531-f2aaf3502960	20250509	1	11002000107	900000000000509007	38451002000111	900000000000548007
d35bce07-3e34-4ae9-84ad-333fdcccc8e0	20250509	1	11002000107	900000000000509007	5221002000119	900000000000548007
d35ca1a2-0c46-4f07-8418-8d6070d5bd30	20250509	1	11002000107	900000000000509007	42131002000110	900000000000549004
d3718601-63ee-49be-89da-7495bd6b3e69	20250509	1	11002000107	900000000000509007	48621002000117	900000000000548007
d377be8f-32ac-4802-9919-3a5cdd59eade	20250509	1	11002000107	900000000000509007	35291002000114	900000000000549004
d381f146-a72f-4bc4-9ed6-b56a6a780b8b	20250509	1	11002000107	900000000000509007	24411002000118	900000000000549004
d387c44f-dfab-4f6c-80ff-2648c9e14ba9	20250509	1	11002000107	900000000000509007	13851002000110	900000000000548007
d38ec889-ce32-4e54-90ba-b081b54292fd	20250509	1	11002000107	900000000000509007	2601002000115	900000000000549004
d39655cf-afd8-4e7c-b17b-3dcd3441dc8f	20250509	1	11002000107	900000000000509007	30151002000119	900000000000548007
d39c7a6f-2468-439d-8800-b3024e46f910	20250509	1	11002000107	900000000000509007	25241002000116	900000000000548007
d39e5b73-42fa-4c6e-afff-6d5a804e87d1	20250509	1	11002000107	900000000000509007	6481002000113	900000000000548007
d3a4163c-1ae0-479a-98cd-41fd0963e410	20250509	1	11002000107	900000000000509007	16141002000110	900000000000548007
d3a99ceb-a90e-45b5-af5a-733e9a72b934	20250509	1	11002000107	900000000000509007	6111002000113	900000000000549004
d3c3d4c5-24c0-4314-b399-b4fb2847dfa7	20250509	1	11002000107	900000000000509007	45871002000113	900000000000548007
d3ddae30-dd65-4699-9c76-1ebef112d958	20250509	1	11002000107	900000000000509007	31871002000111	900000000000549004
d3dfdbeb-f3d2-4deb-9539-54282469d45d	20250509	1	11002000107	900000000000509007	10631002000111	900000000000548007
d404d06c-a46f-4917-9567-e5e115afcc04	20250509	1	11002000107	900000000000509007	10221002000111	900000000000548007
d41d5d68-b19a-40e3-9011-78d688942afb	20250509	1	11002000107	900000000000509007	11221002000115	900000000000548007
d4208ef0-608f-4059-ae68-ed73d4ac728d	20250509	1	11002000107	900000000000509007	44021002000115	900000000000549004
d42868df-3360-4b3d-b16b-707809cb62e2	20250509	1	11002000107	900000000000509007	37451002000110	900000000000549004
d437ff81-957e-4d15-b52a-136a1b3c89d5	20250509	1	11002000107	900000000000509007	21141002000113	900000000000548007
d43801fd-c9dd-46ab-bc09-4479435aa3ce	20250509	1	11002000107	900000000000509007	5631002000119	900000000000549004
d4522562-b7fe-4fc3-9706-eea3cd4a6e03	20250509	1	11002000107	900000000000509007	31651002000116	900000000000548007
d453183f-f5f5-4d93-a6c2-8432985e551d	20250509	1	11002000107	900000000000509007	47001002000117	900000000000548007
d45644cc-c3b0-4624-a169-121ef009e216	20250509	1	11002000107	900000000000509007	40511002000113	900000000000549004
d45750ba-d416-4a2b-8447-0614c563d29c	20250509	1	11002000107	900000000000509007	14741002000117	900000000000548007
d45dde1f-01df-4cad-84bb-5174e63a06ea	20250509	1	11002000107	900000000000509007	23901002000112	900000000000548007
d462c7f2-8113-4ea0-a218-186d3ecf0a8d	20250509	1	11002000107	900000000000509007	5841002000111	900000000000549004
d46f82a5-6b77-4f0b-8a34-7ac0d303313b	20250509	1	11002000107	900000000000509007	21841002000119	900000000000549004
d4715795-1d17-4621-9db6-aa7f900263a7	20250509	1	11002000107	900000000000509007	13351002000119	900000000000548007
d481bc30-6517-4c7b-ad8f-43fabf3467db	20250509	1	11002000107	900000000000509007	2541002000119	900000000000548007
d4868b1b-41a4-40b0-a804-88bbeb728513	20250509	1	11002000107	900000000000509007	19601002000113	900000000000549004
d497a341-2633-4cff-a963-c11d4cc14ce0	20250509	1	11002000107	900000000000509007	14481002000115	900000000000549004
d49d74c1-4a04-4f50-a7ed-5a434eb67adc	20250509	1	11002000107	900000000000509007	30671002000115	900000000000548007
d4aa4a02-4df3-4278-a3c2-36d223b6d81a	20250509	1	11002000107	900000000000509007	14101002000118	900000000000548007
d4b0c9a7-b7fb-416b-8c8b-5a6358ea9859	20250509	1	11002000107	900000000000509007	42761002000116	900000000000549004
d4b91a8a-6b78-4411-8563-11fc65ca157e	20250509	1	11002000107	900000000000509007	22521002000116	900000000000548007
d4c0ba78-e105-432a-90eb-98b74edd1cf6	20250509	1	11002000107	900000000000509007	18671002000112	900000000000549004
d4c7102a-b84a-4f02-8cf2-3c020f8f9e7f	20250509	1	11002000107	900000000000509007	28941002000118	900000000000548007
d4d289a0-4fc4-4294-97d7-c23c00dfea71	20250509	1	11002000107	900000000000509007	18791002000115	900000000000549004
d506308d-f41d-4965-afea-436a4769575d	20250509	1	11002000107	900000000000509007	19771002000112	900000000000548007
d533c822-fdde-45aa-ab91-88bec57a9ed1	20250509	1	11002000107	900000000000509007	23141002000112	900000000000548007
d54711a0-7d53-4bb3-8626-c6189bc02c67	20250509	1	11002000107	900000000000509007	501002000114	900000000000548007
d558a999-de90-4a6d-b1a9-3713b4b04ec9	20250509	1	11002000107	900000000000509007	6291002000112	900000000000549004
d5786b45-ffd6-49dd-882b-ea0dfd48529b	20250509	1	11002000107	900000000000509007	1801002000112	900000000000548007
d58037ae-ebbb-4f84-a5c2-52257921c36b	20250509	1	11002000107	900000000000509007	34301002000114	900000000000548007
d588e093-fa14-41a3-be5e-162c9c30302e	20250509	1	11002000107	900000000000509007	14311002000117	900000000000548007
d59dd838-4a5f-42d1-a2e8-1b47edd0cef9	20250509	1	11002000107	900000000000509007	39061002000112	900000000000548007
d59e45a0-9b27-4d88-84cd-09e5b8178031	20250509	1	11002000107	900000000000509007	31591002000114	900000000000548007
d5c7455b-3463-4933-907c-ef244da81325	20250509	1	11002000107	900000000000509007	9351002000119	900000000000549004
d5d53e4e-1024-4ac4-967f-a104ff125c02	20250509	1	11002000107	900000000000509007	34091002000119	900000000000548007
d5d6ba77-a65c-4966-840e-d66b97904a54	20250509	1	11002000107	900000000000509007	15541002000112	900000000000548007
d5eff37c-2fdb-4b09-aec9-80782fe935ba	20250509	1	11002000107	900000000000509007	1971002000112	900000000000548007
d5f93621-3a0c-458b-bbb2-3d65140e2151	20250509	1	11002000107	900000000000509007	19461002000112	900000000000548007
d6198dc0-b74f-4869-afa6-a61a1ad280c4	20250509	1	11002000107	900000000000509007	42611002000113	900000000000549004
d63939cb-998e-4e11-9dea-dfb78317fb30	20250509	1	11002000107	900000000000509007	44901002000112	900000000000548007
d648d86e-4503-4370-9b44-e7855b2687aa	20250509	1	11002000107	900000000000509007	7231002000110	900000000000548007
d655b68b-e3d5-4eee-a1be-dd9129a01263	20250509	1	11002000107	900000000000509007	40791002000111	900000000000548007
d65bc57a-1a47-464d-8c7f-a601e4ec31ab	20250509	1	11002000107	900000000000509007	37481002000116	900000000000549004
d666e0e5-2bff-4fc5-8eb7-f3cacd3cc0be	20250509	1	11002000107	900000000000509007	42121002000112	900000000000548007
d66fdf8d-addb-4de7-b9cb-47300ecd86f3	20250509	1	11002000107	900000000000509007	13711002000119	900000000000548007
d675f688-59ae-4fd5-bf32-b8d084cf8fbf	20250509	1	11002000107	900000000000509007	26881002000118	900000000000548007
d67f555f-fff0-43a6-b73d-683f5dcfc0d6	20250509	1	11002000107	900000000000509007	24391002000118	900000000000548007
d692b369-cc87-498c-b526-cf6b86b65208	20250509	1	11002000107	900000000000509007	20551002000112	900000000000549004
d69b3973-f69a-4723-8c7a-8b3620b0a1b1	20250509	1	11002000107	900000000000509007	41641002000117	900000000000548007
d69c663d-92b7-480e-8edd-9db18b9ec405	20250509	1	11002000107	900000000000509007	3061002000116	900000000000549004
d6a308f5-5551-450b-bcbd-85c8863146e9	20250509	1	11002000107	900000000000509007	41721002000116	900000000000548007
d6a47ad0-9553-449f-b4b3-7edd6a83af42	20250509	1	11002000107	900000000000509007	44521002000113	900000000000548007
d6df1db9-5aaa-4990-ad50-688075d3f031	20250509	1	11002000107	900000000000509007	23721002000118	900000000000548007
d6e07caa-299c-46a6-a19a-b152064369ea	20250509	1	11002000107	900000000000509007	17621002000112	900000000000549004
d6f965a7-556d-48f5-a5cc-b775d11863c6	20250509	1	11002000107	900000000000509007	30991002000114	900000000000548007
d70b915a-5b49-4b50-955d-64e5aa5a5a27	20250509	1	11002000107	900000000000509007	10411002000116	900000000000548007
d72204e5-da14-4e13-91b5-04debaf1e20e	20250509	1	11002000107	900000000000509007	24991002000117	900000000000548007
d731c6f1-5f6a-4700-b87e-22f3cb1b7aad	20250509	1	11002000107	900000000000509007	661002000111	900000000000548007
d73d9b3a-509f-4d97-b953-098347ec1685	20250509	1	11002000107	900000000000509007	32881002000117	900000000000549004
d76402ed-c64c-4ade-835b-7c3250350256	20250509	1	11002000107	900000000000509007	24281002000112	900000000000548007
d766b7f5-6fa4-4ef4-b863-4354cef5dbe1	20250509	1	11002000107	900000000000509007	25811002000116	900000000000548007
d76ce759-e817-4f50-96cf-29bffdd9255a	20250509	1	11002000107	900000000000509007	28861002000113	900000000000549004
d77776bc-b503-4c40-b9bf-44ea824224c4	20250509	1	11002000107	900000000000509007	851002000110	900000000000549004
d77ef266-20d0-4449-b680-010c0f8c7c15	20250509	1	11002000107	900000000000509007	21481002000114	900000000000548007
d797ba88-cc52-483f-a566-4d34b8eb06c3	20250509	1	11002000107	900000000000509007	7791002000118	900000000000548007
d79e4633-0d03-4941-8f20-8a299e25fdff	20250509	1	11002000107	900000000000509007	30281002000119	900000000000548007
d7a65337-bf96-4fd3-81d0-9f1d1ae4c5f4	20250509	1	11002000107	900000000000509007	27061002000119	900000000000548007
d7b494c5-91b5-4fa8-9c70-619f8b36aadf	20250509	1	11002000107	900000000000509007	7111002000110	900000000000548007
d7d93e12-f40e-4aab-a17f-48e90d0205e7	20250509	1	11002000107	900000000000509007	20761002000115	900000000000548007
d7e7d9d7-69a5-406e-ab40-cda95beb8ece	20250509	1	11002000107	900000000000509007	16491002000114	900000000000548007
d7eb190d-e6cb-4493-9044-53eb91aab23f	20250509	1	11002000107	900000000000509007	31301002000112	900000000000548007
d7f2f028-ab4b-4d79-bb18-fc1e42afc757	20250509	1	11002000107	900000000000509007	38251002000110	900000000000548007
d7f43d59-760f-4db7-87a6-37d67b8e63a2	20250509	1	11002000107	900000000000509007	10731002000116	900000000000549004
d7f8f5c0-75ee-4a5c-b94d-b167e5aec2d0	20250509	1	11002000107	900000000000509007	4241002000113	900000000000548007
d80192e7-18bd-4317-8404-0db4756cd195	20250509	1	11002000107	900000000000509007	30231002000115	900000000000548007
d80561a6-1434-4b59-9442-6db93cd5c0a6	20250509	1	11002000107	900000000000509007	40401002000114	900000000000548007
d821366e-20e9-4dad-a6ce-ddc512ceb913	20250509	1	11002000107	900000000000509007	28001002000116	900000000000548007
d82e7353-82eb-4ba5-8f56-8f8db13410f0	20250509	1	11002000107	900000000000509007	46191002000113	900000000000548007
d832ba88-35fc-4f03-9dc3-124c57ea3464	20250509	1	11002000107	900000000000509007	5951002000118	900000000000548007
d84b523b-6ef2-40cb-ba03-f67e62c9df61	20250509	1	11002000107	900000000000509007	45051002000111	900000000000548007
d84b6883-d6f1-4601-b246-8840ae5f4199	20250509	1	11002000107	900000000000509007	33871002000110	900000000000548007
d84c683a-f376-49b7-b675-9277286a3544	20250509	1	11002000107	900000000000509007	8041002000114	900000000000548007
d852b528-1c73-442b-868f-c395bb960bcc	20250509	1	11002000107	900000000000509007	4421002000116	900000000000548007
d870587a-8d33-4a02-8846-a01599c15e0f	20250509	1	11002000107	900000000000509007	29021002000117	900000000000548007
d882712a-881b-4696-880d-077595514982	20250509	1	11002000107	900000000000509007	22321002000112	900000000000548007
d8833a63-824d-4a92-989c-261c78ab769f	20250509	1	11002000107	900000000000509007	33731002000118	900000000000548007
d889e725-d26c-46f2-b2dd-3164c97357ac	20250509	1	11002000107	900000000000509007	47581002000116	900000000000548007
d8bb76ec-0ad6-4e18-8b88-2d03dd70b57d	20250509	1	11002000107	900000000000509007	5401002000111	900000000000548007
d8cc2c84-53fd-45c9-b34e-01de95fb3da8	20250509	1	11002000107	900000000000509007	15721002000114	900000000000548007
d8e062fd-cb9f-4de0-8b44-898761296d86	20250509	1	11002000107	900000000000509007	5411002000114	900000000000548007
d8e58949-6d1c-4b0e-baa8-7cea363de259	20250509	1	11002000107	900000000000509007	5981002000112	900000000000548007
d8e98a7a-0538-4f56-9dfd-8f255de7ea49	20250509	1	11002000107	900000000000509007	36781002000112	900000000000548007
d8f76aa4-5bd9-411e-88f6-fd43d887f47b	20250509	1	11002000107	900000000000509007	43591002000112	900000000000548007
d9253b36-5e16-43ce-bb9a-5fe4db4994ea	20250509	1	11002000107	900000000000509007	21471002000111	900000000000548007
d92ef236-acf9-4468-beca-590420982803	20250509	1	11002000107	900000000000509007	34881002000111	900000000000548007
d9303060-39eb-48ec-9aca-1d8d87cbc508	20250509	1	11002000107	900000000000509007	36691002000117	900000000000548007
d9424ac6-f7c7-4da0-af72-c92165076d0b	20250509	1	11002000107	900000000000509007	39691002000114	900000000000548007
d9519eeb-4189-4730-9bd9-db2067c6a4f3	20250509	1	11002000107	900000000000509007	47071002000114	900000000000548007
d9591c5d-382e-41fc-92eb-06c21f867b74	20250509	1	11002000107	900000000000509007	23671002000113	900000000000548007
d96756b8-1061-4ab9-90ac-81cf07febe60	20250509	1	11002000107	900000000000509007	4701002000116	900000000000549004
d97d1417-0dff-45c3-86cc-4b758abf3b50	20250509	1	11002000107	900000000000509007	47281002000119	900000000000548007
d9992cb6-71fc-414c-b1c5-74d8a64c524f	20250509	1	11002000107	900000000000509007	46321002000113	900000000000548007
d9a2d895-268c-4fb9-8f39-66626de8dcd1	20250509	1	11002000107	900000000000509007	29181002000117	900000000000548007
d9bc83e9-9a0a-4545-8d27-61c3a6c35435	20250509	1	11002000107	900000000000509007	37391002000114	900000000000549004
d9e16fee-46da-4ac5-9d05-8f0236f7c6d8	20250509	1	11002000107	900000000000509007	20461002000113	900000000000549004
d9e26c12-3a96-428c-8c77-e5e3daa32286	20250509	1	11002000107	900000000000509007	47301002000115	900000000000548007
d9eb1eab-ee4d-49c2-b232-55335d85847a	20250509	1	11002000107	900000000000509007	29761002000112	900000000000548007
d9efaa52-f78b-4f8c-ac3e-cbd5a3534443	20250509	1	11002000107	900000000000509007	21781002000115	900000000000549004
d9f63452-88ab-46c0-bf5a-5739686d9e9e	20250509	1	11002000107	900000000000509007	23471002000110	900000000000548007
d9fe1a19-96dd-437b-b047-5c684a1861af	20250509	1	11002000107	900000000000509007	31211002000115	900000000000548007
da0f6166-e3af-4c50-b25c-c784fa3848c9	20250509	1	11002000107	900000000000509007	23581002000112	900000000000548007
da1cad3b-556b-4d6b-8d1f-5b178fd8aa70	20250509	1	11002000107	900000000000509007	25401002000117	900000000000549004
da1d1962-9700-4984-8708-bb6550aa9c29	20250509	1	11002000107	900000000000509007	45811002000118	900000000000548007
da2ea53a-88d2-4976-87e1-f084ca3d487d	20250509	1	11002000107	900000000000509007	19581002000117	900000000000548007
da3d3906-e041-49a3-9ce7-72a7449b054d	20250509	1	11002000107	900000000000509007	32561002000111	900000000000548007
da4a06be-200e-40e3-be36-69b3b4e601f7	20250509	1	11002000107	900000000000509007	30511002000114	900000000000548007
da527c15-d048-4171-995a-4db81562f2eb	20250509	1	11002000107	900000000000509007	23311002000111	900000000000548007
da5ccf9b-e363-468e-90db-d7f840ff44dc	20250509	1	11002000107	900000000000509007	27231002000118	900000000000548007
da83f4bc-24e7-4903-b8ef-dbc941c1926e	20250509	1	11002000107	900000000000509007	38731002000110	900000000000548007
da9c4ace-01bf-46e3-b3bb-c5db2b90c73e	20250509	1	11002000107	900000000000509007	17361002000114	900000000000548007
daa34841-cf15-4682-ae45-bea0ab1b560f	20250509	1	11002000107	900000000000509007	18841002000117	900000000000548007
dab2a754-1f98-4ce6-aee0-754ca64e64f5	20250509	1	11002000107	900000000000509007	19451002000110	900000000000549004
dabd2d77-4bb4-49ee-9237-2b1e56538c67	20250509	1	11002000107	900000000000509007	14161002000117	900000000000548007
daceaa8d-8510-4454-8a4c-d2822125a747	20250509	1	11002000107	900000000000509007	18531002000110	900000000000548007
dad690ca-d0aa-4a7d-b121-9998ae839021	20250509	1	11002000107	900000000000509007	47841002000110	900000000000548007
db02c172-b255-4742-bac0-8419dc032ef0	20250509	1	11002000107	900000000000509007	47181002000113	900000000000548007
db12f43c-7c8d-465b-a973-9fda1df44bf3	20250509	1	11002000107	900000000000509007	44321002000117	900000000000549004
db140d69-c582-46cf-b824-13500b1a20b7	20250509	1	11002000107	900000000000509007	42771002000114	900000000000548007
db45e16a-2dbe-4db6-9a7e-87c4d3844627	20250509	1	11002000107	900000000000509007	10501002000118	900000000000548007
db5af1f9-7697-4629-999d-3cce9bc31209	20250509	1	11002000107	900000000000509007	13091002000113	900000000000549004
db5ee418-4b4c-4494-ad97-6c70e05053eb	20250509	1	11002000107	900000000000509007	28201002000113	900000000000549004
db7386fc-2597-4d2b-96dd-eef3c8ebf345	20250509	1	11002000107	900000000000509007	29111002000110	900000000000548007
db73b85d-b891-4c91-a2db-26d7c4a1eed9	20250509	1	11002000107	900000000000509007	10371002000117	900000000000549004
db7e1e66-b8f8-4ebe-acff-fe6e62a7e32b	20250509	1	11002000107	900000000000509007	39431002000112	900000000000549004
db805041-e6c8-499d-854a-d9d4591ac44e	20250509	1	11002000107	900000000000509007	23621002000112	900000000000548007
db8e4ecd-1794-4317-876b-695b174ca7a1	20250509	1	11002000107	900000000000509007	33251002000118	900000000000548007
db92f444-3242-442e-9153-23a936e20752	20250509	1	11002000107	900000000000509007	45921002000117	900000000000548007
dba4e1e5-f292-4e09-9f87-155efbdcdd58	20250509	1	11002000107	900000000000509007	48231002000116	900000000000548007
dba60cf1-855e-4963-95bf-4bf4eedd759c	20250509	1	11002000107	900000000000509007	24701002000112	900000000000548007
dbb42536-7bf4-4750-8ee9-f58d6b68ba33	20250509	1	11002000107	900000000000509007	21411002000116	900000000000548007
dbb4e339-3080-4c46-8df7-e183b1b2ba50	20250509	1	11002000107	900000000000509007	29481002000110	900000000000548007
dbc27003-c50a-44d5-9ec7-4a4b1f285eb4	20250509	1	11002000107	900000000000509007	17771002000117	900000000000549004
dbc9968d-09a7-4ef8-879f-0bcd752ba465	20250509	1	11002000107	900000000000509007	8221002000111	900000000000548007
dbca35f1-88a6-4291-b1e0-d776358bd6af	20250509	1	11002000107	900000000000509007	18311002000110	900000000000549004
dbdc0f58-9d3d-4d67-abbb-dbd29c61c278	20250509	1	11002000107	900000000000509007	30951002000117	900000000000548007
dbdfe518-abe3-4977-a033-4de3361dd2e9	20250509	1	11002000107	900000000000509007	19651002000112	900000000000548007
dbe8d5c9-8580-4e41-bdd7-8666b7a7a17b	20250509	1	11002000107	900000000000509007	18911002000114	900000000000549004
dbea78cb-75e0-48bf-a625-f5824b1e396d	20250509	1	11002000107	900000000000509007	22781002000110	900000000000549004
dbea797f-7317-479f-8339-16551d3d2b5d	20250509	1	11002000107	900000000000509007	2761002000114	900000000000548007
dbf32379-3783-483a-ab73-b987ba036721	20250509	1	11002000107	900000000000509007	38571002000116	900000000000548007
dc0390f1-7ad1-4aca-9c2f-56cb8fe05144	20250509	1	11002000107	900000000000509007	41851002000119	900000000000548007
dc14d933-57f4-4403-b6b8-7313ebf0edfa	20250509	1	11002000107	900000000000509007	25771002000116	900000000000548007
dc14f562-0a47-4047-9c2f-2924ad1ea2f0	20250509	1	11002000107	900000000000509007	21941002000110	900000000000548007
dc24cd03-f2ac-45c5-a3c5-b800973b9724	20250509	1	11002000107	900000000000509007	36391002000111	900000000000548007
dc349a9a-5aa2-42f6-9ddd-9b249df4952b	20250509	1	11002000107	900000000000509007	21291002000113	900000000000548007
dc431d1d-e5cb-46f5-8905-736d86e6c86a	20250509	1	11002000107	900000000000509007	40541002000112	900000000000549004
dc6e6162-cdad-418a-accc-ff9ffb45e24f	20250509	1	11002000107	900000000000509007	23181002000115	900000000000549004
dc99afa9-4324-46f2-ba21-e56bfa26cc71	20250509	1	11002000107	900000000000509007	221002000116	900000000000549004
dcbb92bf-4daf-4b0f-9785-6a3aa9ae3e91	20250509	1	11002000107	900000000000509007	30771002000111	900000000000548007
dcbec525-3c42-4f16-a012-be66383ec653	20250509	1	11002000107	900000000000509007	5911002000119	900000000000548007
dcc06d07-5425-4223-9bc1-b4839afccbc3	20250509	1	11002000107	900000000000509007	41671002000111	900000000000548007
dcc13c82-9a6c-4caa-9cdb-478ca872512f	20250509	1	11002000107	900000000000509007	37881002000119	900000000000548007
dcd5b4f6-0f65-4132-9a43-c23ad5ca14d9	20250509	1	11002000107	900000000000509007	22711002000117	900000000000548007
dcd6f58e-c63e-4fe5-b0f7-826c880dae99	20250509	1	11002000107	900000000000509007	19471002000119	900000000000548007
dcdb1eb7-e0a4-4bf4-a608-088893d9a9f1	20250509	1	11002000107	900000000000509007	10041002000114	900000000000548007
dcdea2ef-4c68-4148-baee-3ae8f324eaf5	20250509	1	11002000107	900000000000509007	45621002000113	900000000000548007
dcdf8fea-b265-4da6-94bf-fb876a8d76c8	20250509	1	11002000107	900000000000509007	7941002000111	900000000000548007
dcf82acd-fb33-436d-bef2-7d8226c675f1	20250509	1	11002000107	900000000000509007	4161002000119	900000000000548007
dd073adb-4043-4e44-a779-44c7bc43b65a	20250509	1	11002000107	900000000000509007	46211002000114	900000000000549004
dd129497-a54f-4b55-9248-c848d0f04e1e	20250509	1	11002000107	900000000000509007	36001002000115	900000000000548007
dd15c2aa-fed5-43ee-a515-3c80fa7cd18f	20250509	1	11002000107	900000000000509007	31631002000114	900000000000548007
dd17fe34-25d3-46a1-baa8-92485f8b62a7	20250509	1	11002000107	900000000000509007	49101002000114	900000000000548007
dd227b90-e9f1-4ecd-93db-40063faa0e85	20250509	1	11002000107	900000000000509007	37761002000119	900000000000548007
dd339ae0-a511-4483-84a7-4adbab53071d	20250509	1	11002000107	900000000000509007	4661002000110	900000000000548007
dd3b8f39-7065-4516-8769-1bcbe0d94dfc	20250509	1	11002000107	900000000000509007	29091002000115	900000000000548007
dd401ca6-4d7f-4b13-b7f9-26a7f3b66fbf	20250509	1	11002000107	900000000000509007	23331002000119	900000000000549004
dd406c88-5639-46b5-8b82-a3a999aca16b	20250509	1	11002000107	900000000000509007	24811002000115	900000000000548007
dd4d2fe5-1fd1-4f3d-b4a6-8ff51674ab83	20250509	1	11002000107	900000000000509007	36631002000116	900000000000548007
dd5d75c6-7935-4cb6-915c-2b30f87d42b5	20250509	1	11002000107	900000000000509007	42421002000117	900000000000548007
dd5f1718-b74f-4f0d-bec8-79f1dafde423	20250509	1	11002000107	900000000000509007	26821002000117	900000000000548007
dd7e8332-e028-430b-974c-0ea00e21b356	20250509	1	11002000107	900000000000509007	45751002000114	900000000000548007
dd8d79dc-1487-4929-9b44-9339396a4496	20250509	1	11002000107	900000000000509007	19281002000115	900000000000548007
dda797ad-3ba5-4fbe-8bb6-1d50a52b08bb	20250509	1	11002000107	900000000000509007	10551002000119	900000000000549004
dda94df9-d020-4186-a708-0c6cf5e52c74	20250509	1	11002000107	900000000000509007	32841002000114	900000000000548007
dda993de-a33f-48e1-8abf-8cd7bb5fe9fe	20250509	1	11002000107	900000000000509007	19841002000111	900000000000549004
ddbe186b-b9a0-4e44-919c-d6de5fc59fdb	20250509	1	11002000107	900000000000509007	15331002000113	900000000000549004
ddcb6032-e09f-45a5-8127-6a28f1b74ffe	20250509	1	11002000107	900000000000509007	26701002000119	900000000000548007
ddda1824-7297-408b-b78f-1ffce4e03695	20250509	1	11002000107	900000000000509007	7841002000115	900000000000549004
ddf97693-43ad-4bc5-9e69-e549c8209fa3	20250509	1	11002000107	900000000000509007	25041002000112	900000000000549004
de023d16-1ca2-408b-92d6-f5de0759f6f7	20250509	1	11002000107	900000000000509007	8941002000110	900000000000548007
de04b2c0-d13c-410e-99f4-8246b015e096	20250509	1	11002000107	900000000000509007	13461002000114	900000000000548007
de1920b1-6d6f-4fe7-8bd6-b8aeb376b660	20250509	1	11002000107	900000000000509007	17021002000115	900000000000549004
de20c1b6-351a-4eab-b8b4-3f337fdf69b5	20250509	1	11002000107	900000000000509007	46551002000112	900000000000548007
de2b221b-051b-47b2-9c9a-c37a796bc364	20250509	1	11002000107	900000000000509007	12231002000110	900000000000548007
de2d678d-3027-4e26-aa9e-865b4684ce9c	20250509	1	11002000107	900000000000509007	49081002000115	900000000000548007
de3b3332-32ef-4604-b15a-4ecacf341ef4	20250509	1	11002000107	900000000000509007	39561002000116	900000000000548007
de405ea2-d444-4324-b1d2-f9fc4260a281	20250509	1	11002000107	900000000000509007	151002000117	900000000000548007
de42abb6-ca3c-4ced-a61d-2d99d78fda55	20250509	1	11002000107	900000000000509007	24911002000113	900000000000548007
de4a6dab-da68-4625-a6f8-6c6c55ef63be	20250509	1	11002000107	900000000000509007	36951002000115	900000000000549004
de5361f4-dd74-4de8-b51b-b006990a0c83	20250509	1	11002000107	900000000000509007	38291002000118	900000000000549004
de571e12-4f07-469d-90c1-914b292f6afd	20250509	1	11002000107	900000000000509007	25711002000111	900000000000548007
de5cbaa1-36ba-406d-9adf-2b3669cafeb0	20250509	1	11002000107	900000000000509007	33701002000112	900000000000548007
de6afc3b-f933-47ae-a3c3-ced2c8f0b582	20250509	1	11002000107	900000000000509007	13361002000117	900000000000549004
de7fe9eb-9472-4d73-93c9-cb97b82815d9	20250509	1	11002000107	900000000000509007	42631002000116	900000000000548007
de95536e-520f-4468-8e65-a2b9b9ebca59	20250509	1	11002000107	900000000000509007	7861002000116	900000000000548007
dea024b5-515a-412b-a516-6b19d82dec63	20250509	1	11002000107	900000000000509007	11151002000116	900000000000549004
dea713e9-037d-48f5-b0b1-8875ad652628	20250509	1	11002000107	900000000000509007	37231002000116	900000000000548007
dea86418-b055-4f96-b482-ed59ecb40ab0	20250509	1	11002000107	900000000000509007	45551002000119	900000000000549004
dec2827c-81b9-494b-8c0c-607e399e993d	20250509	1	11002000107	900000000000509007	25231002000112	900000000000548007
deda0030-a683-4042-9753-90af9a69c604	20250509	1	11002000107	900000000000509007	27331002000112	900000000000549004
dee610ec-d983-48e8-a35c-7dcc4e2885ad	20250509	1	11002000107	900000000000509007	18481002000112	900000000000548007
def2b09f-42d6-4187-b40c-19a9abce8774	20250509	1	11002000107	900000000000509007	17441002000116	900000000000549004
deffeb17-ab13-4b56-839e-c5c6060ab906	20250509	1	11002000107	900000000000509007	4221002000115	900000000000548007
df036c5b-2097-442b-87cd-03554af1462f	20250509	1	11002000107	900000000000509007	47091002000110	900000000000548007
df23c01d-85fe-4950-8c33-58b6b943bc9f	20250509	1	11002000107	900000000000509007	33801002000118	900000000000549004
df284e8a-3a3f-4b09-8a1f-93f48a308919	20250509	1	11002000107	900000000000509007	33091002000116	900000000000549004
df320479-f205-41d9-8ae0-8aa563d608cc	20250509	1	11002000107	900000000000509007	9601002000110	900000000000548007
df41e960-e4a9-4599-9a6c-1948e5300635	20250509	1	11002000107	900000000000509007	38611002000112	900000000000548007
df60e8de-b809-4420-b650-1ce94ad712e9	20250509	1	11002000107	900000000000509007	12141002000114	900000000000548007
df7c1371-d30b-4dec-a4a9-155fb4ee551c	20250509	1	11002000107	900000000000509007	38591002000115	900000000000549004
df7c6f9f-5bc1-4fc9-916c-daad7b6df49c	20250509	1	11002000107	900000000000509007	17741002000111	900000000000549004
df8700ff-4a52-4704-9c46-59eed745ffa9	20250509	1	11002000107	900000000000509007	10381002000119	900000000000548007
df8e3b6b-9fa0-4a8f-8cad-241bccb95847	20250509	1	11002000107	900000000000509007	1741002000116	900000000000548007
dfb462b9-e066-4641-a7ac-3a573f894442	20250509	1	11002000107	900000000000509007	19361002000115	900000000000549004
dfba9418-d026-41e4-bc7e-20be3b4ae7bf	20250509	1	11002000107	900000000000509007	43851002000118	900000000000548007
dfbf041c-47ae-4239-ad50-13a9b1d7f6ab	20250509	1	11002000107	900000000000509007	18401002000117	900000000000549004
dfda7f72-55e4-4a8f-b441-3d7b12887e04	20250509	1	11002000107	900000000000509007	35381002000115	900000000000549004
dfe2a54f-e62e-4bcf-8b58-ee275062957b	20250509	1	11002000107	900000000000509007	15671002000119	900000000000548007
e0109919-b630-4181-a72a-bd290faa5aa2	20250509	1	11002000107	900000000000509007	22971002000114	900000000000549004
e0121758-8ed7-4cd2-8240-e4836063efce	20250509	1	11002000107	900000000000509007	29291002000114	900000000000548007
e01f71b8-932c-4cd5-a1d5-f96ae73e50ef	20250509	1	11002000107	900000000000509007	48031002000112	900000000000548007
e02b67ca-9f33-43e3-8fda-302b78bf082d	20250509	1	11002000107	900000000000509007	42381002000113	900000000000548007
e04bdf57-c18b-4861-a3f5-95e4df3f7884	20250509	1	11002000107	900000000000509007	31121002000118	900000000000548007
e04e4dd8-d15f-4c0d-8691-0b80363a58c7	20250509	1	11002000107	900000000000509007	2891002000112	900000000000548007
e050e99e-b06c-4221-be84-99c826fe8d92	20250509	1	11002000107	900000000000509007	42181002000111	900000000000548007
e05178b2-08ef-43c3-bf49-4d2e024dc555	20250509	1	11002000107	900000000000509007	45591002000111	900000000000548007
e07f6cfa-9105-4d98-8fde-7f2020f91e48	20250509	1	11002000107	900000000000509007	3571002000119	900000000000548007
e099c558-5fd1-44ec-96c0-a0c64bd9dd83	20250509	1	11002000107	900000000000509007	17371002000116	900000000000548007
e09c0d8c-fb00-43cd-a0e0-550e05dbb78e	20250509	1	11002000107	900000000000509007	17201002000119	900000000000549004
e0a034d1-3559-4cf5-b442-85b14ae0a5d3	20250509	1	11002000107	900000000000509007	37771002000112	900000000000548007
e0a66d42-e433-4409-88aa-c88ff79774a8	20250509	1	11002000107	900000000000509007	31331002000118	900000000000548007
e0b9d7e5-4d1b-4e0d-8c51-7b56207afdc6	20250509	1	11002000107	900000000000509007	48571002000115	900000000000548007
e0be7cca-18fe-4665-94b8-11c6a55c449d	20250509	1	11002000107	900000000000509007	38171002000112	900000000000549004
e0cc246c-45d3-49ff-a94d-e5cf56f5e718	20250509	1	11002000107	900000000000509007	8971002000116	900000000000548007
e0d2153d-b515-4fcf-b867-e1d3790917ad	20250509	1	11002000107	900000000000509007	4041002000117	900000000000548007
e0dadf3b-4f92-4bb1-8fa8-9f7f28ef6247	20250509	1	11002000107	900000000000509007	42451002000112	900000000000548007
e0dc385a-f0c5-46b6-a509-19741f236f49	20250509	1	11002000107	900000000000509007	3871002000116	900000000000548007
e0e432fa-f350-43bf-8b1b-f092851989d7	20250509	1	11002000107	900000000000509007	35421002000111	900000000000548007
e0f3e0d1-c67d-45ec-b705-e92ebe91da49	20250509	1	11002000107	900000000000509007	6091002000118	900000000000548007
e101bfc0-60ce-438e-a3c5-c8612bc6438f	20250509	1	11002000107	900000000000509007	19801002000114	900000000000548007
e107a372-ce43-432d-968d-c2659664c227	20250509	1	11002000107	900000000000509007	34291002000113	900000000000548007
e11d4169-7d52-491d-9805-941c36a22595	20250509	1	11002000107	900000000000509007	15571002000118	900000000000548007
e11f9a2a-acdb-410c-9742-7fe1104fc097	20250509	1	11002000107	900000000000509007	26941002000119	900000000000548007
e129ea39-02aa-45b2-897b-090fe31b3e5f	20250509	1	11002000107	900000000000509007	43461002000119	900000000000548007
e1384737-264e-47a5-8dd2-0da0c6acd21f	20250509	1	11002000107	900000000000509007	36141002000119	900000000000548007
e13a1509-1355-4d5a-9de3-620f36fb909c	20250509	1	11002000107	900000000000509007	33311002000114	900000000000548007
e13d37e2-116d-4feb-b7c3-21d4c4dfb3f3	20250509	1	11002000107	900000000000509007	39321002000117	900000000000548007
e144af0b-d245-4d5f-91fd-049e3feeda21	20250509	1	11002000107	900000000000509007	9551002000113	900000000000548007
e151af70-958f-44bf-97ed-d93faedaeffb	20250509	1	11002000107	900000000000509007	14321002000111	900000000000548007
e1569bf9-fa12-461b-b7e7-c5cdd063be4c	20250509	1	11002000107	900000000000509007	45321002000118	900000000000548007
e158eafb-5046-413f-8fcc-2e4157535b80	20250509	1	11002000107	900000000000509007	32321002000110	900000000000548007
e1696da9-017d-4b76-933d-d410a03b55ea	20250509	1	11002000107	900000000000509007	44631002000110	900000000000548007
e172186e-d5ad-4913-8ee5-18b16369f3c5	20250509	1	11002000107	900000000000509007	7771002000119	900000000000548007
e17a678c-a661-4cd8-96bb-4c05a6954fec	20250509	1	11002000107	900000000000509007	42211002000110	900000000000548007
e18e53b9-d68d-4fd4-9fce-b60fdf87486f	20250509	1	11002000107	900000000000509007	2881002000114	900000000000548007
e1a33f7d-51ad-467a-8ff1-cbc559125676	20250509	1	11002000107	900000000000509007	18001002000110	900000000000548007
e1b9164e-81d2-4f81-be15-3cea3d004407	20250509	1	11002000107	900000000000509007	611002000113	900000000000549004
e1bb8e8c-55b3-4c32-81ef-bbb5153a82c6	20250509	1	11002000107	900000000000509007	31751002000112	900000000000548007
e1bbf1af-1f42-4662-92fa-f036439382fe	20250509	1	11002000107	900000000000509007	5931002000111	900000000000549004
e1c97645-dd1d-4d32-b356-9f1cd8b15b38	20250509	1	11002000107	900000000000509007	17151002000114	900000000000548007
e1c9915e-f619-4c0f-ae50-a17c45a8c209	20250509	1	11002000107	900000000000509007	21001002000112	900000000000548007
e1fb39af-d65c-49bb-b937-7337dc723481	20250509	1	11002000107	900000000000509007	44271002000111	900000000000548007
e20722f9-56cd-4e4c-81ec-bb202f3c98ec	20250509	1	11002000107	900000000000509007	46481002000117	900000000000549004
e21717f2-236b-41d5-8d7b-af2651ed36d7	20250509	1	11002000107	900000000000509007	28821002000116	900000000000548007
e21e9e7f-b15d-4718-a859-83ca68a75b39	20250509	1	11002000107	900000000000509007	9661002000111	900000000000548007
e2243d1d-9201-44ca-8fbc-8f560beb9fb3	20250509	1	11002000107	900000000000509007	391002000111	900000000000548007
e2271643-24db-4f59-8349-e4f7825cff95	20250509	1	11002000107	900000000000509007	31291002000111	900000000000548007
e2278383-6ac4-49d5-b1f0-dd65fa8e35ce	20250509	1	11002000107	900000000000509007	31581002000111	900000000000548007
e2286070-8103-45a5-b282-8ba170390c7c	20250509	1	11002000107	900000000000509007	21331002000115	900000000000548007
e22e44ec-333d-4f63-b964-9221070bf34e	20250509	1	11002000107	900000000000509007	7411002000117	900000000000548007
e231fb60-1b5d-4fe4-8990-5a5833609d95	20250509	1	11002000107	900000000000509007	21441002000117	900000000000548007
e2322a98-ae8d-4ee4-971e-65d4fcd1ef6f	20250509	1	11002000107	900000000000509007	191002000114	900000000000549004
e23247af-7092-498a-9b87-d54bd6af2fdc	20250509	1	11002000107	900000000000509007	32801002000112	900000000000548007
e23ccdeb-5da6-483e-bd50-e7b736b770f3	20250509	1	11002000107	900000000000509007	26051002000118	900000000000549004
e246317f-b603-454c-b3a6-c172513d4254	20250509	1	11002000107	900000000000509007	8851002000117	900000000000548007
e2489c61-3a29-4a1a-b4de-0b7b10d6c7ec	20250509	1	11002000107	900000000000509007	2271002000110	900000000000548007
e249992a-8056-4fda-9073-41acc71612e8	20250509	1	11002000107	900000000000509007	20751002000117	900000000000548007
e27c3606-5ed0-4891-bd54-b364046218b5	20250509	1	11002000107	900000000000509007	41791002000119	900000000000548007
e2872606-5cb6-4966-affc-9638a0ad2c55	20250509	1	11002000107	900000000000509007	12731002000117	900000000000549004
e289bc71-26a4-4e35-a3b6-c42171297586	20250509	1	11002000107	900000000000509007	3551002000110	900000000000549004
e295e874-ae46-476f-9836-8fb7f2949272	20250509	1	11002000107	900000000000509007	6491002000111	900000000000548007
e299131d-07cd-4ca8-93f6-b92dd6e1a574	20250509	1	11002000107	900000000000509007	6761002000110	900000000000548007
e2a4a2b6-facf-4b04-abe8-3452f086bd45	20250509	1	11002000107	900000000000509007	30251002000113	900000000000548007
e2ac3330-a616-46f3-a929-62e0cb5f18be	20250509	1	11002000107	900000000000509007	48091002000111	900000000000548007
e2acad22-20cb-40c2-852d-9f1ea268037e	20250509	1	11002000107	900000000000509007	33411002000118	900000000000548007
e2ace3c6-eda2-4d6b-810b-c98332bf26df	20250509	1	11002000107	900000000000509007	36881002000116	900000000000548007
e2b36b1c-448b-4f10-ad5b-85e2b02516fa	20250509	1	11002000107	900000000000509007	45561002000117	900000000000548007
e2b592ef-9f34-4100-b23a-04de17110592	20250509	1	11002000107	900000000000509007	6741002000111	900000000000549004
e2b6038f-0cd0-486c-897c-cb56386b3160	20250509	1	11002000107	900000000000509007	16131002000119	900000000000548007
e2c07487-3594-4648-aa34-59df3bf8345c	20250509	1	11002000107	900000000000509007	32871002000115	900000000000548007
e301feb2-4a71-4273-ade2-d788f206c672	20250509	1	11002000107	900000000000509007	41221002000113	900000000000548007
e30e789b-ca33-418d-ace7-3d0c736ae160	20250509	1	11002000107	900000000000509007	40661002000112	900000000000549004
e31712bf-b2e6-458c-a721-9fe727012863	20250509	1	11002000107	900000000000509007	16921002000119	900000000000548007
e3336824-5c67-4197-8074-c39b8b2de4ec	20250509	1	11002000107	900000000000509007	46441002000114	900000000000548007
e33578d9-ad21-4495-ac12-a540a8764ad1	20250509	1	11002000107	900000000000509007	22161002000118	900000000000548007
e33641ba-f051-442f-a1f2-66e49b28c7ea	20250509	1	11002000107	900000000000509007	2441002000115	900000000000549004
e3509282-1ab2-4401-9305-7e10376ca382	20250509	1	11002000107	900000000000509007	40521002000119	900000000000548007
e35456fb-dc26-49b0-bca6-394e9f6ce34d	20250509	1	11002000107	900000000000509007	20991002000111	900000000000548007
e35b639e-76eb-4e52-a85d-197765559a5e	20250509	1	11002000107	900000000000509007	42591002000116	900000000000548007
e36178f1-6f20-4741-b427-3ffc6ec74545	20250509	1	11002000107	900000000000509007	28071002000113	900000000000548007
e368b6b7-0484-4811-ab72-9c312e6d932e	20250509	1	11002000107	900000000000509007	8561002000117	900000000000549004
e36de616-ca96-4d02-b1c8-066910a9980e	20250509	1	11002000107	900000000000509007	40171002000114	900000000000548007
e375e28d-adfe-4394-b0c1-01751fece57a	20250509	1	11002000107	900000000000509007	8651002000118	900000000000548007
e37be315-3c47-4523-98b7-279ca6a4cf10	20250509	1	11002000107	900000000000509007	28931002000114	900000000000548007
e381dca2-15ba-4133-87c3-bc5579b6ecd4	20250509	1	11002000107	900000000000509007	40941002000118	900000000000548007
e382f42c-8f64-4b1b-ae4a-c508abed2aff	20250509	1	11002000107	900000000000509007	8121002000115	900000000000548007
e3837f89-177f-41dd-b5e2-99bee617ed8b	20250509	1	11002000107	900000000000509007	6721002000118	900000000000548007
e3a5aa54-dae1-44ed-8bc8-95b178294f2b	20250509	1	11002000107	900000000000509007	10241002000118	900000000000548007
e3abac1c-bd0b-4028-a354-d3234ec9eac5	20250509	1	11002000107	900000000000509007	30901002000116	900000000000548007
e3ae9fad-b455-4ef7-bc60-0609e636740c	20250509	1	11002000107	900000000000509007	10811002000118	900000000000548007
e3b08458-d2ff-4ea8-a2a4-c5b302846547	20250509	1	11002000107	900000000000509007	15511002000113	900000000000548007
e3b85fd6-31d2-49cc-b58e-30fcc7006c94	20250509	1	11002000107	900000000000509007	26371002000112	900000000000548007
e3ba9026-e5bf-4093-aaf3-18f204994ca9	20250509	1	11002000107	900000000000509007	4021002000110	900000000000548007
e3d5a9a6-0e58-4664-be21-00538f3320f8	20250509	1	11002000107	900000000000509007	35021002000117	900000000000549004
e3d91927-9d1e-4de9-a8e2-1b5eae35808b	20250509	1	11002000107	900000000000509007	27461002000114	900000000000548007
e3e25fdc-a906-43b0-931f-823446092be9	20250509	1	11002000107	900000000000509007	33881002000113	900000000000548007
e3fc6fd3-bd94-4a07-a9a0-3ba4e845eba6	20250509	1	11002000107	900000000000509007	13631002000116	900000000000548007
e4102961-edbd-4f19-8b1a-c5d35776317c	20250509	1	11002000107	900000000000509007	43431002000114	900000000000548007
e413c137-ad44-42be-ace6-24731c5730a7	20250509	1	11002000107	900000000000509007	10101002000111	900000000000548007
e420adf7-9ba7-4f0e-a9a4-254cae237210	20250509	1	11002000107	900000000000509007	81002000118	900000000000548007
e430a638-58ad-40e4-934a-a35a1e6a3f0e	20250509	1	11002000107	900000000000509007	821002000115	900000000000549004
e4404630-f519-43d0-8de8-0353a2019a9b	20250509	1	11002000107	900000000000509007	22901002000117	900000000000548007
e442a4f3-8521-49e4-806f-a907b4b0f0e9	20250509	1	11002000107	900000000000509007	10901002000113	900000000000548007
e45e7d60-2fc6-4fa4-9333-601579b0eef8	20250509	1	11002000107	900000000000509007	33571002000112	900000000000549004
e472aa2d-1d43-4a77-8c57-ee9acb1a853d	20250509	1	11002000107	900000000000509007	48901002000117	900000000000548007
e47f7718-c149-41ed-a33c-1b5a846fbabf	20250509	1	11002000107	900000000000509007	20111002000117	900000000000549004
e48e4840-924f-4a5d-b38f-d7b80a8bed48	20250509	1	11002000107	900000000000509007	10891002000114	900000000000548007
e4c04c07-8ab0-476e-b552-fac77b8f1cda	20250509	1	11002000107	900000000000509007	19521002000116	900000000000548007
e4f80925-8066-402d-b621-73697378bbe7	20250509	1	11002000107	900000000000509007	48541002000114	900000000000548007
e4f92fcf-37de-4cf2-812d-8f42ba5e667e	20250509	1	11002000107	900000000000509007	38971002000110	900000000000548007
e4f93d29-710d-483c-b1f8-b91f1be91368	20250509	1	11002000107	900000000000509007	33621002000110	900000000000548007
e5070ffe-0ad0-4d3d-a2dd-22cf8d4f5cb0	20250509	1	11002000107	900000000000509007	19001002000118	900000000000549004
e5170cf6-df23-48ab-8d12-5c04afeb1ebe	20250509	1	11002000107	900000000000509007	22631002000119	900000000000549004
e5346c2f-1a34-4cb5-924c-8ef18f7db809	20250509	1	11002000107	900000000000509007	44401002000118	900000000000548007
e53e9926-df5d-4844-a14e-3cad7021455f	20250509	1	11002000107	900000000000509007	14691002000119	900000000000549004
e5418bb3-e787-4ac0-b117-3f35f17b911d	20250509	1	11002000107	900000000000509007	8451002000115	900000000000548007
e5440303-821a-499d-95e8-f94086e91163	20250509	1	11002000107	900000000000509007	39941002000114	900000000000549004
e554d894-0250-4e4a-9460-75c55ff84add	20250509	1	11002000107	900000000000509007	38721002000112	900000000000548007
e57283d1-a054-4152-992e-490807e97a07	20250509	1	11002000107	900000000000509007	14541002000113	900000000000549004
e5864b1d-7a7c-4775-b221-69e08a7ff75d	20250509	1	11002000107	900000000000509007	4751002000117	900000000000548007
e58da2a4-e878-4af7-b895-897379645be5	20250509	1	11002000107	900000000000509007	12261002000115	900000000000548007
e594b0ef-630c-4a09-a2fb-13b6790cf440	20250509	1	11002000107	900000000000509007	311002000115	900000000000549004
e59afaaf-3fa6-41f7-96bc-6dbd3a2537f2	20250509	1	11002000107	900000000000509007	21301002000114	900000000000548007
e5b972c2-c06d-4905-8bd4-3be296c198f7	20250509	1	11002000107	900000000000509007	33391002000118	900000000000549004
e5c2eb8d-c826-4fc5-93f0-15773403c007	20250509	1	11002000107	900000000000509007	9781002000112	900000000000548007
e5c39b78-e4f0-4308-9b97-15ff4b63d816	20250509	1	11002000107	900000000000509007	47611002000110	900000000000548007
e5c7e17d-b94a-4f77-b51c-c3897ab72142	20250509	1	11002000107	900000000000509007	28481002000119	900000000000548007
e5cce710-3880-47fe-84c6-52c51b672081	20250509	1	11002000107	900000000000509007	28971002000112	900000000000548007
e5d46a26-aa3f-451f-885c-dad592d2bba0	20250509	1	11002000107	900000000000509007	19671002000116	900000000000548007
e5d8c1da-947c-48b7-91b2-88b1997febb8	20250509	1	11002000107	900000000000509007	38351002000118	900000000000549004
e5ee16de-de6b-45c2-8d3c-5b5c29f94442	20250509	1	11002000107	900000000000509007	1591002000117	900000000000548007
e603cdb2-a204-4a60-8809-26597335e6c6	20250509	1	11002000107	900000000000509007	47361002000119	900000000000548007
e61289a1-42b3-41e9-988f-a8e2b6758360	20250509	1	11002000107	900000000000509007	19351002000117	900000000000548007
e617cab2-56ca-4945-939d-473bf077a7c7	20250509	1	11002000107	900000000000509007	20211002000114	900000000000548007
e624c445-bbf6-4b40-afb0-4359eae90fd0	20250509	1	11002000107	900000000000509007	45981002000118	900000000000548007
e62c3076-d52b-4a21-b7f4-4d1a79c93f94	20250509	1	11002000107	900000000000509007	25071002000118	900000000000549004
e641f07a-b9ab-472d-a5f2-a2a3077a33f5	20250509	1	11002000107	900000000000509007	51002000112	900000000000548007
e64df543-5ead-4794-971f-47b1bc46727d	20250509	1	11002000107	900000000000509007	38391002000110	900000000000548007
e651126c-450a-42db-a6e9-2aaa27cf9728	20250509	1	11002000107	900000000000509007	44551002000118	900000000000548007
e65f5876-d2af-42fb-b5e5-241156af8016	20250509	1	11002000107	900000000000509007	13801002000111	900000000000549004
e672a1fa-3146-43b5-a697-ba795aadd074	20250509	1	11002000107	900000000000509007	35351002000114	900000000000549004
e67c1732-4f04-4256-b27c-d540c353334c	20250509	1	11002000107	900000000000509007	20711002000118	900000000000548007
e67cc17c-6e19-429e-b679-326944e6eb5d	20250509	1	11002000107	900000000000509007	17041002000113	900000000000548007
e684864b-f055-46a7-8278-3c0a4ccfff65	20250509	1	11002000107	900000000000509007	27911002000116	900000000000548007
e686b763-5e53-47e4-a4fc-b36edf12b57b	20250509	1	11002000107	900000000000509007	7341002000112	900000000000548007
e68c6f35-b445-4345-92ec-ff62c9d73f6c	20250509	1	11002000107	900000000000509007	37311002000118	900000000000548007
e6a234cc-f3d5-4e47-a63f-87e600b8c18c	20250509	1	11002000107	900000000000509007	28891002000119	900000000000549004
e6b11bf6-09a6-4391-a7ce-0299392f4613	20250509	1	11002000107	900000000000509007	21631002000111	900000000000548007
e6b77e11-0694-4249-8bb1-cfc9b166357b	20250509	1	11002000107	900000000000509007	31661002000119	900000000000548007
e6b8e85e-a620-42de-b3f4-b7851366cb30	20250509	1	11002000107	900000000000509007	6431002000112	900000000000548007
e6bb2399-379a-49b6-8f93-19bb634d9a75	20250509	1	11002000107	900000000000509007	5461002000112	900000000000548007
e6cd2420-e39a-4c57-bcdd-7e0627fb4f01	20250509	1	11002000107	900000000000509007	41451002000117	900000000000548007
e6d44131-17b3-4637-b012-d52ae5fda76e	20250509	1	11002000107	900000000000509007	39751002000113	900000000000548007
e6d5c558-b778-4f8a-b739-c4ba90fb561c	20250509	1	11002000107	900000000000509007	44181002000115	900000000000548007
e6eaf7f1-da47-4f52-8688-76726d097d09	20250509	1	11002000107	900000000000509007	46621002000118	900000000000548007
e6f2ec0e-c7f1-4b83-bde8-11858708ee19	20250509	1	11002000107	900000000000509007	45211002000117	900000000000548007
e6fdcaa4-0e95-410e-8fdf-0927ed550f81	20250509	1	11002000107	900000000000509007	48711002000117	900000000000548007
e7054f51-be18-4c61-9391-45084729ae08	20250509	1	11002000107	900000000000509007	17541002000115	900000000000548007
e71002a7-97b1-4926-a064-6d651cdbc1a0	20250509	1	11002000107	900000000000509007	16971002000118	900000000000548007
e713d03d-be4d-4d03-818d-1dd682787fa0	20250509	1	11002000107	900000000000509007	1111002000119	900000000000548007
e716e2d1-2430-4dcd-9d83-9ecee47c7aaf	20250509	1	11002000107	900000000000509007	33511002000117	900000000000549004
e735222b-ece3-485f-9d14-4ce4a78060a1	20250509	1	11002000107	900000000000509007	18261002000117	900000000000548007
e741d1e1-ceec-41c4-8ad0-cf5c8919184e	20250509	1	11002000107	900000000000509007	38371002000114	900000000000548007
e773b87c-e6be-48ca-81a4-8878bb60d63f	20250509	1	11002000107	900000000000509007	23001002000111	900000000000549004
e7863581-2b3d-4f5b-8190-f99da7076549	20250509	1	11002000107	900000000000509007	16831002000112	900000000000548007
e7955ef4-d7f5-4ade-b0a8-436b84df8675	20250509	1	11002000107	900000000000509007	45301002000114	900000000000548007
e7960a4d-6962-4b79-9111-67c7580bdab6	20250509	1	11002000107	900000000000509007	13311002000115	900000000000548007
e7cfc3ad-099a-4ce3-a64d-0322d01295e7	20250509	1	11002000107	900000000000509007	31841002000117	900000000000548007
e7d536a9-84dc-4707-84b7-ff575e074269	20250509	1	11002000107	900000000000509007	23011002000114	900000000000548007
e7de094f-6be8-4ee6-ab06-cda159a92a34	20250509	1	11002000107	900000000000509007	36531002000115	900000000000548007
e7e52276-76ad-494d-b577-87c0318fe565	20250509	1	11002000107	900000000000509007	381002000113	900000000000548007
e7eadff3-daa7-4295-8211-70e3b5e42bed	20250509	1	11002000107	900000000000509007	24691002000112	900000000000548007
e7ebc3a8-b06b-4f4a-8e20-0cd48fc2b2cf	20250509	1	11002000107	900000000000509007	48581002000117	900000000000549004
e7edabb0-7d2a-4c63-9f33-cb1ef18e4452	20250509	1	11002000107	900000000000509007	28051002000117	900000000000548007
e8223bef-1f25-4c09-ae8d-338ef0815687	20250509	1	11002000107	900000000000509007	28981002000110	900000000000548007
e82446ff-a012-44b0-a612-51f0e46af5eb	20250509	1	11002000107	900000000000509007	3241002000111	900000000000548007
e826a39a-ce8b-41c3-853d-3e840336510d	20250509	1	11002000107	900000000000509007	17501002000117	900000000000549004
e8296dba-393c-4eee-9790-32c63a5df432	20250509	1	11002000107	900000000000509007	11801002000110	900000000000549004
e851aa39-5e9a-4239-99fa-053523ca9080	20250509	1	11002000107	900000000000509007	6161002000111	900000000000548007
e8535684-2256-4023-bacf-5ddadef8fa12	20250509	1	11002000107	900000000000509007	42321002000114	900000000000548007
e853fe5a-edb5-403f-b9d4-c7440502223d	20250509	1	11002000107	900000000000509007	20401002000112	900000000000549004
e867a7f1-dd33-4bab-baae-6c291747bcad	20250509	1	11002000107	900000000000509007	34971002000116	900000000000548007
e86a92f2-9e65-487a-8fcb-cc5e97b1389a	20250509	1	11002000107	900000000000509007	2531002000110	900000000000548007
e8926fa2-9bff-40fb-92c8-72584fbbe841	20250509	1	11002000107	900000000000509007	28461002000110	900000000000548007
e8aa8b68-9bb4-43b5-8ed5-ae014210ace2	20250509	1	11002000107	900000000000509007	37141002000117	900000000000548007
e8b50cf0-65a2-4bae-a5e3-4d833bb047aa	20250509	1	11002000107	900000000000509007	36361002000117	900000000000548007
e8d744ff-eafd-4889-9463-3f29da939980	20250509	1	11002000107	900000000000509007	4261002000112	900000000000548007
e8d83ffc-119c-4fab-8a62-2c9f4dead3f9	20250509	1	11002000107	900000000000509007	38941002000116	900000000000548007
e8e15221-3cc2-4923-a1ea-899b3675db95	20250509	1	11002000107	900000000000509007	39801002000115	900000000000548007
e8e19373-ff9f-47c0-a04c-a85dd1554f16	20250509	1	11002000107	900000000000509007	16691002000112	900000000000548007
e8e2a6ef-0ac7-42ec-8cb0-b60cdcb50c8b	20250509	1	11002000107	900000000000509007	19881002000119	900000000000548007
e8ec5443-6f80-4776-8769-9921679cb281	20250509	1	11002000107	900000000000509007	27951002000115	900000000000548007
e8f3780e-2e62-447d-9fde-e66c9d27249b	20250509	1	11002000107	900000000000509007	17951002000111	900000000000549004
e8fa2567-5ce9-407f-a2e5-b468e4ec7883	20250509	1	11002000107	900000000000509007	35391002000117	900000000000548007
e8fc95d5-590d-4da6-bbb2-78369a56a9b7	20250509	1	11002000107	900000000000509007	5191002000112	900000000000548007
e8fddc73-e616-447f-ae33-be1a6c5bb9b1	20250509	1	11002000107	900000000000509007	27991002000112	900000000000548007
e90da03c-ec27-4e8d-843f-7c17efe48f25	20250509	1	11002000107	900000000000509007	20861002000111	900000000000548007
e91260fe-2b21-4abc-8322-ead9711a7c65	20250509	1	11002000107	900000000000509007	44291002000112	900000000000549004
e91cd750-e692-4e53-8a0e-bfe186224b6e	20250509	1	11002000107	900000000000509007	36101002000116	900000000000549004
e92796e1-939d-485f-9294-fc471174176c	20250509	1	11002000107	900000000000509007	48761002000119	900000000000549004
e92c7d6d-8ac8-46dd-ad70-b9387ecd7bc4	20250509	1	11002000107	900000000000509007	19561002000113	900000000000548007
e92cb82f-62a8-493f-bdde-a5ea6a46ce72	20250509	1	11002000107	900000000000509007	27641002000112	900000000000548007
e95b7a94-addb-46bc-99a8-669d932c8d71	20250509	1	11002000107	900000000000509007	47781002000114	900000000000548007
e95c0b23-f474-4dd2-b3ae-d19a763b8ef9	20250509	1	11002000107	900000000000509007	39881002000110	900000000000549004
e966fbd3-f968-4223-925c-e5fa806d81c6	20250509	1	11002000107	900000000000509007	1551002000114	900000000000548007
e9705813-85eb-4aba-8a23-7ce55c814fc3	20250509	1	11002000107	900000000000509007	24851002000119	900000000000548007
e9726b2c-ae67-466e-ae86-c559f9f70c99	20250509	1	11002000107	900000000000509007	35901002000114	900000000000548007
e97b8a10-bfd2-487e-8936-005c6bb94521	20250509	1	11002000107	900000000000509007	41531002000114	900000000000549004
e981d749-8b8d-4ba7-8ead-c86c434448e4	20250509	1	11002000107	900000000000509007	42851002000110	900000000000549004
e9a20b98-65ba-49d2-a5c1-eeeeeab32468	20250509	1	11002000107	900000000000509007	91002000115	900000000000548007
e9a2e737-45ac-4684-949f-672d3b59c7e0	20250509	1	11002000107	900000000000509007	18211002000115	900000000000548007
e9a8a87c-3abe-4d87-80fc-2349cebd7c45	20250509	1	11002000107	900000000000509007	18861002000118	900000000000548007
e9b3497a-bb9f-43b3-a959-f0f84d92d316	20250509	1	11002000107	900000000000509007	43241002000119	900000000000549004
e9b70f23-539c-4dec-8f67-638c3aae1c21	20250509	1	11002000107	900000000000509007	41581002000110	900000000000548007
e9baacd1-57ad-4584-960d-61e06ac75316	20250509	1	11002000107	900000000000509007	36011002000117	900000000000549004
e9c82e4a-0f2d-48bc-a7b4-91bbbf8e2709	20250509	1	11002000107	900000000000509007	38061002000118	900000000000548007
e9ca3e57-2686-4cb6-8889-3f15440e831c	20250509	1	11002000107	900000000000509007	11911002000115	900000000000548007
e9cdf257-67a0-4e75-8704-b849e1221dd2	20250509	1	11002000107	900000000000509007	39181002000115	900000000000548007
e9dbe52a-e064-4c6b-a227-bd0e6074b580	20250509	1	11002000107	900000000000509007	12221002000112	900000000000549004
e9f5df4c-de4e-401b-b0ac-6dfa0e9ab20b	20250509	1	11002000107	900000000000509007	39511002000119	900000000000548007
ea07f8c3-bc51-45e2-81c1-996f568b54dc	20250509	1	11002000107	900000000000509007	35921002000118	900000000000549004
ea09e7d1-bde6-418b-9903-a536f5ecf1c7	20250509	1	11002000107	900000000000509007	27611002000113	900000000000548007
ea183442-c633-47f0-a0a0-2af4e6fac1f6	20250509	1	11002000107	900000000000509007	8391002000116	900000000000548007
ea18f402-42e2-4c83-9775-489a4fcea2ad	20250509	1	11002000107	900000000000509007	34691002000110	900000000000549004
ea2a310a-abf5-4a33-a422-1e3279f10f1a	20250509	1	11002000107	900000000000509007	41991002000117	900000000000548007
ea2d887f-fe07-41d9-a3f9-d15336cc7c8a	20250509	1	11002000107	900000000000509007	19941002000115	900000000000548007
ea32db43-fefe-4713-a5ec-c774e32eeb2c	20250509	1	11002000107	900000000000509007	10031002000118	900000000000549004
ea3d43cc-d7e8-46f5-8bf6-ec8765033e33	20250509	1	11002000107	900000000000509007	681002000115	900000000000548007
ea427778-1e1a-4167-8ef8-158a617f532b	20250509	1	11002000107	900000000000509007	1021002000112	900000000000548007
ea495d0d-63a3-4d9a-bc6d-c1e7d7bb3734	20250509	1	11002000107	900000000000509007	42361002000117	900000000000548007
ea4d8b58-9ed0-479c-8556-59ad13a40cd6	20250509	1	11002000107	900000000000509007	32961002000119	900000000000548007
ea5321a7-28ad-4c80-bf4f-ec6cc6241985	20250509	1	11002000107	900000000000509007	43651002000119	900000000000548007
ea57c214-821c-4b71-9c74-4fb12d8e9193	20250509	1	11002000107	900000000000509007	47311002000117	900000000000548007
ea6a6c46-62e3-4be4-872b-41449f0edd2e	20250509	1	11002000107	900000000000509007	44861002000119	900000000000549004
ea9bf8c2-2967-428b-9cd6-4727ea5da7e0	20250509	1	11002000107	900000000000509007	44731002000115	900000000000548007
ead0ef2e-6358-45ff-955e-b3a44fe7b973	20250509	1	11002000107	900000000000509007	19761002000119	900000000000548007
eafdc708-66b2-4d71-b192-0de93db32079	20250509	1	11002000107	900000000000509007	30441002000112	900000000000548007
eb045e9e-55c5-4175-8374-d0369a2c84b0	20250509	1	11002000107	900000000000509007	48811002000112	900000000000548007
eb074ef8-c84a-4c62-abbb-c7e27bb505f1	20250509	1	11002000107	900000000000509007	31701002000113	900000000000548007
eb16a02a-1d97-4a6b-a36f-0cd1f73e6499	20250509	1	11002000107	900000000000509007	32631002000117	900000000000548007
eb242130-c018-4486-96f6-c300b2f38549	20250509	1	11002000107	900000000000509007	22191002000112	900000000000548007
eb3c0556-8a08-4a4c-b212-7e2799c445fb	20250509	1	11002000107	900000000000509007	28581002000115	900000000000548007
eb5586d0-ccc2-44a0-9f34-b83611e6e1cb	20250509	1	11002000107	900000000000509007	38121002000111	900000000000548007
eb561a22-7a0d-4730-9356-4e3576414080	20250509	1	11002000107	900000000000509007	15691002000118	900000000000548007
eb705c6b-287a-4268-878c-40fc002f78ad	20250509	1	11002000107	900000000000509007	5921002000113	900000000000548007
eb724d01-0b4f-427d-9683-731369e7bf16	20250509	1	11002000107	900000000000509007	31671002000112	900000000000548007
eb7bcb35-624d-47d5-9195-e6088d7160cb	20250509	1	11002000107	900000000000509007	13081002000110	900000000000548007
eb7d9f5f-60c6-447e-9a4d-9afb6044c0d0	20250509	1	11002000107	900000000000509007	36541002000111	900000000000548007
eb8ac0ef-361d-4869-addb-493571a99f63	20250509	1	11002000107	900000000000509007	8641002000115	900000000000549004
eb9e73e2-02a6-4db4-a913-4b4c1f079963	20250509	1	11002000107	900000000000509007	7651002000119	900000000000548007
eba630e3-6c31-498b-953e-98f635c5a410	20250509	1	11002000107	900000000000509007	23191002000117	900000000000548007
ebb0954b-4064-44d4-93e7-48ec94c53b2a	20250509	1	11002000107	900000000000509007	26671002000115	900000000000548007
ebbb632a-be63-477d-b67c-51510585e1e4	20250509	1	11002000107	900000000000509007	20321002000113	900000000000548007
ebc3dd02-d8f3-434a-a69a-104e365a66c5	20250509	1	11002000107	900000000000509007	2791002000115	900000000000548007
ebc6e8ee-5219-4e8a-a721-f31e0bf014a3	20250509	1	11002000107	900000000000509007	11961002000117	900000000000548007
ebd4bcb5-f177-4d81-9fb7-4e193d18cc75	20250509	1	11002000107	900000000000509007	7351002000114	900000000000548007
ebda74de-1147-4efa-afe4-c982b3148374	20250509	1	11002000107	900000000000509007	14371002000112	900000000000548007
ebe284e9-05f3-4bcd-ad56-4c9316d7a650	20250509	1	11002000107	900000000000509007	29561002000118	900000000000548007
ec0eabdf-7bff-4d69-a922-83e062d888a3	20250509	1	11002000107	900000000000509007	8691002000110	900000000000548007
ec11cb93-511b-43f1-85ea-50e7e6a2a099	20250509	1	11002000107	900000000000509007	1981002000110	900000000000548007
ec1d7d8a-723e-47bc-aa10-5391e912783c	20250509	1	11002000107	900000000000509007	14561002000112	900000000000548007
ec26b70c-52b1-4561-8e09-6ea870fbf829	20250509	1	11002000107	900000000000509007	14821002000117	900000000000548007
ec28c586-7aea-4b8c-b760-b851a640b995	20250509	1	11002000107	900000000000509007	37051002000119	900000000000548007
ec378b27-b52c-4655-a9fa-1e44ade4b123	20250509	1	11002000107	900000000000509007	14831002000119	900000000000548007
ec3ead72-669c-4340-a0f0-37b5f7849ad7	20250509	1	11002000107	900000000000509007	39891002000113	900000000000548007
ec5a0514-5e58-4ff3-8b40-8e644252e284	20250509	1	11002000107	900000000000509007	28711002000115	900000000000549004
ec622bba-569e-418a-a439-68cb5d3bd2d3	20250509	1	11002000107	900000000000509007	13281002000117	900000000000548007
ec8b06a2-49cf-49da-8378-dae2dc322990	20250509	1	11002000107	900000000000509007	25481002000112	900000000000548007
ec910341-4735-4dcb-b7d9-6d4332ea271c	20250509	1	11002000107	900000000000509007	17871002000112	900000000000548007
ecaed2a6-a7ef-4fb8-8157-71c4fcaf166f	20250509	1	11002000107	900000000000509007	24841002000116	900000000000548007
ecb60747-0ba4-4a3f-9c27-c8270a39eb4a	20250509	1	11002000107	900000000000509007	46691002000116	900000000000549004
ecbd09da-1dfb-4548-aed0-f70c84d5cd7a	20250509	1	11002000107	900000000000509007	39291002000112	900000000000548007
ecbd23c9-6ba4-495d-ba6b-a6a40e6f7d6c	20250509	1	11002000107	900000000000509007	48981002000112	900000000000548007
ecce5490-a5b0-438d-9416-83be0145a872	20250509	1	11002000107	900000000000509007	47651002000111	900000000000549004
ecd233e6-c5da-44c5-a467-7ef8d2779d19	20250509	1	11002000107	900000000000509007	5431002000117	900000000000548007
ecdb6065-83a5-4d3a-9b56-f633de8a1ccb	20250509	1	11002000107	900000000000509007	1061002000115	900000000000549004
ece1aab4-b538-4701-8fe8-50186383ddde	20250509	1	11002000107	900000000000509007	10721002000119	900000000000548007
ece48678-028e-4002-9471-e68bce72d11b	20250509	1	11002000107	900000000000509007	10921002000117	900000000000548007
ece7225e-66fa-4bd5-80b3-d89d150d32a9	20250509	1	11002000107	900000000000509007	2071002000118	900000000000548007
ece86397-678c-4a40-9730-1b2246dba691	20250509	1	11002000107	900000000000509007	29071002000116	900000000000548007
ecfa185c-5619-4f59-9b6d-08b3a7f0c938	20250509	1	11002000107	900000000000509007	44491002000111	900000000000548007
ecfc25e7-cc25-49a4-bfc9-bc3c4fd513d2	20250509	1	11002000107	900000000000509007	35211002000118	900000000000548007
ed06b9a3-ac8a-4475-aa37-fb6334c36314	20250509	1	11002000107	900000000000509007	41191002000115	900000000000548007
ed09c4e5-9c04-440a-91ca-f1108c3ab877	20250509	1	11002000107	900000000000509007	42981002000114	900000000000548007
ed0d8407-04aa-4e8e-a11c-72e7b18fbfb2	20250509	1	11002000107	900000000000509007	21611002000119	900000000000549004
ed234da0-c892-465b-84aa-c854e1d13c49	20250509	1	11002000107	900000000000509007	22221002000119	900000000000548007
ed264ac7-d051-4dc7-a5ef-909786e58beb	20250509	1	11002000107	900000000000509007	41761002000113	900000000000548007
ed26d82e-6046-416c-b8ad-3da817c7a056	20250509	1	11002000107	900000000000509007	34081002000117	900000000000548007
ed2f4c0e-2ef4-4559-acf2-c2ce1c56a06e	20250509	1	11002000107	900000000000509007	41471002000113	900000000000549004
ed6d27ab-8544-49b6-bedc-a189edfa0e25	20250509	1	11002000107	900000000000509007	6061002000112	900000000000548007
ed71e71a-4add-4430-b990-00224c181d0d	20250509	1	11002000107	900000000000509007	30941002000119	900000000000548007
ed809a6d-351f-44d7-b713-21830bc7179d	20250509	1	11002000107	900000000000509007	31081002000115	900000000000548007
ed9e7495-a46e-4be3-a09c-7ac8732b4b55	20250509	1	11002000107	900000000000509007	36221002000116	900000000000549004
eddadfb5-5203-4189-b195-9184a8c14930	20250509	1	11002000107	900000000000509007	1261002000114	900000000000548007
edf7440b-a3bf-4750-9ab0-7fbdd83115cd	20250509	1	11002000107	900000000000509007	39491002000111	900000000000549004
ee0d3a9d-d431-4a59-bd8d-605e20c4bdd6	20250509	1	11002000107	900000000000509007	3131002000112	900000000000548007
ee2636de-9323-4194-9dfd-b8a3f2bd67f7	20250509	1	11002000107	900000000000509007	32391002000112	900000000000548007
ee33a2a7-0a5a-472f-aec8-d93891c45f09	20250509	1	11002000107	900000000000509007	48351002000117	900000000000548007
ee36b980-439a-4c10-9066-1c5a9d8ef510	20250509	1	11002000107	900000000000509007	40471002000117	900000000000548007
ee5888f9-7019-49d6-bff1-43d8155dae58	20250509	1	11002000107	900000000000509007	14681002000117	900000000000548007
ee5e6335-b515-4397-aee6-19a4b83193ef	20250509	1	11002000107	900000000000509007	7721002000115	900000000000549004
ee687587-224c-47e5-aa05-658c8a628cd8	20250509	1	11002000107	900000000000509007	35561002000118	900000000000549004
ee6a9b83-26f0-4fc7-b0d1-de6d34b727db	20250509	1	11002000107	900000000000509007	8861002000115	900000000000548007
ee76e546-d77c-464f-a72c-3223cfc2ce13	20250509	1	11002000107	900000000000509007	8001002000112	900000000000548007
ee76fd36-8418-42a9-8033-c372b8fef6ee	20250509	1	11002000107	900000000000509007	29601002000118	900000000000548007
ee7a3863-4ca4-45b3-a644-43faf26d998e	20250509	1	11002000107	900000000000509007	30361002000119	900000000000548007
ee9b3545-3acd-4359-b0c9-fbf4597a7dda	20250509	1	11002000107	900000000000509007	761002000116	900000000000549004
eea30252-8e6d-4e6b-b096-a210af89857e	20250509	1	11002000107	900000000000509007	20951002000119	900000000000548007
eea82743-0c49-4f2a-b49b-04137b8e7730	20250509	1	11002000107	900000000000509007	5011002000115	900000000000548007
eed1f6fc-2d42-4809-8035-5ee801824a80	20250509	1	11002000107	900000000000509007	14331002000114	900000000000549004
eede56c4-1017-4a5f-929c-de956778e631	20250509	1	11002000107	900000000000509007	28371002000111	900000000000548007
eeebdabc-1eb8-44a2-89d0-d953eef2891e	20250509	1	11002000107	900000000000509007	16751002000111	900000000000548007
eeef04b7-639d-4e03-81ec-16707fcf27a8	20250509	1	11002000107	900000000000509007	25211002000115	900000000000548007
eef5fd0b-46bd-4d16-b745-63e245f8242d	20250509	1	11002000107	900000000000509007	8411002000116	900000000000549004
eefc401d-c631-4cbd-bd2f-a5439cbce602	20250509	1	11002000107	900000000000509007	25581002000111	900000000000549004
eefec4fa-954e-42c4-8e69-3558bfc683f6	20250509	1	11002000107	900000000000509007	27321002000114	900000000000548007
ef07da29-31de-410d-b8c0-46afa916f1d0	20250509	1	11002000107	900000000000509007	31151002000113	900000000000548007
ef120989-e35b-4465-8e27-48b5b22781c1	20250509	1	11002000107	900000000000509007	27551002000113	900000000000548007
ef16920e-64d1-4505-a419-d2a0e97bb4d4	20250509	1	11002000107	900000000000509007	4321002000113	900000000000548007
ef20b164-b1ce-4c2b-bb35-19bc3dada38b	20250509	1	11002000107	900000000000509007	13271002000115	900000000000549004
ef23ddd3-b4a3-440a-99f8-cb53bc58acc1	20250509	1	11002000107	900000000000509007	22251002000114	900000000000548007
ef5ff925-a98f-4dce-a9ea-e18877f73ec2	20250509	1	11002000107	900000000000509007	2961002000112	900000000000548007
ef66ee58-f3b2-4118-a25c-5eb130aae22f	20250509	1	11002000107	900000000000509007	46261002000112	900000000000548007
ef7a4be7-321c-4ab0-84ad-4fbff7c8c3eb	20250509	1	11002000107	900000000000509007	21571002000110	900000000000548007
ef7ac606-88c3-46c5-91e8-80ec7de8be9a	20250509	1	11002000107	900000000000509007	31481002000112	900000000000548007
ef86ce50-4b3c-4b3e-b079-0ff21ded87d7	20250509	1	11002000107	900000000000509007	20201002000111	900000000000549004
ef888560-b4c5-4bb8-91c8-5406d711214e	20250509	1	11002000107	900000000000509007	4401002000112	900000000000549004
ef8c2e4b-1159-433b-b8f7-8c8ab9362921	20250509	1	11002000107	900000000000509007	20351002000118	900000000000548007
ef93ec73-0456-48b7-adf2-8790b6da4843	20250509	1	11002000107	900000000000509007	12211002000118	900000000000548007
efa37cf1-dca1-40ef-8e89-bc693e34c3e4	20250509	1	11002000107	900000000000509007	42891002000118	900000000000548007
efc204ee-181e-4348-9d49-f383e590aa87	20250509	1	11002000107	900000000000509007	14211002000112	900000000000549004
efcca0a5-9a6e-484f-979c-544dd471dc52	20250509	1	11002000107	900000000000509007	14401002000110	900000000000548007
efe45542-b983-4584-9aa4-8544b4ffdd76	20250509	1	11002000107	900000000000509007	12531002000113	900000000000548007
eff05a1e-f6e7-443f-9463-37cc12cc0e14	20250509	1	11002000107	900000000000509007	25191002000116	900000000000549004
f005cd3e-921f-4e2b-ae6e-fb48bfba46f5	20250509	1	11002000107	900000000000509007	36621002000119	900000000000548007
f008383b-341f-4c67-911f-df8b259f7b9e	20250509	1	11002000107	900000000000509007	46961002000117	900000000000549004
f013d21b-515c-4327-aea1-8e86153be918	20250509	1	11002000107	900000000000509007	40901002000115	900000000000549004
f0147247-9a03-4fb7-b7a5-52df286a1e29	20250509	1	11002000107	900000000000509007	8811002000118	900000000000549004
f01a1681-604c-4583-a0ec-3dc188565962	20250509	1	11002000107	900000000000509007	9461002000114	900000000000548007
f0276a6d-d303-49c3-8468-e8a04ca81e8c	20250509	1	11002000107	900000000000509007	31231002000112	900000000000548007
f0393401-2e30-4af8-86b7-5d88d8fd55f8	20250509	1	11002000107	900000000000509007	29651002000119	900000000000548007
f04ff471-628c-4573-812a-7caa933df2d9	20250509	1	11002000107	900000000000509007	47981002000111	900000000000549004
f0516e06-cbb9-4bae-9430-306196e8cb5f	20250509	1	11002000107	900000000000509007	20221002000115	900000000000548007
f051c662-1cf5-485f-a19e-cecdbcb47099	20250509	1	11002000107	900000000000509007	36851002000110	900000000000548007
f059ecc9-422b-409b-9ac9-9f1e5c50b11a	20250509	1	11002000107	900000000000509007	34931002000119	900000000000549004
f05cc04c-7645-4dfd-816e-e6fde0c3c0ab	20250509	1	11002000107	900000000000509007	46651002000113	900000000000548007
f05d8399-6903-42b3-bb23-3306768c0b35	20250509	1	11002000107	900000000000509007	28571002000118	900000000000548007
f066675e-635d-487a-80e3-b7a0746edef7	20250509	1	11002000107	900000000000509007	1291002000115	900000000000548007
f0795e7e-21c7-4b33-9b69-eabb3d957769	20250509	1	11002000107	900000000000509007	43051002000112	900000000000548007
f0837300-b099-4aa7-8aff-531933bc7922	20250509	1	11002000107	900000000000509007	40971002000112	900000000000548007
f0848a2f-1c62-4ae1-954a-9b21c3deb440	20250509	1	11002000107	900000000000509007	13681002000115	900000000000548007
f08932fc-ffcf-4601-86f0-25a10b28c4e1	20250509	1	11002000107	900000000000509007	17701002000114	900000000000548007
f08fc8a7-4c40-4176-b33c-2f6eda51d8de	20250509	1	11002000107	900000000000509007	45731002000116	900000000000549004
f0b68fd4-9a23-4e17-9329-c60ccd3b20a2	20250509	1	11002000107	900000000000509007	15951002000116	900000000000548007
f0b8dfbe-2989-4700-b34e-03051a0bbf85	20250509	1	11002000107	900000000000509007	48151002000115	900000000000548007
f0cbb835-4f23-4dd7-9dbb-85fd081a59cf	20250509	1	11002000107	900000000000509007	38471002000115	900000000000549004
f0df37fa-265a-4c4b-a89d-a7ab44fe9093	20250509	1	11002000107	900000000000509007	20481002000117	900000000000548007
f0dfcac3-58b2-4b7c-8ef4-d9a03bfcd262	20250509	1	11002000107	900000000000509007	25461002000116	900000000000549004
f0f23642-9657-45d4-bdd6-d728f7faf1b4	20250509	1	11002000107	900000000000509007	31001002000110	900000000000548007
f0f99445-97f9-4113-b01b-67511cfab221	20250509	1	11002000107	900000000000509007	34241002000118	900000000000548007
f0fa7d71-9dcf-4061-9e71-9b95072447dc	20250509	1	11002000107	900000000000509007	11371002000114	900000000000548007
f12268e2-403a-44a5-b4b4-b1eee884e6ea	20250509	1	11002000107	900000000000509007	44771002000117	900000000000549004
f127fa6f-fc38-4a5a-85b6-a3ac6a980a6e	20250509	1	11002000107	900000000000509007	15881002000117	900000000000548007
f12a143a-5cca-4d7d-afae-f6c180153dd9	20250509	1	11002000107	900000000000509007	29261002000115	900000000000548007
f13dc0ef-e3fc-4bcd-8d28-261129585474	20250509	1	11002000107	900000000000509007	36241002000114	900000000000548007
f150d9f2-be3f-4eef-9474-45bcfec58b81	20250509	1	11002000107	900000000000509007	8611002000119	900000000000549004
f15c0ced-1983-4ba7-84b8-dac1c07111cd	20250509	1	11002000107	900000000000509007	34721002000119	900000000000549004
f16ad025-d4e8-4ed7-a24a-465e35810e34	20250509	1	11002000107	900000000000509007	29041002000110	900000000000548007
f17ca9f0-438e-4e1c-836d-3fa8005eebea	20250509	1	11002000107	900000000000509007	3281002000119	900000000000549004
f181082b-3447-482e-81d4-e111d29ec179	20250509	1	11002000107	900000000000509007	2981002000116	900000000000548007
f185cdb3-29ba-40c7-b150-b867543379a6	20250509	1	11002000107	900000000000509007	39371002000116	900000000000549004
f18c6a40-ca38-4d2d-a391-536792121d2e	20250509	1	11002000107	900000000000509007	45991002000115	900000000000548007
f18d5cbd-f4e6-474a-9890-263993f5210b	20250509	1	11002000107	900000000000509007	43581002000114	900000000000548007
f1a6149c-1053-4fcf-9b05-627ea6ee0503	20250509	1	11002000107	900000000000509007	8631002000111	900000000000548007
f1aa1f87-5626-41f1-87b2-2a5a6847144f	20250509	1	11002000107	900000000000509007	9001002000115	900000000000548007
f1cb8a79-d6ee-4185-91a6-51c7ae9e9580	20250509	1	11002000107	900000000000509007	38561002000114	900000000000549004
f1d85a17-c77f-4d44-8f21-8b192f24f3b4	20250509	1	11002000107	900000000000509007	28681002000116	900000000000549004
f1da8e5b-16c9-4d6f-b0e1-70a5a9f276b7	20250509	1	11002000107	900000000000509007	48501002000112	900000000000548007
f1e969f8-647e-4819-9279-273209e600f7	20250509	1	11002000107	900000000000509007	48311002000118	900000000000549004
f1ef5af3-52cc-4930-b05d-1740f9336460	20250509	1	11002000107	900000000000509007	30801002000113	900000000000548007
f1f31d34-4e6d-4865-84c0-5057116e1d45	20250509	1	11002000107	900000000000509007	19231002000116	900000000000548007
f1f9a0be-8d6b-417c-92ee-8d05f9a88108	20250509	1	11002000107	900000000000509007	24681002000114	900000000000549004
f2028583-f14f-421e-bb47-06ee166b78c9	20250509	1	11002000107	900000000000509007	30491002000117	900000000000548007
f20eed46-9d61-4ac3-9990-c9fd6182d155	20250509	1	11002000107	900000000000509007	17811002000117	900000000000548007
f2135e8f-0c27-4098-8b00-ac705476632c	20250509	1	11002000107	900000000000509007	16531002000114	900000000000549004
f21f6129-5702-47e0-b2eb-70e19e08af5e	20250509	1	11002000107	900000000000509007	18101002000114	900000000000549004
f2390e27-7382-442f-8fa0-94b23c6060cd	20250509	1	11002000107	900000000000509007	38931002000112	900000000000548007
f24e0548-b9a0-488a-b362-46c0b62d59eb	20250509	1	11002000107	900000000000509007	30961002000115	900000000000548007
f258773b-e516-42f6-84c6-c654d0432c90	20250509	1	11002000107	900000000000509007	46121002000111	900000000000549004
f261d101-a00a-48d5-9737-f94910ef0410	20250509	1	11002000107	900000000000509007	44791002000116	900000000000548007
f26600b5-70ea-4483-9e92-77b5202dd072	20250509	1	11002000107	900000000000509007	35911002000112	900000000000548007
f26b7690-abf2-4bdc-967b-429f91af5013	20250509	1	11002000107	900000000000509007	34791002000117	900000000000548007
f27557ec-5533-4e64-8399-99c21508ceba	20250509	1	11002000107	900000000000509007	23631002000110	900000000000548007
f283c2a3-b253-4478-b392-5c777296aaaf	20250509	1	11002000107	900000000000509007	18041002000112	900000000000549004
f2948b47-f1bd-4361-b1a7-60ec90d76ed9	20250509	1	11002000107	900000000000509007	3071002000114	900000000000548007
f2a4dfaa-48ca-40fb-a470-d7c63fac3da8	20250509	1	11002000107	900000000000509007	44431002000112	900000000000548007
f2b5c17e-8e56-4e7b-8911-064599703449	20250509	1	11002000107	900000000000509007	30741002000117	900000000000548007
f2b68351-a261-4196-8a3b-5261701bb9d6	20250509	1	11002000107	900000000000509007	16031002000115	900000000000549004
f2d8146a-2126-4de5-bfce-34004af00654	20250509	1	11002000107	900000000000509007	45901002000113	900000000000548007
f2e0a67a-452c-498f-9bfd-e626367cadec	20250509	1	11002000107	900000000000509007	14901002000116	900000000000548007
f2e6d0a4-bb95-4b23-a862-627fb1b47d74	20250509	1	11002000107	900000000000509007	10361002000110	900000000000548007
f2e9ed2d-083b-4b0a-8fe4-55b22c41800b	20250509	1	11002000107	900000000000509007	19701002000115	900000000000548007
f31affcd-1be5-4c0d-8430-9eb6e853b99d	20250509	1	11002000107	900000000000509007	14871002000116	900000000000548007
f3310514-8d67-4ad8-b600-09de63a1d7e9	20250509	1	11002000107	900000000000509007	37791002000113	900000000000548007
f34bc2d0-b16f-4dc9-ab48-ad32ac67ed46	20250509	1	11002000107	900000000000509007	45341002000111	900000000000549004
f36d2fcf-f005-4f1d-8bb0-de558a330adf	20250509	1	11002000107	900000000000509007	26341002000118	900000000000548007
f372a62c-23a3-4888-8053-cff4563acbb4	20250509	1	11002000107	900000000000509007	15801002000112	900000000000548007
f39016b5-2f0d-4a90-918d-e05324544a47	20250509	1	11002000107	900000000000509007	46821002000119	900000000000548007
f3a1de69-06f7-4072-b2ae-9aaa3c777cc1	20250509	1	11002000107	900000000000509007	37041002000116	900000000000548007
f3a3cbbb-77bb-4c97-b995-ada7e9accd0a	20250509	1	11002000107	900000000000509007	13241002000114	900000000000549004
f3b6e7e6-d3da-4604-b2a7-702e27a5d57f	20250509	1	11002000107	900000000000509007	2491002000110	900000000000549004
f3ca93c0-0fb0-444b-9ef5-c6a92634dd35	20250509	1	11002000107	900000000000509007	45031002000118	900000000000548007
f3cbec02-08c0-477a-a6f0-f674eec0d9aa	20250509	1	11002000107	900000000000509007	4941002000116	900000000000549004
f3ce7473-28c4-48f6-9f09-c50eae1607dc	20250509	1	11002000107	900000000000509007	23841002000118	900000000000549004
f3d2fd37-f54a-4828-b286-8ed559b48f6c	20250509	1	11002000107	900000000000509007	18031002000116	900000000000548007
f3d38bfd-f13d-490a-89f1-8e424242a24e	20250509	1	11002000107	900000000000509007	29151002000111	900000000000548007
f3eb7df8-18be-41d1-b44b-07f265ff0b12	20250509	1	11002000107	900000000000509007	35451002000116	900000000000548007
f3f2914d-21a4-4b59-987c-07f2150dd50a	20250509	1	11002000107	900000000000509007	3961002000115	900000000000548007
f407c344-2f93-4418-8bc4-fbd2edf7ce9d	20250509	1	11002000107	900000000000509007	30501002000111	900000000000548007
f40976ce-2bd6-470e-bdba-96254dcd9aec	20250509	1	11002000107	900000000000509007	37801002000114	900000000000548007
f40a1f80-879e-4f5f-98e2-9878be914575	20250509	1	11002000107	900000000000509007	16231002000111	900000000000549004
f4168f5b-9cbc-46c4-838c-80452589989c	20250509	1	11002000107	900000000000509007	46071002000111	900000000000548007
f41dbc0b-b3ed-4743-bb3c-d9a9efe84ec0	20250509	1	11002000107	900000000000509007	46161002000119	900000000000548007
f43ea3ec-fb8f-434f-9014-9ac8302ffad1	20250509	1	11002000107	900000000000509007	2341002000114	900000000000548007
f4461f59-4fda-4ed0-a5b3-60ecfe517a40	20250509	1	11002000107	900000000000509007	8131002000117	900000000000548007
f4558e69-ac7d-4d62-a5e2-805ef554bf90	20250509	1	11002000107	900000000000509007	34731002000116	900000000000548007
f45d0e25-7cfc-42ad-9029-15b8b7ed4906	20250509	1	11002000107	900000000000509007	28021002000112	900000000000548007
f462e8af-3608-4445-8816-650a3014fba3	20250509	1	11002000107	900000000000509007	3311002000117	900000000000549004
f476570a-33a1-4c16-8276-67929dbe1c3c	20250509	1	11002000107	900000000000509007	7471002000112	900000000000548007
f4780477-9c3c-4521-adca-02a40e4eac3c	20250509	1	11002000107	900000000000509007	32531002000116	900000000000548007
f47cfeea-a2bc-4757-b48a-fe8701854600	20250509	1	11002000107	900000000000509007	17261002000118	900000000000549004
f489eb94-e0ca-4a64-be22-b4f0a0e32ff3	20250509	1	11002000107	900000000000509007	19641002000110	900000000000548007
f4948405-fd97-4e81-90fc-16b133f3732a	20250509	1	11002000107	900000000000509007	10641002000115	900000000000549004
f49a4db0-7950-43aa-ae8e-afe41d4d52b5	20250509	1	11002000107	900000000000509007	5241002000112	900000000000549004
f4a2bc28-2c99-43d4-9789-bfb55578aa12	20250509	1	11002000107	900000000000509007	27681002000115	900000000000548007
f4a9d402-7361-4526-8ac0-b5c40373c5bd	20250509	1	11002000107	900000000000509007	5711002000117	900000000000548007
f4ae3428-6083-4953-8b5d-5c06d2a8989e	20250509	1	11002000107	900000000000509007	40591002000117	900000000000548007
f4ba9f1d-0ce8-4aa5-8807-87f391f891b8	20250509	1	11002000107	900000000000509007	34371002000117	900000000000549004
f4c84523-6367-4437-abc3-3c6e3a0996ad	20250509	1	11002000107	900000000000509007	451002000112	900000000000548007
f4cc44ec-bd0a-49d9-aa94-50c87b03c5f5	20250509	1	11002000107	900000000000509007	25371002000115	900000000000549004
f4d3b65b-86e4-4d1b-8110-43dedd33622b	20250509	1	11002000107	900000000000509007	41651002000115	900000000000549004
f4d4628c-36cb-477c-a4cf-acca1096d31b	20250509	1	11002000107	900000000000509007	15901002000115	900000000000548007
f4d7c97c-4ac9-4396-8013-2640860bc788	20250509	1	11002000107	900000000000509007	15301002000119	900000000000549004
f4e3f658-3e6d-4492-adc3-80170ea35803	20250509	1	11002000107	900000000000509007	26161002000117	900000000000548007
f4e7b6d0-81bb-4392-94cc-e72cddf16e5e	20250509	1	11002000107	900000000000509007	40091002000114	900000000000549004
f4f8a93a-c187-4045-9cab-f42c0b073314	20250509	1	11002000107	900000000000509007	8261002000119	900000000000549004
f500efce-a1a5-41a1-a8d6-1db7a34a52ab	20250509	1	11002000107	900000000000509007	45081002000117	900000000000548007
f5015377-a53d-4221-9dbe-bf1f06ffe828	20250509	1	11002000107	900000000000509007	42171002000113	900000000000548007
f505eaf2-8671-429f-a96d-b3121c59d52f	20250509	1	11002000107	900000000000509007	12711002000114	900000000000548007
f5069736-a49f-4a04-b8f4-3815219ec630	20250509	1	11002000107	900000000000509007	1811002000110	900000000000549004
f5297ec1-d557-44bd-a889-863b214115af	20250509	1	11002000107	900000000000509007	14381002000110	900000000000548007
f53569db-0583-485c-8f34-6d9d35c69d31	20250509	1	11002000107	900000000000509007	34111002000114	900000000000548007
f53c79e4-ef0f-4d35-9d8e-63022583cc9d	20250509	1	11002000107	900000000000509007	38101002000115	900000000000548007
f548dbc7-8a8f-4382-8c01-828d57695ab9	20250509	1	11002000107	900000000000509007	3081002000112	900000000000548007
f54ea359-3e92-42b2-9c5f-6fdbcf0547bc	20250509	1	11002000107	900000000000509007	36351002000119	900000000000548007
f5546d8d-7fd8-4f32-a63c-fdfdc947b07f	20250509	1	11002000107	900000000000509007	6971002000115	900000000000548007
f556d865-bc19-42fd-8f37-f4caa9934434	20250509	1	11002000107	900000000000509007	21051002000111	900000000000548007
f577703c-b22e-4e0c-a12d-d6a9cbc6f34f	20250509	1	11002000107	900000000000509007	36321002000114	900000000000548007
f5b59c6c-2b37-4cc0-9961-7b60046181d3	20250509	1	11002000107	900000000000509007	2101002000114	900000000000548007
f5c5c240-1bb3-4120-b334-11712c70c24c	20250509	1	11002000107	900000000000509007	3411002000113	900000000000548007
f5cb4f99-39f6-49f9-8d7c-70f9bed7229f	20250509	1	11002000107	900000000000509007	46421002000116	900000000000549004
f5cd5540-ffb3-47a6-9499-a46284921819	20250509	1	11002000107	900000000000509007	17131002000116	900000000000548007
f5e6c3f5-1e62-46ac-9d87-9fe5562e27cb	20250509	1	11002000107	900000000000509007	43951002000113	900000000000548007
f5eac3b0-0755-4cc6-ba24-47d0efbbe272	20250509	1	11002000107	900000000000509007	1601002000111	900000000000549004
f5fc2e38-8e39-4a21-88be-ba14daef61a6	20250509	1	11002000107	900000000000509007	42801002000111	900000000000548007
f6049976-c479-47ab-8355-9b36f21290f2	20250509	1	11002000107	900000000000509007	1761002000117	900000000000548007
f606c2d8-c5c8-482c-a6ac-f3231bde454d	20250509	1	11002000107	900000000000509007	34581002000113	900000000000548007
f620bd1e-94d2-462f-81b5-afe7d3e6d670	20250509	1	11002000107	900000000000509007	2261002000117	900000000000549004
f6282c26-20d3-441d-a2cd-ea634758276c	20250509	1	11002000107	900000000000509007	1511002000113	900000000000549004
f64fae9a-8186-473f-ac70-83ca83734655	20250509	1	11002000107	900000000000509007	15491002000116	900000000000548007
f65373a5-fe66-4cd4-95d1-91f8d8829d79	20250509	1	11002000107	900000000000509007	43281002000111	900000000000548007
f65ac1f8-73cb-46d6-b41e-06b22555de03	20250509	1	11002000107	900000000000509007	45941002000110	900000000000549004
f65ef2f6-0743-4a41-9b8e-de68af9892a9	20250509	1	11002000107	900000000000509007	27661002000111	900000000000549004
f67f4a8b-7417-466f-80d9-f040f5a7603b	20250509	1	11002000107	900000000000509007	5791002000113	900000000000548007
f685b4cd-19d6-4847-8268-3510a4aef3f8	20250509	1	11002000107	900000000000509007	29471002000112	900000000000548007
f6bf5057-cf2c-4728-8c4b-ba00a342bc68	20250509	1	11002000107	900000000000509007	16401002000116	900000000000548007
f6c3be61-99bd-4a72-9dd5-da1e05b65af0	20250509	1	11002000107	900000000000509007	49031002000116	900000000000549004
f6c43532-0303-4a5c-b117-8844b89b6f64	20250509	1	11002000107	900000000000509007	9541002000111	900000000000548007
f6ca78ef-78e8-4923-b7d5-1d547fb031fe	20250509	1	11002000107	900000000000509007	14091002000110	900000000000549004
f6da7f01-78fa-4158-93d6-78da574d8daf	20250509	1	11002000107	900000000000509007	36231002000118	900000000000548007
f6e0eebd-365c-4663-a267-2abb8501960e	20250509	1	11002000107	900000000000509007	11971002000110	900000000000548007
f6e1ba77-ab02-46d0-958c-b96df7cc3a29	20250509	1	11002000107	900000000000509007	47941002000119	900000000000548007
f6e1e484-f934-4ad5-bc6c-5df98413b610	20250509	1	11002000107	900000000000509007	34261002000119	900000000000548007
f6f305b0-7fa6-4146-83c7-9624d82d3bc9	20250509	1	11002000107	900000000000509007	45071002000115	900000000000549004
f702c3ae-4dbd-4082-b579-594af2999e51	20250509	1	11002000107	900000000000509007	38051002000115	900000000000549004
f705546e-7836-4c07-9d86-ed3fd8cbcbd5	20250509	1	11002000107	900000000000509007	40531002000116	900000000000548007
f7295dff-1064-4b31-8fd8-33a4ecc9baff	20250509	1	11002000107	900000000000509007	15421002000118	900000000000549004
f74b82d1-07c0-4490-956d-b0f661747463	20250509	1	11002000107	900000000000509007	24641002000117	900000000000548007
f752dce6-7b9e-4a20-83bb-9b77a59fbf7e	20250509	1	11002000107	900000000000509007	19191002000112	900000000000548007
f75cf72a-3b7e-4789-906b-8a80ff54bd0f	20250509	1	11002000107	900000000000509007	10621002000113	900000000000548007
f783454b-ab66-4f0e-807f-f1c6122ca9a3	20250509	1	11002000107	900000000000509007	2361002000113	900000000000548007
f78541be-09f6-4974-b20d-5491956d4a0f	20250509	1	11002000107	900000000000509007	29401002000115	900000000000548007
f7858b55-dc31-4e8b-a9df-257080586d18	20250509	1	11002000107	900000000000509007	20641002000111	900000000000548007
f7868f80-b4f2-4bd1-8aca-b761d52b9466	20250509	1	11002000107	900000000000509007	8141002000113	900000000000549004
f79e0350-fdde-48e5-ab16-756e9d8fb8f1	20250509	1	11002000107	900000000000509007	1951002000116	900000000000548007
f7a52622-e24d-401b-b28c-de5deb2fbc81	20250509	1	11002000107	900000000000509007	45971002000116	900000000000549004
f7ab91d7-8571-4c24-bbe8-fc56940c9821	20250509	1	11002000107	900000000000509007	45131002000117	900000000000549004
f7b0d773-bb29-4b62-9bf7-1f343efd1957	20250509	1	11002000107	900000000000509007	30181002000113	900000000000548007
f7bf079e-831a-4833-a601-28aa3973ae58	20250509	1	11002000107	900000000000509007	11471002000115	900000000000549004
f7d90a7a-2720-489d-8226-2c2649f7935e	20250509	1	11002000107	900000000000509007	32901002000115	900000000000548007
f7de943c-0d27-4a74-82bf-050b11334e5c	20250509	1	11002000107	900000000000509007	28741002000116	900000000000549004
f7dff42f-6bcc-42a9-b775-e22ae06afcdc	20250509	1	11002000107	900000000000509007	29631002000112	900000000000548007
f801262e-971a-446f-ae83-20323f511e22	20250509	1	11002000107	900000000000509007	33721002000116	900000000000548007
f804b3ec-8eb5-4200-a553-8b3c3512052f	20250509	1	11002000107	900000000000509007	4871002000118	900000000000548007
f81232ae-9a91-4097-a133-1b37ba3af344	20250509	1	11002000107	900000000000509007	35191002000119	900000000000548007
f836a4ab-569e-4db9-bc3d-4c684c18351b	20250509	1	11002000107	900000000000509007	23661002000115	900000000000548007
f844febd-72ab-4815-abc9-205e69604e60	20250509	1	11002000107	900000000000509007	18251002000119	900000000000549004
f8595865-ae85-4c47-9d6e-b4e3949e9af7	20250509	1	11002000107	900000000000509007	5161002000118	900000000000548007
f884bce6-6424-4d39-978b-c8c94d0c9832	20250509	1	11002000107	900000000000509007	15351002000115	900000000000548007
f890a9b0-b69c-412a-a2ca-03b2e2b96972	20250509	1	11002000107	900000000000509007	27301002000118	900000000000549004
f895f043-115c-42dd-a5aa-b114a251c199	20250509	1	11002000107	900000000000509007	36381002000113	900000000000548007
f89fe6b9-ec73-49a3-93f2-41a497a63c12	20250509	1	11002000107	900000000000509007	46411002000110	900000000000548007
f8aa4b0e-7856-4504-bd6e-5f734da46abb	20250509	1	11002000107	900000000000509007	4761002000115	900000000000549004
f8b3a947-ebfd-43cc-a025-66ef5c1bec9e	20250509	1	11002000107	900000000000509007	20001002000119	900000000000548007
f8b6e9b3-4880-4a84-9a09-fc73e0715fbe	20250509	1	11002000107	900000000000509007	33841002000116	900000000000548007
f8b97d55-114f-4161-ae64-b5f6e4928997	20250509	1	11002000107	900000000000509007	27261002000113	900000000000548007
f8be3df6-1a25-4785-942c-549eb3f25b18	20250509	1	11002000107	900000000000509007	3821002000117	900000000000549004
f8c88837-d03d-4e39-80b5-f7ff62d4c74b	20250509	1	11002000107	900000000000509007	30061002000116	900000000000548007
f8c95c65-b933-411a-a1db-a925448edf13	20250509	1	11002000107	900000000000509007	16121002000117	900000000000549004
f8e31bd0-54c9-411d-8e4b-d4beb49f9de3	20250509	1	11002000107	900000000000509007	45511002000115	900000000000548007
f8e4dd56-8754-4412-9a19-dbd272b58d89	20250509	1	11002000107	900000000000509007	30921002000112	900000000000548007
f8e727e4-4f13-40d9-a1f8-1aa39ab6aa04	20250509	1	11002000107	900000000000509007	8501002000118	900000000000549004
f8eaf4de-0951-4aa7-96c1-72d1b468926f	20250509	1	11002000107	900000000000509007	47631002000118	900000000000548007
f8ec2f19-0f32-4f57-be6a-2586ab5fb9f6	20250509	1	11002000107	900000000000509007	21791002000117	900000000000548007
f8f28fef-4cda-4f20-ac22-ecb8b6d68453	20250509	1	11002000107	900000000000509007	4521002000117	900000000000549004
f8f93129-3566-4ad7-9900-0649e2bc23a8	20250509	1	11002000107	900000000000509007	43411002000117	900000000000548007
f90fdfc2-1d14-4b1c-b2bb-9b674d700b9b	20250509	1	11002000107	900000000000509007	11811002000113	900000000000548007
f9124134-3194-4389-8765-469956d8e1b5	20250509	1	11002000107	900000000000509007	29751002000110	900000000000548007
f930407e-e7ec-4078-919c-65da6ae14867	20250509	1	11002000107	900000000000509007	15741002000116	900000000000548007
f93d09bd-374e-42e2-a5b2-43ac9d9a0508	20250509	1	11002000107	900000000000509007	30291002000116	900000000000548007
f944ec2d-89f9-4e9f-9ed7-a04245ff5698	20250509	1	11002000107	900000000000509007	20821002000119	900000000000548007
f962d30d-ac08-46ad-979c-a18c92faaf39	20250509	1	11002000107	900000000000509007	41361002000112	900000000000548007
f9768aba-db75-480d-b601-539feae33119	20250509	1	11002000107	900000000000509007	38751002000117	900000000000548007
f99f0a4f-81fa-433c-b327-dfe23f064b61	20250509	1	11002000107	900000000000509007	30591002000118	900000000000548007
f9a8f1c9-2181-45f8-8e00-609ac0d10d96	20250509	1	11002000107	900000000000509007	45531002000112	900000000000548007
f9b3844c-4415-4182-b0be-19eb459549e9	20250509	1	11002000107	900000000000509007	43251002000117	900000000000548007
f9b78c0b-e83e-4f4d-a625-ca97d5f184ff	20250509	1	11002000107	900000000000509007	30751002000115	900000000000548007
f9bde02f-b98f-46d7-9913-542bc877fca5	20250509	1	11002000107	900000000000509007	43811002000119	900000000000549004
f9c19ee6-c885-454e-90f6-5673d3071156	20250509	1	11002000107	900000000000509007	19061002000117	900000000000549004
f9c2bc15-c674-42d9-9a86-47a39efea535	20250509	1	11002000107	900000000000509007	15261002000114	900000000000548007
f9cb23a7-9d05-429c-a01d-47052f117d21	20250509	1	11002000107	900000000000509007	25761002000114	900000000000549004
f9fb1c91-2b49-4bb2-87cf-4759214e4476	20250509	1	11002000107	900000000000509007	17721002000118	900000000000548007
f9fb8c79-0cb6-4a57-b308-afc87a0c2b2a	20250509	1	11002000107	900000000000509007	38151002000116	900000000000548007
fa0b1ee6-8d12-4f5e-a4fb-6eb587a03f4b	20250509	1	11002000107	900000000000509007	3771002000111	900000000000548007
fa0c686e-c22f-437e-8a41-0dff3cdfec27	20250509	1	11002000107	900000000000509007	8471002000111	900000000000549004
fa125b9e-9fc8-4cb2-bdb4-732759a786cb	20250509	1	11002000107	900000000000509007	3191002000111	900000000000548007
fa26cfce-9afc-4370-b7d0-2a7cc93db180	20250509	1	11002000107	900000000000509007	21541002000116	900000000000548007
fa3e1129-dc7d-4de8-9a3e-37afba8cee1c	20250509	1	11002000107	900000000000509007	44131002000116	900000000000548007
fa66517b-cd46-4620-9616-b109bedff9bd	20250509	1	11002000107	900000000000509007	29931002000115	900000000000548007
fa6aeaa9-e5ab-4252-b557-7aef6b31fe7b	20250509	1	11002000107	900000000000509007	26891002000115	900000000000549004
fa73fb84-12ee-4ab8-a03a-e70cdb0d87b1	20250509	1	11002000107	900000000000509007	42881002000116	900000000000549004
fa78e579-909f-45ed-b2be-41b9c4efc886	20250509	1	11002000107	900000000000509007	6651002000117	900000000000549004
fa7af47d-6f91-4027-a28a-4e169a0ae0e0	20250509	1	11002000107	900000000000509007	34801002000116	900000000000548007
fa9fd46b-354d-4a14-a690-378c52b66a78	20250509	1	11002000107	900000000000509007	28661002000112	900000000000548007
faa33a4c-a709-4a44-a15c-f8e74a9dca10	20250509	1	11002000107	900000000000509007	3051002000118	900000000000548007
faa4e445-d46d-4b46-8e2a-5933493d8264	20250509	1	11002000107	900000000000509007	5451002000110	900000000000549004
fad9583a-e018-4085-b371-1d2e00d9ee3c	20250509	1	11002000107	900000000000509007	31511002000118	900000000000548007
fada1a1c-d6e3-470b-a777-4507e59ea7fc	20250509	1	11002000107	900000000000509007	29081002000118	900000000000548007
fae2f4d3-572e-47a4-b01a-56fbc712881f	20250509	1	11002000107	900000000000509007	25251002000119	900000000000549004
fae5ed59-bccf-440a-ab15-f6fcffbfac2f	20250509	1	11002000107	900000000000509007	9571002000117	900000000000548007
fae6e522-a112-4cea-86f4-89c0d4b3ed18	20250509	1	11002000107	900000000000509007	13181002000111	900000000000549004
faf76bd9-8900-4cae-964b-597f02b8d9dd	20250509	1	11002000107	900000000000509007	20871002000118	900000000000548007
fb00c9a3-8655-44de-aabc-1be74a50d159	20250509	1	11002000107	900000000000509007	21501002000118	900000000000548007
fb0ef6ef-af00-41cf-ab07-366def9d53e0	20250509	1	11002000107	900000000000509007	47661002000113	900000000000548007
fb13191c-c8fa-4b4c-81d7-e06bc51f67a8	20250509	1	11002000107	900000000000509007	1161002000116	900000000000548007
fb215e40-f853-42de-a223-fb354d078efd	20250509	1	11002000107	900000000000509007	5071002000110	900000000000548007
fb23e37e-f6ae-47dc-ab86-e3a3cba2f621	20250509	1	11002000107	900000000000509007	22241002000112	900000000000548007
fb368105-9416-47c3-8a63-25d2e4bff620	20250509	1	11002000107	900000000000509007	17411002000115	900000000000549004
fb3cb06f-6ec9-4563-ad72-d13480aa611b	20250509	1	11002000107	900000000000509007	861002000112	900000000000548007
fb43c552-20f8-470c-a004-4154fa9fa7d9	20250509	1	11002000107	900000000000509007	36081002000110	900000000000548007
fb448f35-8818-4b33-ad07-b5b031f632fa	20250509	1	11002000107	900000000000509007	18301002000112	900000000000548007
fb450f52-c84d-4207-b60d-d77b4f09cbc8	20250509	1	11002000107	900000000000509007	36271002000115	900000000000548007
fb4ab7c3-c551-4724-81fc-b40f22bbd852	20250509	1	11002000107	900000000000509007	2141002000111	900000000000549004
fb4fb9a7-560c-4853-9c7a-bbf4fdd56d8f	20250509	1	11002000107	900000000000509007	7491002000113	900000000000548007
fb581b74-58ff-437d-ab94-db9647a72b32	20250509	1	11002000107	900000000000509007	39421002000114	900000000000548007
fb951fd5-5089-435c-adf0-7fb9098e9445	20250509	1	11002000107	900000000000509007	6261002000118	900000000000549004
fb991b5f-781f-4f0d-ac6e-0914df89b04a	20250509	1	11002000107	900000000000509007	24311002000114	900000000000548007
fb99b563-267f-4815-8923-cc164117055f	20250509	1	11002000107	900000000000509007	46941002000116	900000000000548007
fba7b259-e8f8-4eed-a7e9-d629871558ba	20250509	1	11002000107	900000000000509007	811002000114	900000000000548007
fbbd43e5-82ba-4cda-92d4-ce654f2f339d	20250509	1	11002000107	900000000000509007	46851002000114	900000000000548007
fbd893d2-6e10-49c5-855d-0e4b3910f579	20250509	1	11002000107	900000000000509007	36841002000113	900000000000548007
fbf4940e-4ae8-4163-aec5-2c9c133f7680	20250509	1	11002000107	900000000000509007	42091002000113	900000000000548007
fbf60292-a5d0-4a55-b14a-922654946b40	20250509	1	11002000107	900000000000509007	21921002000117	900000000000548007
fbf6a5d1-dc72-4167-a704-a8694c0b7a2e	20250509	1	11002000107	900000000000509007	44651002000117	900000000000549004
fbfe9898-fc0f-401f-88af-54c026736d9a	20250509	1	11002000107	900000000000509007	8781002000115	900000000000549004
fbffadb1-3a92-4445-8430-49b6b2b44359	20250509	1	11002000107	900000000000509007	19301002000116	900000000000549004
fbffea18-cab0-427d-9253-d96cb22f3011	20250509	1	11002000107	900000000000509007	32861002000113	900000000000548007
fc037076-c57f-43e6-9f21-a5e1a529cc06	20250509	1	11002000107	900000000000509007	11071002000111	900000000000548007
fc09cf55-af65-4650-af46-8dae7b8e0432	20250509	1	11002000107	900000000000509007	48661002000114	900000000000548007
fc0b4947-a5ff-4e8d-9e70-66165923d428	20250509	1	11002000107	900000000000509007	25691002000113	900000000000548007
fc25c1e4-2f53-4495-97fa-72ac1671069e	20250509	1	11002000107	900000000000509007	17211002000116	900000000000548007
fc26b1d3-2665-4070-8ae9-38490570c28f	20250509	1	11002000107	900000000000509007	12351002000114	900000000000548007
fc2aa653-e1b5-470e-8c9b-2dee5aa3ae46	20250509	1	11002000107	900000000000509007	22351002000117	900000000000548007
fc4ec8dd-b08b-4640-adb9-5f9e354da696	20250509	1	11002000107	900000000000509007	29591002000112	900000000000548007
fc570046-f29a-4e7f-9711-8705dcd4840f	20250509	1	11002000107	900000000000509007	13011002000117	900000000000548007
fc57e035-7d64-4abd-9b86-d2184309202a	20250509	1	11002000107	900000000000509007	34981002000118	900000000000548007
fc704adc-b651-4168-ab70-c675c8cf16ef	20250509	1	11002000107	900000000000509007	37541002000114	900000000000549004
fc750688-f634-4a9c-8699-7259ac7d0c2e	20250509	1	11002000107	900000000000509007	3711002000116	900000000000548007
fc7a468b-4068-4e18-aa8f-e30ea9118cee	20250509	1	11002000107	900000000000509007	40441002000111	900000000000548007
fc8522aa-e01b-4319-a41e-36ea42b0cc78	20250509	1	11002000107	900000000000509007	5021002000114	900000000000548007
fc8f25b3-597b-468f-aae7-bbeb1bb22ba3	20250509	1	11002000107	900000000000509007	10761002000111	900000000000549004
fc91e6b6-51a9-4cf5-b0e0-962feb5698f0	20250509	1	11002000107	900000000000509007	15471002000117	900000000000548007
fca1d26a-d9df-4fe3-ac66-4350bb24bcc5	20250509	1	11002000107	900000000000509007	24051002000113	900000000000548007
fcaeb079-306c-4548-8d6c-f65a9afe8807	20250509	1	11002000107	900000000000509007	19391002000114	900000000000549004
fccb543b-1c3a-493c-abe6-ad96c6fcef64	20250509	1	11002000107	900000000000509007	6081002000116	900000000000549004
fce9ebcd-6649-469c-9189-f20f908bd588	20250509	1	11002000107	900000000000509007	30461002000111	900000000000548007
fcecc2b5-2096-4a53-bbc0-deeab95269b0	20250509	1	11002000107	900000000000509007	19491002000118	900000000000548007
fcef40b3-4f8d-47b7-a16e-46f2be9b3479	20250509	1	11002000107	900000000000509007	22731002000114	900000000000548007
fd04206f-b416-4f9b-825b-066d68b17b83	20250509	1	11002000107	900000000000509007	18201002000118	900000000000548007
fd0cd326-5672-4075-8104-97e9cc8fa951	20250509	1	11002000107	900000000000509007	11711002000118	900000000000549004
fd0f80c3-c7ce-4617-aa0b-41224a5b2542	20250509	1	11002000107	900000000000509007	4531002000119	900000000000548007
fd138daa-f6f5-4ea3-8a6d-8f64091c4e14	20250509	1	11002000107	900000000000509007	34711002000113	900000000000548007
fd20aac7-8432-4033-b6d9-e01c527c3fe2	20250509	1	11002000107	900000000000509007	11731002000110	900000000000548007
fd28b398-d1e1-4f02-93e2-a7e7585f6d5f	20250509	1	11002000107	900000000000509007	22121002000110	900000000000548007
fd4939a4-b560-422c-b5b0-f7bd3dd731c5	20250509	1	11002000107	900000000000509007	42991002000112	900000000000548007
fd52a3bb-b673-4bda-8abe-3007fe11b7eb	20250509	1	11002000107	900000000000509007	16651002000115	900000000000549004
fd536e03-d4fb-4d17-9244-8c7f2d06fae8	20250509	1	11002000107	900000000000509007	13691002000117	900000000000549004
fd595f1f-7e8a-448d-9b52-a77523d78999	20250509	1	11002000107	900000000000509007	5471002000119	900000000000548007
fd83d1c8-7c38-49bd-a07d-9b7297206312	20250509	1	11002000107	900000000000509007	31551002000117	900000000000548007
fd84a34d-e56b-4e8b-aa61-179c033065f5	20250509	1	11002000107	900000000000509007	39131002000116	900000000000549004
fd8de98a-d8b3-441e-bccb-f96c085a95a6	20250509	1	11002000107	900000000000509007	5131002000113	900000000000548007
fd938949-d56f-497c-840e-de838b76a83d	20250509	1	11002000107	900000000000509007	6151002000114	900000000000548007
fd9af4ab-2638-45c9-b1e4-f175adc953f5	20250509	1	11002000107	900000000000509007	25571002000113	900000000000548007
fdad6b3f-c7dd-43a3-b104-7f2f496ea19f	20250509	1	11002000107	900000000000509007	35841002000115	900000000000548007
fdafe72a-5b69-48eb-93e4-d49a3013bda3	20250509	1	11002000107	900000000000509007	44371002000116	900000000000548007
fdbf5fde-ad54-4056-a05b-af138a2a22e0	20250509	1	11002000107	900000000000509007	24241002000115	900000000000548007
fdd2dc3d-17fb-4dd4-bd2d-1c681dccf66d	20250509	1	11002000107	900000000000509007	6771002000117	900000000000549004
fdd66ccb-0823-423f-8650-277f8d93afeb	20250509	1	11002000107	900000000000509007	6141002000112	900000000000549004
fdd75df7-0ddd-4e1e-9cf0-c2e7d0fb8572	20250509	1	11002000107	900000000000509007	15221002000117	900000000000548007
fdde6cee-8aa8-41bf-ba54-1a26e6f952b4	20250509	1	11002000107	900000000000509007	39501002000117	900000000000548007
fded3567-eca4-4fe6-bd5e-cf2c8abe40fa	20250509	1	11002000107	900000000000509007	17821002000111	900000000000548007
fdf299b6-3432-431a-973a-69b3b846880f	20250509	1	11002000107	900000000000509007	6571002000114	900000000000548007
fe2675e4-5f67-45de-85fe-e346fa6e2381	20250509	1	11002000107	900000000000509007	2771002000116	900000000000548007
fe370054-451a-4e91-bd91-9d1d6f2fbc95	20250509	1	11002000107	900000000000509007	32971002000112	900000000000549004
fe3907a5-0a47-484c-bba3-ef6d10254d2f	20250509	1	11002000107	900000000000509007	30371002000112	900000000000548007
fe4a4059-10ec-4b1e-8557-86d22ccf0c0f	20250509	1	11002000107	900000000000509007	39641002000119	900000000000549004
fe4b112b-7d76-42ed-85ca-37a69f6a8432	20250509	1	11002000107	900000000000509007	5511002000110	900000000000549004
fe653610-395f-4929-8a14-9cbc5cdd2556	20250509	1	11002000107	900000000000509007	1821002000116	900000000000548007
fe66dd2f-c684-4834-b589-3ea1374cbee3	20250509	1	11002000107	900000000000509007	17231002000113	900000000000549004
fe69ed67-2450-4372-b0b5-0b6b19149999	20250509	1	11002000107	900000000000509007	36041002000118	900000000000549004
fe6b1a1b-b1a1-4375-a0cc-03ad6731f4d5	20250509	1	11002000107	900000000000509007	46631002000115	900000000000549004
fe75c122-27f6-422e-b5cb-31ee7a11de72	20250509	1	11002000107	900000000000509007	4911002000115	900000000000549004
feac4ab8-76dc-442f-8835-3e4c98366434	20250509	1	11002000107	900000000000509007	3401002000110	900000000000549004
feb0cec5-8f39-47c8-a672-4cd2b3e1207c	20250509	1	11002000107	900000000000509007	19381002000111	900000000000548007
febf94a7-491f-4acd-99a7-df6faf6f8987	20250509	1	11002000107	900000000000509007	7601002000118	900000000000549004
fee12683-ca29-4c3c-9417-0e83cd569705	20250509	1	11002000107	900000000000509007	12491002000113	900000000000549004
fee6e1e6-8003-497d-af24-4fa39285f570	20250509	1	11002000107	900000000000509007	44681002000111	900000000000549004
fee8227d-4ca1-49bb-843f-c9c815f099d1	20250509	1	11002000107	900000000000509007	34211002000117	900000000000548007
ff0a99b3-0c63-4510-8cec-2073b57207c4	20250509	1	11002000107	900000000000509007	23261002000118	900000000000548007
ff1f08fd-9a46-4106-8650-6cdf91871d2e	20250509	1	11002000107	900000000000509007	11002000111	900000000000548007
ff334c7a-83c6-4c77-9921-b1ab27966da1	20250509	1	11002000107	900000000000509007	30001002000117	900000000000548007
ff6b6d85-4942-4b90-adfd-046540ee4471	20250509	1	11002000107	900000000000509007	20781002000111	900000000000548007
ff7bd886-2430-442e-9413-d88bc46fb8c1	20250509	1	11002000107	900000000000509007	11161002000119	900000000000548007
ff937902-2413-4e45-8f5b-568a8a27589f	20250509	1	11002000107	900000000000509007	24831002000112	900000000000549004
ffa7264f-0819-442d-ad84-e4c3fe05636f	20250509	1	11002000107	900000000000509007	27281002000117	900000000000548007
ffaec0e6-1438-4e5c-8633-ff22205f3fd3	20250509	1	11002000107	900000000000509007	27791002000110	900000000000548007
ffcd84ee-edc9-4cba-ba8d-9a826dced66c	20250509	1	11002000107	900000000000509007	20931002000112	900000000000548007
ffd91f67-3bb5-4888-92fe-10be90327c4a	20250509	1	11002000107	900000000000509007	21931002000119	900000000000549004
ffe4dc7a-516d-4dfd-ae5b-522bf733857b	20250509	1	11002000107	900000000000509007	2831002000113	900000000000548007
0002458f-1b17-49fb-b9c3-f8c4865afa4e	20250509	1	11002000107	900000000000509007	20961002000117	900000000000548007
00029a79-b2a5-4254-b961-8b0a8be9127d	20250509	1	11002000107	900000000000509007	18021002000119	900000000000548007
00049c1c-2b87-42ec-a8eb-e74633ba673d	20250509	1	11002000107	900000000000509007	33641002000117	900000000000548007
000d9f52-fde1-4389-bd10-c128e78d3813	20250509	1	11002000107	900000000000509007	43171002000115	900000000000548007
001d0263-57a8-4c5d-95ff-be22d1096a0f	20250509	1	11002000107	900000000000509007	23451002000119	900000000000548007
001e3ee3-c428-497e-8f5e-e996e07e2037	20250509	1	11002000107	900000000000509007	42191002000114	900000000000549004
0032a8ee-d3b6-4c87-87ad-61703b75884f	20250509	1	11002000107	900000000000509007	23911002000110	900000000000548007
0033e1b8-0a99-4353-bafb-0c745e2fb435	20250509	1	11002000107	900000000000509007	26101002000118	900000000000548007
003d1eb6-6c70-4a0a-b73f-31acee3f4322	20250509	1	11002000107	900000000000509007	12641002000116	900000000000549004
00424a55-848b-4812-b2a4-455b91c85551	20250509	1	11002000107	900000000000509007	20631002000115	900000000000548007
00425a41-67a4-4570-ae1f-0fdbccb471d9	20250509	1	11002000107	900000000000509007	16881002000113	900000000000548007
00452180-db47-48d5-9009-d0d8bee5c985	20250509	1	11002000107	900000000000509007	24291002000110	900000000000548007
004eebff-64d9-4a79-96ee-067ed97b9db8	20250509	1	11002000107	900000000000509007	10781002000115	900000000000548007
0056be7b-d887-440b-9924-a221470ed2a0	20250509	1	11002000107	900000000000509007	48421002000115	900000000000548007
00575685-966e-4974-94ec-9e39edcf31fc	20250509	1	11002000107	900000000000509007	7911002000112	900000000000548007
005995c4-964d-4a32-bc9f-62253e45469e	20250509	1	11002000107	900000000000509007	44331002000119	900000000000548007
006337de-93fc-4b7b-831b-baff2ec05476	20250509	1	11002000107	900000000000509007	21081002000117	900000000000548007
0069f36b-c480-402f-b2c1-40e51d66b0c2	20250509	1	11002000107	900000000000509007	27411002000111	900000000000548007
00749075-c3f8-4b23-9b57-94617e9e0540	20250509	1	11002000107	900000000000509007	18721002000117	900000000000548007
00749fb2-ab54-4577-87ce-c2620b004c15	20250509	1	11002000107	900000000000509007	38211002000114	900000000000548007
007f4d27-7eeb-4378-89c0-d930eb8abf7f	20250509	1	11002000107	900000000000509007	21421002000110	900000000000548007
00936843-5d2c-49a7-ba94-b552ecbe916f	20250509	1	11002000107	900000000000509007	2041002000112	900000000000548007
009396fe-b2b9-4469-9b9c-8f225db4d395	20250509	1	11002000107	900000000000509007	621002000119	900000000000548007
00a47607-9270-4977-bcc4-63c1b4ee03f8	20250509	1	11002000107	900000000000509007	13291002000119	900000000000548007
00aaad7c-76a4-4644-88e8-d91c1611b4db	20250509	1	11002000107	900000000000509007	8271002000112	900000000000548007
00c58aed-04ec-41c7-981e-528cdaaf36a2	20250509	1	11002000107	900000000000509007	7571002000111	900000000000549004
00c5a0ab-c7b1-4883-9210-2d33ddb41c91	20250509	1	11002000107	900000000000509007	48001002000118	900000000000548007
00c92c48-93a1-4422-b004-1da3786904fe	20250509	1	11002000107	900000000000509007	47571002000119	900000000000548007
00c9961f-7860-424a-829c-a61cf6c7e847	20250509	1	11002000107	900000000000509007	38161002000119	900000000000548007
00eb4f24-195a-463e-8b53-5c26285b88af	20250509	1	11002000107	900000000000509007	15291002000115	900000000000548007
01030697-8344-4be3-9102-4895cfe84aba	20250509	1	11002000107	900000000000509007	49131002000115	900000000000548007
012b3df0-c541-411f-9593-22638b3cd0a9	20250509	1	11002000107	900000000000509007	30651002000111	900000000000548007
0138f916-c4cb-4d4a-8000-4091da395411	20250509	1	11002000107	900000000000509007	22671002000116	900000000000548007
013ee59f-4c98-4abb-b494-92ac5e1f6c09	20250509	1	11002000107	900000000000509007	35411002000117	900000000000549004
01416d09-4b54-42e9-a740-bd53b9ffbd3b	20250509	1	11002000107	900000000000509007	6311002000111	900000000000548007
014f1069-28eb-4808-b252-5e9ca34c95cd	20250509	1	11002000107	900000000000509007	37941002000115	900000000000548007
015c9d8e-455d-4f67-b9e7-1b10b390db18	20250509	1	11002000107	900000000000509007	41631002000113	900000000000548007
016a26db-e20f-442a-a5bf-39acf081ea4e	20250509	1	11002000107	900000000000509007	34021002000116	900000000000548007
018141cb-4198-4b41-8924-ae7b20a18d0d	20250509	1	11002000107	900000000000509007	6701002000114	900000000000548007
019c2f02-fcb0-4293-81ee-9a037075cab5	20250509	1	11002000107	900000000000509007	9181002000111	900000000000548007
01ac92b7-238e-4496-8469-37f6521a9103	20250509	1	11002000107	900000000000509007	32091002000114	900000000000549004
01b8af21-2d43-44d1-8121-9d57205f56a3	20250509	1	11002000107	900000000000509007	6671002000113	900000000000548007
01ba8c81-a8ff-4af5-81b0-ab7025ce1d63	20250509	1	11002000107	900000000000509007	31271002000110	900000000000548007
01bc193f-1f8a-47f8-8590-074fa368caef	20250509	1	11002000107	900000000000509007	14531002000117	900000000000548007
01cf2b13-47ff-4dd5-a102-4af6fdf84d30	20250509	1	11002000107	900000000000509007	10311002000112	900000000000549004
01e65473-8c88-4938-b4a9-76907d54bc02	20250509	1	11002000107	900000000000509007	21621002000113	900000000000548007
01f42ca5-c198-4d5d-b4a3-3517807afe14	20250509	1	11002000107	900000000000509007	11101002000115	900000000000548007
01fcf7d4-28aa-456d-991e-4efe9dfa3ba8	20250509	1	11002000107	900000000000509007	27851002000110	900000000000548007
0203a978-e91c-4bec-9248-2e6ed01d2f84	20250509	1	11002000107	900000000000509007	5801002000114	900000000000548007
0221a52a-e02f-4d79-906c-f18cded18052	20250509	1	11002000107	900000000000509007	39241002000117	900000000000548007
0222318d-d283-4c9c-abd6-5d7e101ebb33	20250509	1	11002000107	900000000000509007	27451002000112	900000000000549004
022b1e98-2bc6-4521-a3ad-5b7df9c036df	20250509	1	11002000107	900000000000509007	32831002000118	900000000000548007
022f7293-a806-4594-9316-09bcf5e2ab94	20250509	1	11002000107	900000000000509007	41211002000119	900000000000548007
02342e7a-9884-430b-9836-aec40ac111f4	20250509	1	11002000107	900000000000509007	15941002000118	900000000000549004
02398f29-d152-4f18-8f56-0decfdb62d28	20250509	1	11002000107	900000000000509007	34991002000115	900000000000549004
0241f55b-72c9-43d3-8910-849ea5f0fd54	20250509	1	11002000107	900000000000509007	9151002000117	900000000000548007
0247d478-f042-4d8c-9347-3a5e46ed12d8	20250509	1	11002000107	900000000000509007	34541002000116	900000000000549004
025e176d-bd19-407f-8896-db0da210a211	20250509	1	11002000107	900000000000509007	37101002000119	900000000000548007
026e5388-066f-4287-b8e5-52a43f30e6fd	20250509	1	11002000107	900000000000509007	4891002000117	900000000000548007
026f67a2-cce3-45cc-8616-e724d86867db	20250509	1	11002000107	900000000000509007	13111002000118	900000000000548007
0292521d-ec8b-421d-9abf-7c1ed528152e	20250509	1	11002000107	900000000000509007	9721002000113	900000000000548007
0299a2f8-0f22-4a3d-bcaf-512ce4035d9d	20250509	1	11002000107	900000000000509007	14001002000117	900000000000549004
02aae9e5-801d-42c5-a6dd-16bdee71e06b	20250509	1	11002000107	900000000000509007	11441002000114	900000000000549004
02af171b-0559-495c-ae95-528f88226b58	20250509	1	11002000107	900000000000509007	2561002000115	900000000000548007
02dee853-06c8-4c96-850a-6e5c4a3d9f3a	20250509	1	11002000107	900000000000509007	6321002000117	900000000000549004
02e54d58-cb8b-4e65-88bf-bd15bf8cc9b9	20250509	1	11002000107	900000000000509007	33181002000118	900000000000549004
02e923a5-0ebc-4e2b-abd2-ffc7cf2dfc47	20250509	1	11002000107	900000000000509007	35551002000115	900000000000548007
02ee0892-1f1e-4521-b698-a005e23c2ae5	20250509	1	11002000107	900000000000509007	30351002000116	900000000000548007
02f3f7e5-f863-409f-a591-4b3d97305eae	20250509	1	11002000107	900000000000509007	29321002000119	900000000000548007
02fe0151-d318-4109-8f70-b73ce15c986a	20250509	1	11002000107	900000000000509007	37581002000117	900000000000548007
0303af95-4611-49bb-8bb7-be9ef0e1c289	20250509	1	11002000107	900000000000509007	17391002000115	900000000000548007
03093fd6-af63-4978-8df3-900c7b53e061	20250509	1	11002000107	900000000000509007	42311002000115	900000000000549004
03107ba3-b73b-431f-a80c-7c7e68c4abe6	20250509	1	11002000107	900000000000509007	41701002000112	900000000000548007
0344af4f-d119-4998-999b-f410a7fee554	20250509	1	11002000107	900000000000509007	8951002000112	900000000000548007
03724785-1bdb-4126-bbe4-72e2440b20e3	20250509	1	11002000107	900000000000509007	34031002000118	900000000000548007
0380b85a-113c-4751-9003-5352a0994fc2	20250509	1	11002000107	900000000000509007	39741002000111	900000000000548007
039184ce-e962-47a2-811d-bc45f2e82e62	20250509	1	11002000107	900000000000509007	24081002000119	900000000000548007
03948d84-d942-4657-be44-229374e8421e	20250509	1	11002000107	900000000000509007	15361002000118	900000000000549004
03ac33f9-69cc-4185-addd-75f4cb45324f	20250509	1	11002000107	900000000000509007	35531002000113	900000000000549004
03b23f1c-2526-4688-83af-a1dda5f1c5ad	20250509	1	11002000107	900000000000509007	13221002000116	900000000000548007
03c147ec-c9c7-4bc8-93c2-a3b1044b356c	20250509	1	11002000107	900000000000509007	31101002000114	900000000000548007
03c69cb3-c6dd-4117-8b84-f8fc7795914a	20250509	1	11002000107	900000000000509007	35181002000117	900000000000548007
03e0d5c0-382f-42cb-a9e2-3b08de11416d	20250509	1	11002000107	900000000000509007	14051002000118	900000000000548007
03e69d60-bcc8-4762-b91a-a3d1e9b1d87e	20250509	1	11002000107	900000000000509007	6361002000114	900000000000548007
03ecf4da-1914-4fc6-ba0d-d3d1d7de8c06	20250509	1	11002000107	900000000000509007	33461002000115	900000000000548007
04073ddb-e22a-4583-bbf4-3bb904f2b4d0	20250509	1	11002000107	900000000000509007	23211002000116	900000000000548007
040b9875-2117-42aa-906e-5c00455d9062	20250509	1	11002000107	900000000000509007	28591002000117	900000000000549004
041a528b-b8db-4898-8bdc-8541e78389cf	20250509	1	11002000107	900000000000509007	41751002000111	900000000000548007
041dacd7-aa89-462a-afac-1d80f64ba768	20250509	1	11002000107	900000000000509007	27821002000115	900000000000548007
042ea919-e101-4773-8fda-9768a9c9f866	20250509	1	11002000107	900000000000509007	31541002000119	900000000000548007
04513da1-eed5-4153-bd14-b9fad3fec461	20250509	1	11002000107	900000000000509007	24581002000110	900000000000548007
04526e28-6f19-4006-9be7-2d7f9c2f174c	20250509	1	11002000107	900000000000509007	45661002000116	900000000000548007
045a886d-3b4b-48c5-b0d6-b66aeac3b136	20250509	1	11002000107	900000000000509007	18951002000110	900000000000548007
04685b4f-008c-45ec-861b-7c9ef0884170	20250509	1	11002000107	900000000000509007	11431002000118	900000000000548007
04784b67-d049-463c-b14d-6e4e3a9af75c	20250509	1	11002000107	900000000000509007	5641002000110	900000000000548007
04a9dc8b-872a-4fb6-ae1e-3cfe9beb12c8	20250509	1	11002000107	900000000000509007	25391002000119	900000000000548007
04aba628-cd6c-4157-b521-a7bab9f874bd	20250509	1	11002000107	900000000000509007	14271002000117	900000000000549004
04d84a22-8353-47b4-bee6-95d1abba2f42	20250509	1	11002000107	900000000000509007	35361002000111	900000000000548007
04e37799-0033-4e12-aede-d47a2d5f2d16	20250509	1	11002000107	900000000000509007	9161002000115	900000000000548007
04f1c570-3192-4636-9315-b59f3586c176	20250509	1	11002000107	900000000000509007	20231002000117	900000000000549004
04f1ed06-921d-4bd1-b71e-70eb72cfcb13	20250509	1	11002000107	900000000000509007	3651002000111	900000000000548007
050f2d93-6f77-441b-9006-a532a67606af	20250509	1	11002000107	900000000000509007	12021002000117	900000000000548007
052cc0d9-c552-4bc8-b322-ff487d4bc2ab	20250509	1	11002000107	900000000000509007	33301002000111	900000000000549004
053357ee-0ec8-46e6-b9c4-4ab290e92a83	20250509	1	11002000107	900000000000509007	20911002000115	900000000000548007
0543f5a8-eec7-4cd9-969a-1056180c8a2f	20250509	1	11002000107	900000000000509007	12451002000116	900000000000548007
0565058b-2342-4d80-b2ec-34dc680e2102	20250509	1	11002000107	900000000000509007	6071002000119	900000000000548007
0569ce4e-6cf4-4ea0-8818-096b86867ab8	20250509	1	11002000107	900000000000509007	24481002000111	900000000000548007
056e3c9b-c00f-46b9-adab-f4140933330d	20250509	1	11002000107	900000000000509007	47201002000114	900000000000549004
0581c44e-96fa-4ed0-8e12-75d4ba4b74d7	20250509	1	11002000107	900000000000509007	12521002000110	900000000000549004
058a9b38-3993-4311-8ba7-4cbf7f9d37bd	20250509	1	11002000107	900000000000509007	35061002000114	900000000000548007
05970d60-3861-4c6c-ab7b-d2822d337749	20250509	1	11002000107	900000000000509007	22651002000112	900000000000548007
059ce4a4-28f9-4b70-83ce-bd9053be9c97	20250509	1	11002000107	900000000000509007	20831002000116	900000000000548007
059e81ad-4bed-4ca6-a752-ae8ecd241cf5	20250509	1	11002000107	900000000000509007	29411002000117	900000000000548007
05a6240f-d62f-4e0c-8451-bb5aca3ba94e	20250509	1	11002000107	900000000000509007	36911002000116	900000000000548007
05a9a083-8e34-4faa-a529-750b580ae690	20250509	1	11002000107	900000000000509007	20081002000114	900000000000549004
05ad1f7a-cc0a-45b9-8b51-06c33d63ecb1	20250509	1	11002000107	900000000000509007	16341002000113	900000000000548007
05b02391-5a23-48c7-a7d3-c20453281365	20250509	1	11002000107	900000000000509007	6781002000119	900000000000548007
05b15191-7920-4452-9aa5-313ad778f58f	20250509	1	11002000107	900000000000509007	7221002000112	900000000000548007
05b2e2bf-424f-41f3-a5ea-aeab4e996f2c	20250509	1	11002000107	900000000000509007	20621002000118	900000000000548007
05dfca0b-d7c2-44c0-8be2-f407198709ae	20250509	1	11002000107	900000000000509007	24971002000118	900000000000548007
05e1dd0e-c54e-413c-8b78-34b10e32a0c9	20250509	1	11002000107	900000000000509007	35761002000112	900000000000548007
05e602d3-0f7a-4f32-9ce9-62f471fdb344	20250509	1	11002000107	900000000000509007	32451002000113	900000000000548007
05e8b5f0-8c29-4504-9129-7a5af6249509	20250509	1	11002000107	900000000000509007	14471002000118	900000000000548007
05f429fd-7660-4b4f-b132-5506232f6a73	20250509	1	11002000107	900000000000509007	9531002000115	900000000000549004
0604755c-cf65-4922-abf7-44b4f20f4592	20250509	1	11002000107	900000000000509007	41811002000115	900000000000548007
06129581-acb5-4719-b52a-e9b40064bf2b	20250509	1	11002000107	900000000000509007	11001002000119	900000000000549004
061a23da-c79f-4487-bcde-7239247c7525	20250509	1	11002000107	900000000000509007	33541002000118	900000000000549004
062c8043-51f1-4c62-88a6-4fa205f747d7	20250509	1	11002000107	900000000000509007	46681002000119	900000000000548007
064fc3d9-5207-406c-ab92-6f90f9387964	20250509	1	11002000107	900000000000509007	9921002000110	900000000000548007
065cc2a1-b553-49a4-b9f3-2ea202891fd1	20250509	1	11002000107	900000000000509007	43541002000117	900000000000549004
065f20db-acae-44ae-907a-f5cabecc160e	20250509	1	11002000107	900000000000509007	21361002000110	900000000000548007
06691705-664f-4ce0-a0af-b7784741ff54	20250509	1	11002000107	900000000000509007	39111002000113	900000000000548007
066a687f-9f85-4a81-93b4-5230817409c4	20250509	1	11002000107	900000000000509007	32111002000119	900000000000548007
0675a9e3-3c79-4694-b78c-89acb815a8a7	20250509	1	11002000107	900000000000509007	16761002000113	900000000000549004
067d14e3-e95d-40ac-8b61-191775c1add8	20250509	1	11002000107	900000000000509007	22471002000119	900000000000548007
0694a73b-c4f2-45d2-88dd-7c6f47aeef43	20250509	1	11002000107	900000000000509007	31371002000115	900000000000548007
069d534c-f217-4217-adac-ba6477e6324f	20250509	1	11002000107	900000000000509007	29621002000114	900000000000548007
06a8b490-f574-4380-9436-32289266932b	20250509	1	11002000107	900000000000509007	49141002000111	900000000000548007
06aad81f-773a-4b1c-98af-0f95be0343cc	20250509	1	11002000107	900000000000509007	25871002000111	900000000000548007
06c7355a-5a22-4635-87ab-6b632510ecd0	20250509	1	11002000107	900000000000509007	34841002000119	900000000000549004
06cc3419-bc99-4723-bf59-580078197eaf	20250509	1	11002000107	900000000000509007	17241002000117	900000000000548007
06d7cc3f-dfd0-4302-a422-98e340f4eb4e	20250509	1	11002000107	900000000000509007	15851002000111	900000000000548007
06f7ace6-c542-4756-a464-df8f3e0ab399	20250509	1	11002000107	900000000000509007	16521002000111	900000000000548007
070881a8-326b-4fa4-95df-cd04e20346f7	20250509	1	11002000107	900000000000509007	27071002000112	900000000000549004
0727fcae-ae7a-4b02-879f-f85cc796be50	20250509	1	11002000107	900000000000509007	38181002000110	900000000000548007
0732ed5d-6e88-4020-8374-7b4aa134621c	20250509	1	11002000107	900000000000509007	46531002000119	900000000000548007
07438aa7-ae5d-4941-9a06-d4de8631d60e	20250509	1	11002000107	900000000000509007	42041002000118	900000000000549004
0744c974-76ac-44bf-99cf-116e3c83f1a5	20250509	1	11002000107	900000000000509007	8711002000113	900000000000548007
07615b54-424c-4956-9e9d-0cdf97aae392	20250509	1	11002000107	900000000000509007	4111002000117	900000000000548007
0778ef62-128b-4c2c-ba2c-9759a75cb392	20250509	1	11002000107	900000000000509007	2901002000111	900000000000548007
078efb55-b0f7-4fff-a64e-2bd7e02d76c7	20250509	1	11002000107	900000000000509007	5601002000113	900000000000549004
07bd5152-aabd-484f-84fe-a9e16788ed58	20250509	1	11002000107	900000000000509007	26641002000114	900000000000548007
07cdd947-a48d-41c9-8446-e221f1d0bbf3	20250509	1	11002000107	900000000000509007	40221002000117	900000000000548007
07ce1ced-4766-4de1-ba1f-3bdac1cdb059	20250509	1	11002000107	900000000000509007	24331002000117	900000000000548007
07d5f096-74b5-43df-8783-0ed6416b7889	20250509	1	11002000107	900000000000509007	18541002000119	900000000000548007
07db8510-5786-475d-a1ea-7d31371a45da	20250509	1	11002000107	900000000000509007	26591002000118	900000000000549004
07ef4982-ebb1-4dd7-9b00-81f1262c8445	20250509	1	11002000107	900000000000509007	47021002000113	900000000000549004
07ff416c-2611-42f9-bb96-30fae4196de5	20250509	1	11002000107	900000000000509007	31621002000111	900000000000548007
0804e2cc-01cf-4ddf-bea7-03f2ac8ebc52	20250509	1	11002000107	900000000000509007	16321002000115	900000000000549004
08077fec-ad8b-43b5-8bb2-d3db8d9a93c0	20250509	1	11002000107	900000000000509007	39591002000110	900000000000548007
0807f9e0-7c74-433d-bf59-1f0566a6604a	20250509	1	11002000107	900000000000509007	11821002000119	900000000000548007
08087cb6-46ca-4e60-82d8-a26eeab08710	20250509	1	11002000107	900000000000509007	11901002000118	900000000000548007
080afe28-48ad-4e6b-8eee-bcd04bbd4f35	20250509	1	11002000107	900000000000509007	22641002000110	900000000000548007
08174767-dd28-4ce7-acfa-53dbd4e23958	20250509	1	11002000107	900000000000509007	13831002000117	900000000000549004
081831f4-bdd2-4355-86bb-1dc5336bc834	20250509	1	11002000107	900000000000509007	36601002000110	900000000000548007
083e4b59-668a-4aa0-8fb6-3d7b777a05d9	20250509	1	11002000107	900000000000509007	14441002000112	900000000000548007
0851e3f5-666e-4a7f-a26e-ad8b4dbf18be	20250509	1	11002000107	900000000000509007	2241002000116	900000000000548007
0853bfac-4876-41f2-9d9f-deba3a0879df	20250509	1	11002000107	900000000000509007	18591002000114	900000000000548007
085f37dd-00b2-4ce5-a59f-52e5497cbc15	20250509	1	11002000107	900000000000509007	40181002000112	900000000000549004
089b81dd-1c1e-48e5-85b5-b0340a6890df	20250509	1	11002000107	900000000000509007	2031002000116	900000000000548007
08a1cba8-09e9-4606-9cec-3363fb2bf9af	20250509	1	11002000107	900000000000509007	7311002000113	900000000000548007
08a9e429-2dca-4cbd-942a-6ff7d34b8ff6	20250509	1	11002000107	900000000000509007	38581002000118	900000000000548007
08b6dae6-e4e0-4e67-9259-130d03d90a97	20250509	1	11002000107	900000000000509007	43791002000118	900000000000548007
08c08558-c0ef-427d-988a-2494863d7719	20250509	1	11002000107	900000000000509007	32281002000118	900000000000549004
08c5c77d-2c15-47b0-a339-fa12e3033266	20250509	1	11002000107	900000000000509007	12071002000116	900000000000549004
08e8df9a-7516-4947-bc3a-dda9252e7b38	20250509	1	11002000107	900000000000509007	24101002000113	900000000000548007
08ebbe21-06e0-4e6c-a5c3-3098b88a86b3	20250509	1	11002000107	900000000000509007	44541002000115	900000000000548007
08f01f14-b728-4895-b904-66c036677dd1	20250509	1	11002000107	900000000000509007	6221002000110	900000000000548007
08f9a7b0-98d4-4e59-bdd0-81867e53fbd2	20250509	1	11002000107	900000000000509007	37001002000118	900000000000549004
08fad24c-f4a0-4b2f-bfad-bde138e7b35d	20250509	1	11002000107	900000000000509007	14951002000117	900000000000548007
0901fd9c-6986-483b-b08a-7d180011f245	20250509	1	11002000107	900000000000509007	31361002000113	900000000000548007
0907f364-081d-433f-bb37-73178b41c705	20250509	1	11002000107	900000000000509007	14521002000115	900000000000548007
09178db6-1e2d-43c1-9777-4585ceab3688	20250509	1	11002000107	900000000000509007	4141002000118	900000000000548007
091d2a9b-e476-41c7-9095-7eb572322cd1	20250509	1	11002000107	900000000000509007	6621002000112	900000000000549004
092bca24-a1a8-4427-af37-d6e23875ac06	20250509	1	11002000107	900000000000509007	48691002000115	900000000000548007
09388904-2679-4ce1-9e6e-7a837c461869	20250509	1	11002000107	900000000000509007	38801002000110	900000000000549004
09609f63-e74b-44ba-bc3a-48a9d7a42bdb	20250509	1	11002000107	900000000000509007	43691002000111	900000000000549004
096512c2-7bb5-4252-84af-36d81f1238f9	20250509	1	11002000107	900000000000509007	9221002000116	900000000000548007
0965de92-862b-49a4-b9ee-4908964662d1	20250509	1	11002000107	900000000000509007	21561002000117	900000000000548007
097a1572-0ecf-40cb-a56d-9bb704e7002b	20250509	1	11002000107	900000000000509007	14671002000115	900000000000548007
097cadc9-57dd-4b70-bf95-25e8f895d90c	20250509	1	11002000107	900000000000509007	39851002000116	900000000000549004
09b7adef-781f-4851-bc11-503ad45340aa	20250509	1	11002000107	900000000000509007	4411002000110	900000000000548007
09c86f7b-91a2-4083-b63f-a9c073d8bf30	20250509	1	11002000107	900000000000509007	1901002000115	900000000000549004
09d414b1-8db4-44d7-b1fc-cf31bef9fff0	20250509	1	11002000107	900000000000509007	11321002000113	900000000000548007
09dda881-2907-4d8c-a9e2-03bc02986e85	20250509	1	11002000107	900000000000509007	38401002000112	900000000000548007
09e2c487-6039-4fa3-b4bc-4ef619636c76	20250509	1	11002000107	900000000000509007	23131002000116	900000000000548007
09f60e8f-fab1-43a3-811b-1026a77e19b3	20250509	1	11002000107	900000000000509007	22851002000113	900000000000549004
0a02b606-4f92-40d3-b30d-0e8adcd3bf67	20250509	1	11002000107	900000000000509007	36611002000113	900000000000548007
0a0339c6-87c5-4caa-b4ed-38ae456854d3	20250509	1	11002000107	900000000000509007	35481002000110	900000000000548007
0a0fc17c-3bef-4917-9b4f-3d234914522c	20250509	1	11002000107	900000000000509007	13131002000110	900000000000548007
0a171b26-a29e-4097-b764-c0cbd9d7d487	20250509	1	11002000107	900000000000509007	18361002000113	900000000000548007
0a32e162-27f4-43fb-9ba1-5b86dad18341	20250509	1	11002000107	900000000000509007	20811002000113	900000000000548007
0a380224-32b3-425d-89a1-4c4b8c00421e	20250509	1	11002000107	900000000000509007	42831002000117	900000000000548007
0a3a94f1-5414-4b6d-9b18-7f9a69a3fd08	20250509	1	11002000107	900000000000509007	31851002000115	900000000000548007
0a3b2986-ca36-40ec-895e-89c732612a28	20250509	1	11002000107	900000000000509007	33521002000111	900000000000548007
0a49906c-6a87-4aed-b5a8-aa0ed043dc13	20250509	1	11002000107	900000000000509007	45691002000110	900000000000548007
0a5013e7-1a1d-437d-92f9-afcb7250ad19	20250509	1	11002000107	900000000000509007	20521002000117	900000000000549004
0a54bce2-20ed-4b16-bf4e-4d6739c27bba	20250509	1	11002000107	900000000000509007	18421002000113	900000000000548007
0a5a9f8f-508a-44cb-9d18-c18735fcb3f8	20250509	1	11002000107	900000000000509007	1201002000113	900000000000548007
0a63b5f1-8e4c-4bc3-a417-f5257be31552	20250509	1	11002000107	900000000000509007	301002000118	900000000000548007
0a64c269-aad7-4be2-b73d-c2adfaebf854	20250509	1	11002000107	900000000000509007	16551002000116	900000000000548007
0a725048-685d-4b22-8db0-691b45070e9b	20250509	1	11002000107	900000000000509007	111002000118	900000000000548007
0a78364f-7d6a-4d3d-9f6e-47e0d7e7f975	20250509	1	11002000107	900000000000509007	20011002000116	900000000000548007
0a7854a6-7629-40a6-9e7a-a78dba03116a	20250509	1	11002000107	900000000000509007	44381002000118	900000000000549004
0a82cc1e-2466-4d26-bf7a-0c14e69fa3fd	20250509	1	11002000107	900000000000509007	16481002000111	900000000000548007
0a8b8252-7787-4a10-97db-6a382ff0f9d1	20250509	1	11002000107	900000000000509007	24901002000110	900000000000548007
0a9f7f8a-d554-4b66-be7b-8b348b2ed23d	20250509	1	11002000107	900000000000509007	17051002000110	900000000000549004
0aa2029e-eda0-4526-a13f-13e47e4f5027	20250509	1	11002000107	900000000000509007	11591002000115	900000000000549004
0aaf1e91-2fc8-40f9-964c-8dd73f56600c	20250509	1	11002000107	900000000000509007	17121002000119	900000000000548007
0ac670e5-5bd4-4797-ac15-dc795b3ae42e	20250509	1	11002000107	900000000000509007	3181002000113	900000000000548007
0ad66baf-00b2-4e3d-801d-31142fdc83b2	20250509	1	11002000107	900000000000509007	43181002000117	900000000000549004
0affefd3-1a0f-4a93-8cb1-f03b8792c71c	20250509	1	11002000107	900000000000509007	2371002000115	900000000000548007
0b1787e3-8727-46c4-811b-36d7f3042bcd	20250509	1	11002000107	900000000000509007	43121002000116	900000000000549004
0b1d964b-1807-4568-9825-6ef0b079d783	20250509	1	11002000107	900000000000509007	16671002000111	900000000000548007
0b262b3d-ad7d-4d68-aa05-c4baaabc0160	20250509	1	11002000107	900000000000509007	46021002000110	900000000000548007
0b38b04d-23fa-47dd-8973-5b7b2d5ee41a	20250509	1	11002000107	900000000000509007	44441002000116	900000000000549004
0b46731c-d5fe-439a-a46a-1f93995b8fc3	20250509	1	11002000107	900000000000509007	22601002000113	900000000000549004
0b493a58-e788-4dc1-be46-60973c10d238	20250509	1	11002000107	900000000000509007	17961002000113	900000000000548007
0b61ff62-3834-4592-972d-30ac066a7915	20250509	1	11002000107	900000000000509007	13451002000112	900000000000549004
0b7d8b23-7647-4456-ae6d-9e5925388619	20250509	1	11002000107	900000000000509007	1081002000111	900000000000548007
0b82ffbf-08e2-48d5-8464-0893fc767714	20250509	1	11002000107	900000000000509007	30381002000110	900000000000548007
0b84c211-4473-4952-8ea7-74bd101f3fb6	20250509	1	11002000107	900000000000509007	12201002000116	900000000000548007
0b8c44cc-b6e4-4163-92ca-3bb539c9b513	20250509	1	11002000107	900000000000509007	32081002000111	900000000000548007
0b9923af-ab35-4993-a733-65e0930640e8	20250509	1	11002000107	900000000000509007	29581002000114	900000000000548007
0ba5386e-4420-4103-8af7-7db67f83666f	20250509	1	11002000107	900000000000509007	23821002000111	900000000000548007
0bb1e0ec-df96-4ef5-a41c-bc498de2a002	20250509	1	11002000107	900000000000509007	19121002000110	900000000000549004
0bc60b0b-0236-408a-9d91-453416b76d2a	20250509	1	11002000107	900000000000509007	35251002000117	900000000000548007
0bd4c70e-cdfe-429f-a198-2aec753119b1	20250509	1	11002000107	900000000000509007	37251002000114	900000000000548007
0be3a2e5-f9df-4676-b6cc-d4cdd62582bf	20250509	1	11002000107	900000000000509007	19541002000114	900000000000549004
0bf3fe7b-d2ad-4d9c-864e-97ca0176fce7	20250509	1	11002000107	900000000000509007	3341002000118	900000000000549004
0c02a750-247d-4b38-b499-4d288ede8d57	20250509	1	11002000107	900000000000509007	33051002000113	900000000000548007
0c0539da-0871-4276-b68b-09121ec69245	20250509	1	11002000107	900000000000509007	3251002000113	900000000000549004
0c090905-5be8-4977-8459-19c7feba9309	20250509	1	11002000107	900000000000509007	12961002000110	900000000000548007
0c090a3c-4b05-47c6-9ad3-c6e383896376	20250509	1	11002000107	900000000000509007	23071002000119	900000000000548007
0c131b92-c5ac-414a-9847-c11e347f0b7b	20250509	1	11002000107	900000000000509007	40851002000111	900000000000548007
0c15903b-c1b0-43c3-961f-bee6231a55d4	20250509	1	11002000107	900000000000509007	32851002000111	900000000000549004
0c189921-9187-442e-ae64-145e007a5de9	20250509	1	11002000107	900000000000509007	8791002000117	900000000000548007
0c193fe2-e7a8-460d-b8bf-070b0228400c	20250509	1	11002000107	900000000000509007	40721002000114	900000000000549004
0c1dbe6d-22fc-414d-ac2d-2d5133dfa125	20250509	1	11002000107	900000000000509007	44051002000110	900000000000549004
0c216e5e-dd40-49e6-9c37-a5b986004787	20250509	1	11002000107	900000000000509007	47331002000114	900000000000548007
0c2290e5-7873-4841-9ea3-e2f64184307b	20250509	1	11002000107	900000000000509007	40581002000115	900000000000548007
0c2bc48a-cc9b-4920-998c-320c68f78be8	20250509	1	11002000107	900000000000509007	1391002000112	900000000000549004
0c3f6989-866d-4c51-9054-eb7290f9432d	20250509	1	11002000107	900000000000509007	34491002000112	900000000000549004
0c6711eb-d1ab-423e-8318-2b986640bc33	20250509	1	11002000107	900000000000509007	23301002000113	900000000000548007
0c7bfe0f-b217-4c7f-abee-80a0988aa737	20250509	1	11002000107	900000000000509007	26771002000111	900000000000549004
0c832e63-b192-40b6-97c5-fb9b60059926	20250509	1	11002000107	900000000000509007	26531002000117	900000000000549004
0c8e1d8e-d9b8-4c90-a6b0-a7c8d8e7a4e8	20250509	1	11002000107	900000000000509007	9231002000118	900000000000549004
0c93c55f-586a-4878-be38-569027c678df	20250509	1	11002000107	900000000000509007	32721002000114	900000000000548007
0ca28327-bb05-41f1-a681-ee6c92dac006	20250509	1	11002000107	900000000000509007	35071002000116	900000000000548007
0ca42645-270a-4d0e-832c-4cc9fbeeff8c	20250509	1	11002000107	900000000000509007	11691002000116	900000000000548007
0ca6c4ae-9a51-4ec1-a273-d2c662d78878	20250509	1	11002000107	900000000000509007	37171002000111	900000000000548007
0cbca95f-935f-4ce5-835c-b0e8a4d551d3	20250509	1	11002000107	900000000000509007	871002000119	900000000000548007
0cbff0cf-d246-47aa-b18e-2dca04caa817	20250509	1	11002000107	900000000000509007	3501002000111	900000000000548007
0cd2dde5-a744-470f-9bfb-c7b16b9254a7	20250509	1	11002000107	900000000000509007	10401002000119	900000000000549004
0cdb75a4-9201-4719-93f1-9df8ea55a03d	20250509	1	11002000107	900000000000509007	21221002000111	900000000000548007
0ce9abb6-8fbe-4c8f-b0fa-fba97fff35ab	20250509	1	11002000107	900000000000509007	26741002000117	900000000000549004
0cf4549d-f24d-4836-84bd-8b793a34b335	20250509	1	11002000107	900000000000509007	22011002000115	900000000000548007
0d033f91-a325-434f-b2aa-b0cff70461aa	20250509	1	11002000107	900000000000509007	8481002000114	900000000000548007
0d037c19-45b4-4c2f-960a-176abda1e025	20250509	1	11002000107	900000000000509007	11141002000118	900000000000548007
0d0d3ad4-6319-4e45-9eec-b8cf1a1cc24d	20250509	1	11002000107	900000000000509007	6901002000112	900000000000548007
0d12f805-0549-467e-a2d1-06f27a6739ac	20250509	1	11002000107	900000000000509007	44921002000116	900000000000549004
0d1a92a6-4fc4-45b6-9ab6-26063282665e	20250509	1	11002000107	900000000000509007	36941002000117	900000000000548007
0d3c6ef4-37fa-482c-8327-8c52b6361703	20250509	1	11002000107	900000000000509007	2301002000112	900000000000548007
0d47c7f4-fe7c-451b-9bcc-6039aa90f39f	20250509	1	11002000107	900000000000509007	48021002000114	900000000000548007
0d55a75e-5cf9-4910-8b90-9a57c929f3c5	20250509	1	11002000107	900000000000509007	5251002000114	900000000000548007
0d5d6857-4c08-4865-8d81-2fa9b8fa80ac	20250509	1	11002000107	900000000000509007	16011002000112	900000000000548007
0d5f36e7-ee48-4846-b68f-ec9c939f6d43	20250509	1	11002000107	900000000000509007	5421002000115	900000000000549004
0d5f6800-33cb-432b-a9b8-bd4484ffb2b1	20250509	1	11002000107	900000000000509007	36111002000118	900000000000548007
0d6f50bc-0aa0-4de6-940a-09fb35f59ae7	20250509	1	11002000107	900000000000509007	45351002000113	900000000000548007
0d703d05-e4b0-4b43-995b-d9197e076338	20250509	1	11002000107	900000000000509007	7021002000117	900000000000548007
0d75a472-f8b9-482f-9db5-42c077a3d963	20250509	1	11002000107	900000000000509007	28671002000119	900000000000548007
0d77d902-932b-4853-8a70-ea71c2320b3e	20250509	1	11002000107	900000000000509007	20361002000116	900000000000548007
0d83ccfb-66ae-46cc-88fb-8dc23424400a	20250509	1	11002000107	900000000000509007	19721002000111	900000000000549004
0d85cd6e-048a-4b08-b03d-472487512c12	20250509	1	11002000107	900000000000509007	19111002000116	900000000000548007
0d91d857-e66f-4a96-b217-cc814016df80	20250509	1	11002000107	900000000000509007	37381002000111	900000000000548007
0da0983b-3208-4093-959c-56d72c81d785	20250509	1	11002000107	900000000000509007	43621002000114	900000000000548007
0dc35831-d5fd-4e40-9449-6b7c1b6312ad	20250509	1	11002000107	900000000000509007	40951002000116	900000000000548007
0dca5bf1-9c5d-4e3f-b888-2aae882aa542	20250509	1	11002000107	900000000000509007	10351002000113	900000000000548007
0df3a991-b84b-415d-bdcb-1b33a85ff12d	20250509	1	11002000107	900000000000509007	9911002000116	900000000000549004
0df8174c-a135-4769-ad4f-bc991d31ad56	20250509	1	11002000107	900000000000509007	47761002000118	900000000000548007
0dfbd5ff-760c-43b0-aceb-dcea513bc984	20250509	1	11002000107	900000000000509007	30071002000114	900000000000548007
0e040a49-ab95-4018-a092-36c17811913a	20250509	1	11002000107	900000000000509007	3751002000115	900000000000548007
0e055f56-b54e-4fe0-b085-e366c7a00bc5	20250509	1	11002000107	900000000000509007	48221002000119	900000000000549004
0e084e76-2f01-4fb5-ae43-feca011ecd22	20250509	1	11002000107	900000000000509007	42961002000118	900000000000548007
0e2a66a4-6f7d-4e44-a377-7f71a061e92d	20250509	1	11002000107	900000000000509007	37261002000111	900000000000548007
0e2d1576-4de2-459b-9074-8a53777825df	20250509	1	11002000107	900000000000509007	36301002000118	900000000000548007
0e4e77fa-b2e3-4db5-b5b2-6b65512d3632	20250509	1	11002000107	900000000000509007	45841002000119	900000000000548007
0e532517-7f92-4c5c-adc4-8000c3242ef2	20250509	1	11002000107	900000000000509007	11211002000114	900000000000549004
0e5b1102-43c9-4818-beaf-6bb725325eb3	20250509	1	11002000107	900000000000509007	32731002000112	900000000000549004
0e79e96d-a8db-4e10-b8b0-58a57ef986c7	20250509	1	11002000107	900000000000509007	21231002000114	900000000000548007
0e7e248c-bb59-46b5-9b3f-08ac9ac55b36	20250509	1	11002000107	900000000000509007	30101002000118	900000000000548007
0e80fe20-c13e-402d-a2ef-9dd8b3a5a7d6	20250509	1	11002000107	900000000000509007	30201002000114	900000000000548007
0e8c3a56-bc6c-4b62-b054-71157985ebff	20250509	1	11002000107	900000000000509007	12801002000117	900000000000548007
0e9f7695-4827-404e-b729-2d2b16b4b287	20250509	1	11002000107	900000000000509007	20701002000116	900000000000548007
0ea8886f-85af-4cee-97b5-c5176b52d21a	20250509	1	11002000107	900000000000509007	13381002000113	900000000000548007
0ea96e25-98ec-4b55-b2b8-401c7f7947b9	20250509	1	11002000107	900000000000509007	28081002000111	900000000000549004
0ec203f2-46da-4b5e-a89f-0eecce3ca168	20250509	1	11002000107	900000000000509007	40561002000111	900000000000548007
0ec40287-671d-4a5b-bb0e-96dc6f5cfe21	20250509	1	11002000107	900000000000509007	42551002000113	900000000000549004
0ec5b5a8-278a-4eaf-8812-053ed2cdfb5d	20250509	1	11002000107	900000000000509007	44591002000110	900000000000549004
0ecca709-a0bb-44b9-b36e-bd11ac57a6f4	20250509	1	11002000107	900000000000509007	40611002000114	900000000000548007
0ed4463b-e867-4541-accd-27af2483c53f	20250509	1	11002000107	900000000000509007	10131002000117	900000000000548007
0ed8a10d-af16-436f-843d-bca963cd6858	20250509	1	11002000107	900000000000509007	21711002000113	900000000000548007
0edb03ea-d248-4f96-a11b-c34fb6b7991d	20250509	1	11002000107	900000000000509007	18781002000118	900000000000548007
0eedb5a9-503a-4d7c-86c1-9a36ae009bb1	20250509	1	11002000107	900000000000509007	42701002000117	900000000000549004
0eef92f6-a9ad-4851-b994-3b1ccd112228	20250509	1	11002000107	900000000000509007	45121002000115	900000000000548007
0f17dac9-4b57-4b5a-8b7e-3659039e50dd	20250509	1	11002000107	900000000000509007	47491002000117	900000000000548007
0f190df2-5cfc-42dd-a4e7-0f2e9331b8e7	20250509	1	11002000107	900000000000509007	1301002000119	900000000000549004
0f2145a9-a445-47aa-9b10-2f6109f21363	20250509	1	11002000107	900000000000509007	13641002000112	900000000000548007
0f30cd9a-f751-42b4-9a39-e6c582a34867	20250509	1	11002000107	900000000000509007	40631002000117	900000000000549004
0f4d6ea0-5e27-4e29-a417-eeb71be5e1ba	20250509	1	11002000107	900000000000509007	15641002000113	900000000000548007
0f5278e2-5e67-4b5b-84e7-7e619e4d69d2	20250509	1	11002000107	900000000000509007	27211002000110	900000000000548007
0f538d01-2c2c-4851-be7b-6af333e99475	20250509	1	11002000107	900000000000509007	14011002000119	900000000000548007
0f693bca-05d9-4514-886a-d1a361786723	20250509	1	11002000107	900000000000509007	42331002000112	900000000000548007
0f74b45f-d24c-41aa-acbf-21d7a74a6af9	20250509	1	11002000107	900000000000509007	34221002000111	900000000000549004
0f78b131-dae8-4d6e-b986-41c49caa90a5	20250509	1	11002000107	900000000000509007	26961002000115	900000000000548007
0f7d0479-6ca9-4cb1-a721-a3eef3482c6f	20250509	1	11002000107	900000000000509007	45931002000119	900000000000548007
0f9e793d-02df-45fa-876b-87388b8b7181	20250509	1	11002000107	900000000000509007	32271002000116	900000000000548007
0f9f73f4-3b19-4d6c-8615-3b0fffe0a6af	20250509	1	11002000107	900000000000509007	24131002000119	900000000000548007
0fba568a-ec3f-4bff-a704-56669c655f34	20250509	1	11002000107	900000000000509007	5291002000117	900000000000548007
0fd58e3e-53ca-4a5b-947c-d46b6d9c224d	20250509	1	11002000107	900000000000509007	271002000115	900000000000548007
0fd63fbd-74f8-45cb-a506-476a514d98a6	20250509	1	11002000107	900000000000509007	39121002000119	900000000000548007
0fe9fcb9-fd4a-478a-b1a8-b9cce6693b87	20250509	1	11002000107	900000000000509007	48381002000111	900000000000548007
0ff657aa-8bf3-4d9c-9edd-cc62b000a328	20250509	1	11002000107	900000000000509007	7541002000117	900000000000549004
0ffad14b-31b0-43f9-b233-092d1c42f0bf	20250509	1	11002000107	900000000000509007	31221002000114	900000000000548007
0ffcfc03-9131-48bc-9af8-18718753fd6e	20250509	1	11002000107	900000000000509007	7691002000111	900000000000549004
10030eea-f6a8-43f7-b2b8-27cc1d830c4c	20250509	1	11002000107	900000000000509007	45181002000116	900000000000548007
101ea53c-aac6-4962-9903-c4f81064b67b	20250509	1	11002000107	900000000000509007	42561002000110	900000000000548007
1040bbb1-c35d-432e-861b-c6fdb72cd77c	20250509	1	11002000107	900000000000509007	3861002000114	900000000000548007
1057dbaf-55b3-4edf-9eac-80f8d0af5a0a	20250509	1	11002000107	900000000000509007	15931002000114	900000000000548007
107fd186-f5b6-4baa-a7f5-18f5259834f9	20250509	1	11002000107	900000000000509007	18321002000116	900000000000548007
10805569-2af9-4ae0-a8c5-1d0e93a2ba7b	20250509	1	11002000107	900000000000509007	1251002000112	900000000000548007
109a42c0-1c50-4622-9116-4f093090af14	20250509	1	11002000107	900000000000509007	26581002000116	900000000000548007
10a4f8aa-e1ed-43f1-924b-9c3fed5a38e6	20250509	1	11002000107	900000000000509007	25561002000115	900000000000548007
10a7cb2c-baaf-4556-98c7-9423434495b0	20250509	1	11002000107	900000000000509007	19911002000119	900000000000548007
10b742a4-96db-4dc4-89b5-fc02a9dc8fe4	20250509	1	11002000107	900000000000509007	18111002000112	900000000000548007
10b84dd6-e6d1-4d2e-9fa1-9f515f13386e	20250509	1	11002000107	900000000000509007	35171002000115	900000000000549004
10cae3b9-b0a9-4970-b63c-681e8089c248	20250509	1	11002000107	900000000000509007	21091002000119	900000000000548007
10dc5e3d-82a8-4504-9728-9c2df3a09873	20250509	1	11002000107	900000000000509007	1881002000117	900000000000548007
10e34f8f-ad3b-4829-baf7-48c983bb5a25	20250509	1	11002000107	900000000000509007	19161002000118	900000000000548007
10e5b425-95e3-425b-b39b-7c41af8c747c	20250509	1	11002000107	900000000000509007	4331002000111	900000000000548007
10f5a317-142d-4a0d-80c0-b5c2410c932b	20250509	1	11002000107	900000000000509007	5081002000113	900000000000548007
10fed49d-7bc8-459d-8977-268ddc54b8e1	20250509	1	11002000107	900000000000509007	18151002000113	900000000000548007
1103cce7-92c5-45cc-aaaa-abec7c713286	20250509	1	11002000107	900000000000509007	33081002000119	900000000000548007
112da21c-aac6-442a-b2a1-f4048745b759	20250509	1	11002000107	900000000000509007	8991002000115	900000000000549004
112f442a-88d1-4347-8968-c3c6f969cdd0	20250509	1	11002000107	900000000000509007	43271002000113	900000000000549004
115493d1-aa0d-4bf0-a560-f8bf044ecb0d	20250509	1	11002000107	900000000000509007	40981002000110	900000000000548007
1160e0e7-2c2e-46a9-aeb9-41c51e263918	20250509	1	11002000107	900000000000509007	30261002000110	900000000000548007
117ea4e3-cf08-4970-9aaf-e009d343043b	20250509	1	11002000107	900000000000509007	19611002000111	900000000000548007
1184c62d-b259-48df-a019-e819993394d4	20250509	1	11002000107	900000000000509007	46601002000114	900000000000549004
119d499b-17f0-4026-95fb-75a916de2cd4	20250509	1	11002000107	900000000000509007	29361002000111	900000000000548007
11bfaf71-73c8-4904-a36d-dfc75962bd32	20250509	1	11002000107	900000000000509007	4101002000115	900000000000548007
11c2bac5-249e-4885-80b2-54ef1f1b7deb	20250509	1	11002000107	900000000000509007	39731002000115	900000000000549004
11cc1e2e-c819-447d-9177-a922c072384d	20250509	1	11002000107	900000000000509007	31401002000117	900000000000548007
11dda759-159f-49b5-ae3b-aa8ccb711e70	20250509	1	11002000107	900000000000509007	781002000112	900000000000548007
11e955c9-b2ca-4b96-8373-1ac3669fd123	20250509	1	11002000107	900000000000509007	29861002000116	900000000000548007
11f4510e-da53-4906-aecb-1013df4e15b6	20250509	1	11002000107	900000000000509007	6751002000113	900000000000548007
11fb7bc3-1993-4d8b-9079-5691c2c9c962	20250509	1	11002000107	900000000000509007	48321002000112	900000000000548007
11fba74e-b39e-4c33-96df-ed92f7b94074	20250509	1	11002000107	900000000000509007	441002000110	900000000000548007
11ff3d54-238f-42c2-a3c8-3a6d294d52fa	20250509	1	11002000107	900000000000509007	10431002000113	900000000000549004
12067932-6ced-4019-93fc-16adbcb07fd5	20250509	1	11002000107	900000000000509007	14801002000113	900000000000548007
120a2ac7-da5c-423e-a084-4c37b31ffcb2	20250509	1	11002000107	900000000000509007	18651002000116	900000000000548007
122cb599-fd3b-4f1c-9267-f9c1f62b4c06	20250509	1	11002000107	900000000000509007	31821002000110	900000000000548007
124d914e-4d30-49a3-ba3f-5f98abf930da	20250509	1	11002000107	900000000000509007	27781002000112	900000000000548007
12624ec9-736f-46dc-a64d-99c317de108f	20250509	1	11002000107	900000000000509007	29101002000112	900000000000548007
12794c73-894f-4e1a-b3b4-37058e9a5293	20250509	1	11002000107	900000000000509007	41871002000110	900000000000548007
127b0c20-ad00-4969-9fa3-0d7ab75730f2	20250509	1	11002000107	900000000000509007	19921002000113	900000000000548007
128377b7-b8a0-4877-bc05-48825ee9ba7d	20250509	1	11002000107	900000000000509007	28411002000112	900000000000549004
12a5a2b4-e20d-486d-8e38-b273be6f1f12	20250509	1	11002000107	900000000000509007	6541002000115	900000000000548007
12b5785a-97ae-4a7d-8c61-c286f1a8a9cd	20250509	1	11002000107	900000000000509007	38461002000113	900000000000548007
12b9d2c2-fe5a-4467-9ca3-c26260d3beb1	20250509	1	11002000107	900000000000509007	24791002000119	900000000000548007
12ebe7e1-82ed-40f2-85c2-b24b337862d8	20250509	1	11002000107	900000000000509007	931002000113	900000000000548007
12edf17c-b330-4dfa-b1d9-6397488cdf6b	20250509	1	11002000107	900000000000509007	19251002000114	900000000000548007
12f732c2-97b6-440e-bcca-a5b9fec5733d	20250509	1	11002000107	900000000000509007	7451002000116	900000000000549004
12fe1365-1cd5-4ad4-9979-74db15e51119	20250509	1	11002000107	900000000000509007	20681002000119	900000000000549004
13215dfa-148e-45aa-8d6b-13190c4351ba	20250509	1	11002000107	900000000000509007	32061002000115	900000000000548007
13259225-0986-438d-8224-3a949b7c6392	20250509	1	11002000107	900000000000509007	47601002000112	900000000000548007
132b36d5-d7ba-446b-8560-9363527bee82	20250509	1	11002000107	900000000000509007	181002000111	900000000000548007
132c99d4-6dcf-45ef-8c6d-0412991754ed	20250509	1	11002000107	900000000000509007	34431002000113	900000000000549004
13377afb-2028-4252-a471-470fc78dcb86	20250509	1	11002000107	900000000000509007	25731002000119	900000000000549004
133e2944-a28c-4e66-9513-8ad5cbedda9a	20250509	1	11002000107	900000000000509007	17291002000112	900000000000549004
133f6e77-c89c-4efb-b4ca-7ee403dfbd99	20250509	1	11002000107	900000000000509007	42861002000112	900000000000548007
136ece4f-7961-4530-93e6-b0444726c9e1	20250509	1	11002000107	900000000000509007	981002000114	900000000000548007
138d9781-e196-42b3-a12c-cd4d7e231fbf	20250509	1	11002000107	900000000000509007	1241002000110	900000000000549004
13982cff-a597-4b36-889d-a49f0ea22b79	20250509	1	11002000107	900000000000509007	12281002000111	900000000000549004
139cdf03-a608-4348-a9a7-dfee1023dd6c	20250509	1	11002000107	900000000000509007	37121002000110	900000000000549004
139d19f8-4b91-4f8f-8c08-f9945429161b	20250509	1	11002000107	900000000000509007	43771002000119	900000000000548007
13a2aed8-eca0-448c-a441-de2ff4fcaccb	20250509	1	11002000107	900000000000509007	47351002000116	900000000000549004
13b95712-2a9e-4e86-85b1-89f9f2a40e32	20250509	1	11002000107	900000000000509007	29821002000113	900000000000548007
13de3568-c6a5-4143-8620-96c93abf4e57	20250509	1	11002000107	900000000000509007	35961002000110	900000000000548007
13f0adcc-78a4-4f1d-92ad-e8cea38525e2	20250509	1	11002000107	900000000000509007	32461002000110	900000000000549004
142731ab-1cd2-4f1b-b5cb-fb7b6e2f0316	20250509	1	11002000107	900000000000509007	47971002000113	900000000000548007
145d8162-d1b5-4d49-81c5-6579dccda904	20250509	1	11002000107	900000000000509007	5681002000118	900000000000548007
1478299b-d7d4-4d2c-83d7-18a28e7ff70d	20250509	1	11002000107	900000000000509007	16351002000110	900000000000549004
1491aa8c-127d-4b42-897b-587b8b1be6ea	20250509	1	11002000107	900000000000509007	11881002000115	900000000000548007
14c5201e-d609-4f26-84c5-f9c3fab4d9d8	20250509	1	11002000107	900000000000509007	12061002000114	900000000000548007
14e8805f-a35b-4526-afea-cd7055103937	20250509	1	11002000107	900000000000509007	42491002000115	900000000000549004
14eeba21-48cd-433c-ad46-597fc1a4fa3c	20250509	1	11002000107	900000000000509007	24601002000119	900000000000548007
14f17a52-dd42-4bdf-b70c-0b4264421e41	20250509	1	11002000107	900000000000509007	12591002000112	900000000000548007
14f37e17-32a4-4b8b-9ae6-fdc36688e608	20250509	1	11002000107	900000000000509007	49041002000112	900000000000548007
14f41dd8-f8df-4f80-b33f-e99839a7038e	20250509	1	11002000107	900000000000509007	8441002000117	900000000000549004
1504154d-9e2e-44a0-b1d8-33f9c0e5309f	20250509	1	11002000107	900000000000509007	33591002000113	900000000000548007
1518792a-848a-4c29-9966-828c3267e64d	20250509	1	11002000107	900000000000509007	2641002000118	900000000000548007
15272fcf-18c1-4af8-9abc-fcc4fb369888	20250509	1	11002000107	900000000000509007	13751002000118	900000000000548007
15375d26-5461-44e6-b34b-1e52c8a55686	20250509	1	11002000107	900000000000509007	42581002000119	900000000000549004
15583d3e-eb20-4178-a4f7-ff28c76054ac	20250509	1	11002000107	900000000000509007	48051002000119	900000000000548007
156d0254-aab5-4277-8570-6d712ce304a7	20250509	1	11002000107	900000000000509007	24731002000118	900000000000548007
157707df-d7b6-46d3-9083-c3ba01224b42	20250509	1	11002000107	900000000000509007	43101002000112	900000000000548007
1580af8a-789b-4d7c-9a46-317924227e44	20250509	1	11002000107	900000000000509007	8291002000113	900000000000549004
15816ec7-921f-4d6d-aa14-ab5352c73d87	20250509	1	11002000107	900000000000509007	6461002000117	900000000000548007
158f1275-18ff-4658-82e6-87ead52c028a	20250509	1	11002000107	900000000000509007	19811002000112	900000000000549004
159ce12f-3a7e-4d0e-b621-14a1bb6526a4	20250509	1	11002000107	900000000000509007	34871002000113	900000000000549004
15a21c3c-6003-4227-86dd-d0838b74de51	20250509	1	11002000107	900000000000509007	4861002000111	900000000000548007
15ada137-dd42-48b8-b1b3-2161786b79f6	20250509	1	11002000107	900000000000509007	27201002000112	900000000000548007
15bc4d21-5177-4919-a89e-4881d90e9b89	20250509	1	11002000107	900000000000509007	26421002000119	900000000000548007
15ddaad3-52df-4890-bab5-22ca6ef7f8f0	20250509	1	11002000107	900000000000509007	39991002000119	900000000000548007
15edbfa5-0366-4a6a-9522-9b9f4c994cda	20250509	1	11002000107	900000000000509007	27591002000116	900000000000548007
16068c6b-9539-44d7-a4f0-c78801da2329	20250509	1	11002000107	900000000000509007	36991002000112	900000000000548007
161aca0d-ce4b-4570-bd84-c8bfca256327	20250509	1	11002000107	900000000000509007	11121002000111	900000000000549004
162f6484-0689-4fae-acc7-57353a6aa5be	20250509	1	11002000107	900000000000509007	26151002000119	900000000000548007
16445e9c-f2b0-4743-bc18-4425965de323	20250509	1	11002000107	900000000000509007	43511002000116	900000000000549004
1648e833-8fda-4e1a-aa53-aa4dea73b78f	20250509	1	11002000107	900000000000509007	34231002000114	900000000000548007
165d2a28-001f-4f8f-b0a8-cadcd4526465	20250509	1	11002000107	900000000000509007	16421002000112	900000000000548007
1684923f-1134-4b93-a2f8-75fbd1b17daf	20250509	1	11002000107	900000000000509007	25701002000113	900000000000549004
169587a8-73ca-4c41-9ce7-b9c4ec9609f9	20250509	1	11002000107	900000000000509007	17071002000119	900000000000548007
16a1151a-4d11-42d0-b6e9-092ce37aec74	20250509	1	11002000107	900000000000509007	46541002000110	900000000000549004
16aa6679-42e6-4225-aae6-b76448cfc424	20250509	1	11002000107	900000000000509007	37021002000114	900000000000548007
16b8de31-d590-4601-8253-d55517788614	20250509	1	11002000107	900000000000509007	26971002000113	900000000000548007
16bc5a86-3a79-4a9e-9656-385ea32dfce1	20250509	1	11002000107	900000000000509007	9871002000119	900000000000548007
16e5fba2-5f72-4645-aad9-67e637f6c4ae	20250509	1	11002000107	900000000000509007	3981002000111	900000000000548007
16ed509e-ff74-450e-b7c7-3a56b10c0f07	20250509	1	11002000107	900000000000509007	15021002000112	900000000000548007
17010b60-ce55-4d9b-9204-b650d5693a95	20250509	1	11002000107	900000000000509007	9301002000118	900000000000548007
17077c00-7dbf-42a1-8457-529d543335d7	20250509	1	11002000107	900000000000509007	30601002000112	900000000000548007
1714320e-b257-4d17-844a-31559e25748f	20250509	1	11002000107	900000000000509007	23701002000114	900000000000548007
1724e136-c2e2-4c96-a1a8-f7c37cb383e4	20250509	1	11002000107	900000000000509007	40701002000118	900000000000548007
172a9032-609c-4f92-a548-fd07e0710b44	20250509	1	11002000107	900000000000509007	18071002000118	900000000000549004
173cd2f6-1c63-469d-89c5-931863d7710e	20250509	1	11002000107	900000000000509007	2381002000117	900000000000549004
173e1bbf-45e2-443c-bc3f-30d19d46dd91	20250509	1	11002000107	900000000000509007	36051002000116	900000000000548007
173f4261-bf1d-4fa7-89b8-77465246948a	20250509	1	11002000107	900000000000509007	35511002000116	900000000000548007
174b7f0f-94ca-4926-9cfa-3ae4e1131438	20250509	1	11002000107	900000000000509007	39681002000111	900000000000548007
176037ba-fcd8-4b3f-87b1-28a205247ee4	20250509	1	11002000107	900000000000509007	34201002000115	900000000000548007
1764631e-a6d5-4945-89e4-34a5577993e7	20250509	1	11002000107	900000000000509007	22591002000119	900000000000548007
1767d430-4300-4d8a-a367-39c1d0df1682	20250509	1	11002000107	900000000000509007	42641002000112	900000000000549004
177f2cce-8852-4ce1-801d-8d401e098d94	20250509	1	11002000107	900000000000509007	11671002000117	900000000000548007
178f4123-0355-4fd5-b8f8-aa822039670a	20250509	1	11002000107	900000000000509007	43961002000110	900000000000549004
17902c4f-e7bd-42bf-8655-c9c40d858f7a	20250509	1	11002000107	900000000000509007	45161002000112	900000000000549004
1793e6c2-ddfa-42d1-8354-9f8c6ebf5f3d	20250509	1	11002000107	900000000000509007	39311002000111	900000000000549004
179b8cfd-d853-4389-804f-6e68f4d2b2df	20250509	1	11002000107	900000000000509007	941002000117	900000000000549004
179e22a9-3009-4d2a-99f2-08f00c58dff6	20250509	1	11002000107	900000000000509007	37701002000115	900000000000548007
17ab6796-e584-4802-ba5e-0962a3a21a4c	20250509	1	11002000107	900000000000509007	9631002000116	900000000000548007
17af39f8-1793-4580-9e1e-69e0e994e5c3	20250509	1	11002000107	900000000000509007	16151002000112	900000000000548007
17dd1347-0272-45b2-b2ae-178f3def199e	20250509	1	11002000107	900000000000509007	37191002000112	900000000000548007
17decade-9225-4755-9f83-10467adff93a	20250509	1	11002000107	900000000000509007	26181002000113	900000000000548007
17f16d32-8eda-4f39-af56-8b1e87e98411	20250509	1	11002000107	900000000000509007	25351002000111	900000000000548007
17fba4e6-5552-4ad4-be91-ff4d6c7b0e07	20250509	1	11002000107	900000000000509007	25121002000118	900000000000548007
181e495d-132c-4e8d-b23f-d038044236c1	20250509	1	11002000107	900000000000509007	46951002000119	900000000000548007
1831bd3f-6b14-45b5-9bec-3684f9b9f6c6	20250509	1	11002000107	900000000000509007	25681002000110	900000000000548007
1872d6ee-4a7e-4cdc-8a4c-2bd5c0d8493b	20250509	1	11002000107	900000000000509007	43481002000110	900000000000549004
187813b8-75f1-4e2e-abb7-494d3a6127ce	20250509	1	11002000107	900000000000509007	26261002000110	900000000000549004
1893360e-1e20-4160-86f3-8d607e511677	20250509	1	11002000107	900000000000509007	46151002000116	900000000000549004
18a196f1-225a-4d34-ac6b-3f964a23d66a	20250509	1	11002000107	900000000000509007	24551002000116	900000000000548007
18a8a843-b115-4a2c-b3c1-56d5de6a9f64	20250509	1	11002000107	900000000000509007	48331002000110	900000000000548007
18cfb7a5-9bd9-4cce-993e-b4a09bcf4dfb	20250509	1	11002000107	900000000000509007	23561002000116	900000000000548007
18daff16-0e54-47e3-b9d8-3dee39c7acbc	20250509	1	11002000107	900000000000509007	7951002000113	900000000000548007
18e876ca-1d4c-45e9-9607-a36878746085	20250509	1	11002000107	900000000000509007	20651002000113	900000000000548007
18f7aefb-978c-4742-bef0-50c3ed6516d7	20250509	1	11002000107	900000000000509007	12041002000110	900000000000549004
19085aa2-0a98-4c85-a1b8-caba67051815	20250509	1	11002000107	900000000000509007	16331002000117	900000000000548007
19124be0-8b7f-442b-886a-01eb6641873b	20250509	1	11002000107	900000000000509007	26001002000117	900000000000548007
1949243b-0af9-44cb-8215-4063a9f09639	20250509	1	11002000107	900000000000509007	6441002000116	900000000000549004
195490c4-3697-488d-a618-978a0f54515c	20250509	1	11002000107	900000000000509007	48251002000114	900000000000549004
196416b4-a9ce-4a53-870c-236199d828c8	20250509	1	11002000107	900000000000509007	30221002000118	900000000000548007
197c6b66-3c77-445e-abac-6e377ca5960d	20250509	1	11002000107	900000000000509007	42921002000110	900000000000548007
1998651f-fce7-48d2-9190-fc9a86885a42	20250509	1	11002000107	900000000000509007	17251002000115	900000000000548007
199cd048-e4ce-4a65-b9c9-aab13d158c33	20250509	1	11002000107	900000000000509007	16631002000113	900000000000548007
19c1be5a-8837-461f-bdf6-10f047b764e4	20250509	1	11002000107	900000000000509007	32241002000110	900000000000548007
19cbbeef-c54b-4cf1-b16c-60a62b916641	20250509	1	11002000107	900000000000509007	44931002000118	900000000000548007
19d06abc-2534-4c2c-a4a4-40037b5c92b5	20250509	1	11002000107	900000000000509007	47731002000113	900000000000548007
1a15fac1-e00e-4359-98dc-6f5de5e28f0a	20250509	1	11002000107	900000000000509007	43911002000112	900000000000548007
1a213450-d480-4d5f-826c-5ef8a1dad9b0	20250509	1	11002000107	900000000000509007	44781002000119	900000000000548007
1a247de2-e636-482e-aaf5-feedf512e560	20250509	1	11002000107	900000000000509007	32741002000116	900000000000548007
1a27fc7c-c155-41d0-b5b5-d5c70b872450	20250509	1	11002000107	900000000000509007	25341002000114	900000000000549004
1a35ed08-005c-447a-8ba5-5aa95a65afa6	20250509	1	11002000107	900000000000509007	16411002000118	900000000000549004
1a3d356d-3597-4d7f-9c25-f146a61d4cfa	20250509	1	11002000107	900000000000509007	28141002000115	900000000000549004
1a5467eb-81fe-4755-8132-d0cbee73baff	20250509	1	11002000107	900000000000509007	17191002000117	900000000000548007
1a644e59-804a-440a-b416-84567346800f	20250509	1	11002000107	900000000000509007	1171002000114	900000000000548007
1a730695-a7dc-475a-be8c-704955aa394f	20250509	1	11002000107	900000000000509007	14171002000110	900000000000548007
1a7bf0fb-0eba-42be-972a-95769d9c481a	20250509	1	11002000107	900000000000509007	3291002000116	900000000000548007
1a80b150-7f40-47f3-98fc-f4a984e60fb5	20250509	1	11002000107	900000000000509007	37551002000111	900000000000548007
1a89b098-da34-42b0-8a3d-add428b31ed0	20250509	1	11002000107	900000000000509007	46231002000117	900000000000548007
1ab1b713-bd8d-4768-bce4-1d798349e5ec	20250509	1	11002000107	900000000000509007	47041002000115	900000000000548007
1ac4f227-a5f5-44a0-9a32-ba452ae6315d	20250509	1	11002000107	900000000000509007	45911002000111	900000000000549004
1aca5f9d-133d-48ec-83bb-901ae822dc22	20250509	1	11002000107	900000000000509007	701002000117	900000000000549004
1acf5555-e07d-4d91-9cc4-0f7b59d084ae	20250509	1	11002000107	900000000000509007	47061002000116	900000000000548007
1ad5f069-3d4f-40ab-87ec-1b327ada5691	20250509	1	11002000107	900000000000509007	15401002000114	900000000000548007
1ad6f25c-974c-4ac3-bc14-e4bd7bd6188c	20250509	1	11002000107	900000000000509007	6471002000110	900000000000549004
1adf74d1-da3f-4f0f-9979-3d393ea4be6a	20250509	1	11002000107	900000000000509007	21021002000116	900000000000548007
1af77d92-a047-4652-b3b4-cdd18c0328e2	20250509	1	11002000107	900000000000509007	39631002000110	900000000000548007
1b0740c9-d07b-4c08-98f8-ea3b0932e4cc	20250509	1	11002000107	900000000000509007	4501002000113	900000000000548007
1b0c0abe-42fd-43e2-ad04-83f5b195e32b	20250509	1	11002000107	900000000000509007	46761002000115	900000000000548007
1b1c7030-91a9-4d3b-a18b-ead50ff083a9	20250509	1	11002000107	900000000000509007	971002000111	900000000000549004
1b2132e1-fd09-4342-bf97-90b27b7edc48	20250509	1	11002000107	900000000000509007	12151002000111	900000000000548007
1b21da80-3c74-4524-8d8d-cbdc0ada757f	20250509	1	11002000107	900000000000509007	30021002000113	900000000000548007
1b291c61-fb4e-4038-9fb6-dbfe159481ce	20250509	1	11002000107	900000000000509007	44201002000119	900000000000549004
1b450700-d8fc-48c9-b68f-9923f4347e56	20250509	1	11002000107	900000000000509007	34451002000115	900000000000548007
1b48de17-aba8-4885-85c8-39aded65e57b	20250509	1	11002000107	900000000000509007	18731002000119	900000000000549004
1b6303e7-07a2-48e8-b589-53d805cb6b9f	20250509	1	11002000107	900000000000509007	5481002000116	900000000000549004
1b6e088b-4dbc-4bfb-ab8a-6ddd9ffc59bc	20250509	1	11002000107	900000000000509007	27121002000112	900000000000548007
1b8ec86d-6c71-462c-8987-dc1ee3dc19a9	20250509	1	11002000107	900000000000509007	4061002000118	900000000000548007
1bc3d489-2ca1-4fdb-abe8-991762f43680	20250509	1	11002000107	900000000000509007	30471002000118	900000000000548007
1bc68cf3-30e9-46c1-a366-62942d090bba	20250509	1	11002000107	900000000000509007	10291002000113	900000000000548007
1bd49124-028d-487e-84d0-cac3e63a4837	20250509	1	11002000107	900000000000509007	13201002000112	900000000000548007
1bd5e918-cb34-4ed7-a66c-2e847111b975	20250509	1	11002000107	900000000000509007	27901002000119	900000000000548007
1be636f1-4f29-4e7e-ac44-4eb7c836dd50	20250509	1	11002000107	900000000000509007	15191002000110	900000000000548007
1be6946c-401d-4bbe-bd07-de2b4e38f801	20250509	1	11002000107	900000000000509007	45441002000117	900000000000548007
1beeb552-1ddc-4687-9e95-f89a2061d37a	20250509	1	11002000107	900000000000509007	13331002000112	900000000000549004
1bf708d7-419f-484e-ac8a-b0665109b6c8	20250509	1	11002000107	900000000000509007	9021002000111	900000000000549004
1c1696e0-7eb4-49cf-8474-eacbe3789be1	20250509	1	11002000107	900000000000509007	26171002000110	900000000000549004
1c288c5b-43b7-4102-9237-df08ff94dc69	20250509	1	11002000107	900000000000509007	13951002000115	900000000000548007
1c2a25e0-eabd-4bb6-af37-d917205c6036	20250509	1	11002000107	900000000000509007	34511002000115	900000000000548007
1c3569a2-8488-4e2d-a87f-797ab421fe7e	20250509	1	11002000107	900000000000509007	4681002000119	900000000000548007
1c60acde-61a1-4f06-9ef8-186c7c2b73a6	20250509	1	11002000107	900000000000509007	6211002000116	900000000000548007
1c6ba863-963f-4dfa-a05c-ffab34cfaa21	20250509	1	11002000107	900000000000509007	34041002000114	900000000000549004
1c86d437-3a4c-43ae-a1de-2cf523b0899c	20250509	1	11002000107	900000000000509007	45291002000113	900000000000548007
1c893f9c-1174-419e-b178-8934d61b6396	20250509	1	11002000107	900000000000509007	29211002000118	900000000000548007
1c956ef7-df06-49ea-92e2-3209575a9c8f	20250509	1	11002000107	900000000000509007	2991002000118	900000000000548007
1c96a3c6-2243-4a4a-8b12-b0eaef966205	20250509	1	11002000107	900000000000509007	15651002000110	900000000000549004
1c99f3bc-9fee-4700-aaa6-9508d06df7dd	20250509	1	11002000107	900000000000509007	4851002000114	900000000000549004
1ca7be40-0822-457d-a797-f7f96b14de04	20250509	1	11002000107	900000000000509007	15251002000112	900000000000548007
1cb0cb2d-102b-431c-8ae1-3330508ce00e	20250509	1	11002000107	900000000000509007	11231002000117	900000000000548007
1cb78818-f243-4785-bc7d-33d9650807fe	20250509	1	11002000107	900000000000509007	16501002000115	900000000000549004
1cc5544e-e959-49ae-bdbe-aad01520a9c9	20250509	1	11002000107	900000000000509007	16591002000113	900000000000549004
1cca6898-a34e-435a-9198-3cd8ae5f0181	20250509	1	11002000107	900000000000509007	9471002000116	900000000000549004
1cf19a16-2079-4f68-9f2e-bb567f96d32a	20250509	1	11002000107	900000000000509007	3631002000118	900000000000548007
1d051395-e921-49bd-90b6-dd20470b2196	20250509	1	11002000107	900000000000509007	26921002000112	900000000000549004
1d15debc-da12-4910-90d5-65ca80dd0d7a	20250509	1	11002000107	900000000000509007	10681002000112	900000000000548007
1d1f93cb-4d98-4972-b4cf-d20c715b7d0a	20250509	1	11002000107	900000000000509007	47871002000116	900000000000548007
1d5f3276-e956-48d5-b488-a4fb14577fd7	20250509	1	11002000107	900000000000509007	32211002000111	900000000000549004
1d5fe40d-8287-4359-8571-cc7a698bc6c5	20250509	1	11002000107	900000000000509007	35461002000119	900000000000548007
1d60f233-aba1-4945-a903-e681f46e51db	20250509	1	11002000107	900000000000509007	22701002000115	900000000000548007
1d6b8cd8-d3f2-4872-bded-7e4d4b31ad0d	20250509	1	11002000107	900000000000509007	1041002000119	900000000000548007
1d6c0461-04fd-4984-b7b2-450726e1647e	20250509	1	11002000107	900000000000509007	8531002000112	900000000000549004
1d7e692b-be95-4ff3-9027-f5c0de9033b5	20250509	1	11002000107	900000000000509007	34961002000114	900000000000549004
1d8bc799-c46f-48ae-9df7-7977dd7a423d	20250509	1	11002000107	900000000000509007	711002000119	900000000000548007
1db45a05-720b-4f6c-9434-bc162816b353	20250509	1	11002000107	900000000000509007	21701002000110	900000000000549004
1dc642b2-b300-4c12-b103-499bf489e155	20250509	1	11002000107	900000000000509007	32101002000117	900000000000548007
1ddf810f-5678-48d7-a549-ae749336781f	20250509	1	11002000107	900000000000509007	6641002000119	900000000000548007
1df9d6a6-f8d0-4b23-91da-9a2f9d27413f	20250509	1	11002000107	900000000000509007	36181002000111	900000000000548007
1dfe3225-6c39-433f-af85-ff86d25cf361	20250509	1	11002000107	900000000000509007	6281002000114	900000000000548007
1e0a764a-18a7-49d0-b303-edb3f0583922	20250509	1	11002000107	900000000000509007	13001002000115	900000000000549004
1e236b83-3aa3-4931-992a-fcf0f901c6af	20250509	1	11002000107	900000000000509007	29691002000111	900000000000548007
1e28b691-ba2f-4899-bf40-0ec7ad8afc6a	20250509	1	11002000107	900000000000509007	1791002000111	900000000000548007
1e2cf3e7-7d08-4597-bed5-7d477b8865c5	20250509	1	11002000107	900000000000509007	35861002000116	900000000000549004
1e2e9b90-f141-4bd7-8da2-167b2b7ff6e9	20250509	1	11002000107	900000000000509007	3101002000118	900000000000548007
1e301e96-0417-41e9-a3a6-c3161471737a	20250509	1	11002000107	900000000000509007	24371002000119	900000000000548007
1e353cf1-c8e3-4bef-8eda-371cb6e3c154	20250509	1	11002000107	900000000000509007	35341002000112	900000000000548007
1e43648d-99ae-4389-864b-61af7bd1780c	20250509	1	11002000107	900000000000509007	34551002000119	900000000000548007
1e5364b8-e9f2-4387-b618-398d3ef75e0b	20250509	1	11002000107	900000000000509007	48371002000113	900000000000549004
1e537d38-c77a-4b91-bd18-4f0611bff04c	20250509	1	11002000107	900000000000509007	8311002000112	900000000000548007
1e62c6ff-fb4f-4821-a61d-fc73ba4f676f	20250509	1	11002000107	900000000000509007	39611002000118	900000000000549004
1e67ea15-c96b-4ac4-8d15-a24b4cb49e8c	20250509	1	11002000107	900000000000509007	49111002000112	900000000000548007
1e6ba94b-e0b2-47b7-8f12-d53e98dc600a	20250509	1	11002000107	900000000000509007	22491002000118	900000000000548007
1e801211-0db0-4c68-ab77-82bff3908bcd	20250509	1	11002000107	900000000000509007	46561002000114	900000000000548007
1e99e1fd-9ac2-4fc9-83d9-f2c405c1893b	20250509	1	11002000107	900000000000509007	7871002000114	900000000000549004
1ea11cee-cd9c-4a8a-a4e4-70603d8ff10f	20250509	1	11002000107	900000000000509007	28031002000110	900000000000549004
1ea4ee9c-6be9-4cb6-92a8-5aab5954c0ff	20250509	1	11002000107	900000000000509007	12561002000118	900000000000548007
1eb7534c-7d16-41cb-ad90-d1a6abea76d8	20250509	1	11002000107	900000000000509007	38661002000110	900000000000548007
1ec236fe-d15e-455f-b89a-27d6c270a49a	20250509	1	11002000107	900000000000509007	9311002000115	900000000000548007
1ecde075-c90a-447d-93a8-98ff6d0f4c4d	20250509	1	11002000107	900000000000509007	1691002000118	900000000000549004
1ed323b8-6d64-48e4-90c7-476e76c96f8c	20250509	1	11002000107	900000000000509007	28091002000114	900000000000548007
1ed9b8ab-0d8c-4e63-8949-f3baa062c609	20250509	1	11002000107	900000000000509007	30711002000116	900000000000548007
1f00158a-ab14-40ac-83d9-a1b96416cf72	20250509	1	11002000107	900000000000509007	10561002000117	900000000000548007
1f12edc7-fd75-46b9-9e0b-32e0a882e742	20250509	1	11002000107	900000000000509007	26381002000110	900000000000549004
1f2482da-5d01-4837-b577-62a0197d51d1	20250509	1	11002000107	900000000000509007	46811002000113	900000000000549004
1f26460c-4c81-42e0-9f20-b2f2f5d73c38	20250509	1	11002000107	900000000000509007	17841002000118	900000000000548007
1f3dbf4d-9ab3-49d3-9032-621153ef9c91	20250509	1	11002000107	900000000000509007	21011002000110	900000000000548007
1f3f9a91-888f-454d-81d9-b59c40d32934	20250509	1	11002000107	900000000000509007	40281002000118	900000000000548007
1f456a59-70e2-46a5-9140-a76ad60fea06	20250509	1	11002000107	900000000000509007	18641002000118	900000000000548007
1f472d6e-24c5-49e5-92d5-69f3ce381903	20250509	1	11002000107	900000000000509007	48471002000119	900000000000548007
1f493889-aa8f-4447-8157-4efd994ebcc3	20250509	1	11002000107	900000000000509007	20181002000110	900000000000548007
1f49c4ff-c319-4f2b-8285-c372b3ad40b3	20250509	1	11002000107	900000000000509007	35081002000118	900000000000549004
1f4d69b9-6f26-4a58-abd8-e57ff79348b3	20250509	1	11002000107	900000000000509007	26541002000113	900000000000548007
1f51d2a5-154b-4b5e-91ca-0be66900cc3f	20250509	1	11002000107	900000000000509007	4031002000113	900000000000548007
1f5af725-e162-43dc-8ea0-a009e3c798c5	20250509	1	11002000107	900000000000509007	3371002000112	900000000000549004
1f639995-7dfe-4d92-bb90-49a2a3674f91	20250509	1	11002000107	900000000000509007	46331002000111	900000000000549004
1f6df597-6aa9-43db-8457-3d83331e53ed	20250509	1	11002000107	900000000000509007	27161002000115	900000000000549004
1f766b9e-23c7-4cc8-b621-6b0362635049	20250509	1	11002000107	900000000000509007	22311002000118	900000000000548007
1f770ce4-f965-4793-918c-3e7e50f03d96	20250509	1	11002000107	900000000000509007	36331002000112	900000000000548007
1f81478a-884e-460a-bc71-4d88fccb2b34	20250509	1	11002000107	900000000000509007	21391002000116	900000000000548007
1f9a0f05-e0f3-4fa0-bd1f-bcb4926e4d22	20250509	1	11002000107	900000000000509007	12751002000110	900000000000548007
1f9cbf9f-0ef7-4766-96cb-8af80f5dae18	20250509	1	11002000107	900000000000509007	9431002000119	900000000000548007
1fa6345a-68cf-445e-8c4d-ec98f09309a5	20250509	1	11002000107	900000000000509007	29141002000114	900000000000548007
1fab3f0c-22b3-4daa-a922-16e5f4b253cf	20250509	1	11002000107	900000000000509007	43721002000115	900000000000549004
1ffd325b-da67-4175-b856-4b5493bec618	20250509	1	11002000107	900000000000509007	39051002000110	900000000000548007
20008733-c60f-43ad-927f-c21c98ba3d8c	20250509	1	11002000107	900000000000509007	48011002000115	900000000000549004
2008fa42-5e60-4886-9f97-2723670d0b9c	20250509	1	11002000107	900000000000509007	15081002000111	900000000000548007
20129b53-db00-4843-a9b1-1159678754ee	20250509	1	11002000107	900000000000509007	35661002000117	900000000000548007
2023947b-3744-4709-8990-021fcbeb7324	20250509	1	11002000107	900000000000509007	40841002000114	900000000000549004
2046d579-4b51-4ec3-b40d-e1fea6ea524b	20250509	1	11002000107	900000000000509007	25611002000117	900000000000549004
205594c1-bf82-490e-8521-cd96773fb175	20250509	1	11002000107	900000000000509007	6911002000110	900000000000548007
2058fd46-7588-40e4-9678-f6fe361bd4c7	20250509	1	11002000107	900000000000509007	20891002000117	900000000000548007
206e7392-f902-4031-a8f6-043d768fd1c4	20250509	1	11002000107	900000000000509007	15621002000115	900000000000549004
207a66b7-83e3-4343-b87c-a2f3a0e289c4	20250509	1	11002000107	900000000000509007	39651002000117	900000000000548007
20859ad8-5a06-4e40-8c54-4acd33687a92	20250509	1	11002000107	900000000000509007	39031002000117	900000000000548007
2086137b-eeb3-4c35-9bcb-13fc27dc6030	20250509	1	11002000107	900000000000509007	33781002000117	900000000000548007
209efdff-a83a-42fc-8788-2ab21de7cc76	20250509	1	11002000107	900000000000509007	9821002000115	900000000000549004
20a32cdd-116b-48ee-a4b4-9236cb887a18	20250509	1	11002000107	900000000000509007	18061002000111	900000000000548007
20b0d59d-0090-4d5f-bcc4-e2b4c11f359e	20250509	1	11002000107	900000000000509007	38361002000116	900000000000548007
20b1586f-e759-4d7d-a364-a7e262dff8eb	20250509	1	11002000107	900000000000509007	12651002000119	900000000000548007
20b9dc51-193e-43de-99f1-867409f97454	20250509	1	11002000107	900000000000509007	21871002000113	900000000000549004
20bd3b05-b629-4a00-9891-7356beb6262a	20250509	1	11002000107	900000000000509007	35831002000111	900000000000549004
20c78ee7-23f1-4b54-94e6-5437bb9354a4	20250509	1	11002000107	900000000000509007	29051002000112	900000000000548007
20ce33ed-2098-4366-a743-c4c83744db9a	20250509	1	11002000107	900000000000509007	44311002000111	900000000000548007
20d74684-cc84-466a-81ad-0877a84f64f4	20250509	1	11002000107	900000000000509007	34741002000112	900000000000548007
20e40143-dbb0-4f1a-9317-eb5ef0762637	20250509	1	11002000107	900000000000509007	4431002000118	900000000000549004
20e9890c-6d52-42a5-97b2-b42d04916fdf	20250509	1	11002000107	900000000000509007	48721002000111	900000000000548007
20eb79fa-2ca9-4bad-b380-8104f64e950d	20250509	1	11002000107	900000000000509007	39951002000111	900000000000548007
20ec8d3f-1346-4a8c-90c7-c95e9f30b5b6	20250509	1	11002000107	900000000000509007	48161002000118	900000000000549004
20ef79b6-2929-4ede-a7c0-265afcceb03d	20250509	1	11002000107	900000000000509007	35781002000116	900000000000548007
21057adc-8cbc-428f-b185-cb9285a72a1c	20250509	1	11002000107	900000000000509007	30541002000113	900000000000548007
210c3a0e-8d6d-4346-a17f-eacd64c4a7a5	20250509	1	11002000107	900000000000509007	35321002000119	900000000000549004
210ca08b-e61a-4b45-9fe9-967fa395361f	20250509	1	11002000107	900000000000509007	30981002000111	900000000000548007
210f9cb0-8540-4623-8e98-9aa83fbc06c0	20250509	1	11002000107	900000000000509007	24431002000110	900000000000548007
2116e8f0-922d-4be8-aa07-b9d3b088b5de	20250509	1	11002000107	900000000000509007	35471002000112	900000000000549004
211e07f1-3995-4f5c-b66c-478f807c04bb	20250509	1	11002000107	900000000000509007	44481002000113	900000000000548007
212a5d70-9529-4e69-aca9-f611de73f9e3	20250509	1	11002000107	900000000000509007	33371002000119	900000000000548007
212add9f-3208-4a4c-8aae-cd369c2254e6	20250509	1	11002000107	900000000000509007	22141002000117	900000000000548007
2147fed0-f08f-4504-8441-1fab8464028c	20250509	1	11002000107	900000000000509007	21151002000110	900000000000548007
215bd91d-fcaf-4601-8ecb-f43a7e895f45	20250509	1	11002000107	900000000000509007	35201002000116	900000000000549004
215e429c-02d2-41e1-b555-24230406112b	20250509	1	11002000107	900000000000509007	24721002000116	900000000000548007
217f8a7e-9649-4e9e-805d-08273d4794b8	20250509	1	11002000107	900000000000509007	39231002000113	900000000000548007
218817c7-5ffb-484e-b3c1-7ee238bcb631	20250509	1	11002000107	900000000000509007	30211002000112	900000000000548007
218ee0ff-0992-49ab-99c8-2d8f5aba811b	20250509	1	11002000107	900000000000509007	24221002000113	900000000000549004
21a1b6dc-9b06-4c4c-909d-7bc1f104fade	20250509	1	11002000107	900000000000509007	38741002000119	900000000000549004
21b30a5c-74c1-4a55-b5f3-17c9ed537875	20250509	1	11002000107	900000000000509007	16871002000110	900000000000549004
21b33ee2-b28a-40c2-8f4f-0b87e6e75937	20250509	1	11002000107	900000000000509007	17461002000117	900000000000548007
21c17fc4-14a8-406d-8c50-b47cb83d5259	20250509	1	11002000107	900000000000509007	36151002000117	900000000000548007
21ea720e-decc-4332-b43d-9fa60d9caa4a	20250509	1	11002000107	900000000000509007	43531002000113	900000000000548007
22029bc1-e029-4d2f-9c48-23ff0d117bb3	20250509	1	11002000107	900000000000509007	38701002000116	900000000000548007
2202fb6f-e281-462d-8091-326196796634	20250509	1	11002000107	900000000000509007	28651002000110	900000000000549004
22056b8a-1b85-4db6-9779-a0210ca8aaaf	20250509	1	11002000107	900000000000509007	41971002000118	900000000000548007
2227b118-7fad-49a3-95ff-7bd0a609777a	20250509	1	11002000107	900000000000509007	12081002000118	900000000000548007
2233c958-5b52-4665-a9d4-70f2e16fcb8c	20250509	1	11002000107	900000000000509007	18681002000110	900000000000548007
22363d8e-7a20-4520-a907-497c70209ede	20250509	1	11002000107	900000000000509007	43451002000116	900000000000549004
2238f6bc-74fe-439e-ae3c-0f2c6c13e298	20250509	1	11002000107	900000000000509007	38141002000118	900000000000549004
2240db97-c75f-4ee1-bafc-7890cfe5d1db	20250509	1	11002000107	900000000000509007	22201002000110	900000000000548007
224c7002-5782-444c-b17f-177e31403a7b	20250509	1	11002000107	900000000000509007	25301002000112	900000000000548007
226264eb-784d-4637-93d6-218256cff9fb	20250509	1	11002000107	900000000000509007	26811002000111	900000000000548007
226ffbf5-c6f7-41cc-abf8-64209e5e02b9	20250509	1	11002000107	900000000000509007	40191002000110	900000000000548007
22772487-d99f-4ec7-9a6f-40f662f4967a	20250509	1	11002000107	900000000000509007	24401002000116	900000000000548007
228948a5-3f8b-4e86-98fd-dc9298a9d467	20250509	1	11002000107	900000000000509007	33891002000111	900000000000549004
229a3282-443b-45f0-a9fb-8a0575a4acf2	20250509	1	11002000107	900000000000509007	3601002000112	900000000000548007
22b54629-090e-4136-86fe-8695e7b83445	20250509	1	11002000107	900000000000509007	1731002000112	900000000000548007
22b68864-1f3a-4527-b82d-3ae65d9fefee	20250509	1	11002000107	900000000000509007	23541002000115	900000000000548007
22c2e0e8-1b76-42d8-a5e3-7ef7de14ab50	20250509	1	11002000107	900000000000509007	29541002000117	900000000000548007
22c70e56-9451-42af-86ed-a2a5180dffb2	20250509	1	11002000107	900000000000509007	18181002000119	900000000000548007
22f86dbf-f756-46ac-834f-f8e337aca295	20250509	1	11002000107	900000000000509007	20541002000110	900000000000548007
22f94d81-ef70-49ec-916a-a1f722509715	20250509	1	11002000107	900000000000509007	21551002000119	900000000000548007
2312c8d6-e199-435c-a41c-4ff9f65794c3	20250509	1	11002000107	900000000000509007	1051002000117	900000000000548007
231fef87-52ca-47e1-b664-63cc68357e35	20250509	1	11002000107	900000000000509007	37411002000114	900000000000548007
2341679a-ac65-4c40-9203-721fa92ae630	20250509	1	11002000107	900000000000509007	3511002000114	900000000000548007
234c5775-11dd-4a0f-a5cf-e4557fb7f20b	20250509	1	11002000107	900000000000509007	2321002000116	900000000000549004
234ee151-4c29-421d-b530-7c4e60004038	20250509	1	11002000107	900000000000509007	13771002000114	900000000000549004
2353ad82-4d17-4c75-b727-9d4de2f6c407	20250509	1	11002000107	900000000000509007	20721002000112	900000000000548007
235c422c-5118-4e66-a917-973f00fc5ba5	20250509	1	11002000107	900000000000509007	40371002000111	900000000000548007
235c49ac-29ea-4037-bae9-43c8c2f17acb	20250509	1	11002000107	900000000000509007	16991002000117	900000000000548007
235cb990-7d07-4995-b85f-29e2e3362078	20250509	1	11002000107	900000000000509007	34501002000118	900000000000548007
235d72c0-2935-4346-b478-ffa92458f557	20250509	1	11002000107	900000000000509007	41611002000116	900000000000548007
236a3a00-8a9f-47bd-bf06-9cc05f007993	20250509	1	11002000107	900000000000509007	29611002000115	900000000000548007
2374262b-24fc-44d4-bbf0-f20aa0803140	20250509	1	11002000107	900000000000509007	29121002000116	900000000000548007
2380182e-9c31-43b8-9477-bc1d4f012dbe	20250509	1	11002000107	900000000000509007	25971002000119	900000000000548007
23cb1df6-98d7-4d36-8e9f-2f09eb88a92d	20250509	1	11002000107	900000000000509007	1401002000114	900000000000548007
23d20b27-79e9-43ce-8a73-0d85a62756d7	20250509	1	11002000107	900000000000509007	37081002000113	900000000000548007
23d5fa7a-4685-4127-b2ca-f0d681c93ed7	20250509	1	11002000107	900000000000509007	21731002000116	900000000000549004
23f962b5-f837-4cec-8dea-02b013d4d7e5	20250509	1	11002000107	900000000000509007	36811002000114	900000000000548007
23fecbc7-21fb-48d0-97c1-46328bc9603b	20250509	1	11002000107	900000000000509007	42071002000112	900000000000549004
24053ee7-eeb5-4b78-98de-a50087aa4758	20250509	1	11002000107	900000000000509007	27481002000118	900000000000549004
24099448-9c59-480e-b0e0-5132050a8be0	20250509	1	11002000107	900000000000509007	9891002000118	900000000000548007
2409de6e-0c73-4d77-88f2-ce87e1b733a8	20250509	1	11002000107	900000000000509007	27021002000111	900000000000548007
24183a81-15b4-410f-bb1f-46ce84e1a4c5	20250509	1	11002000107	900000000000509007	34271002000112	900000000000548007
243014dd-6f34-4054-86c7-4ec0c4a351dd	20250509	1	11002000107	900000000000509007	10001002000112	900000000000549004
2445aa2c-a5ff-4bd2-83e3-06b708fa7241	20250509	1	11002000107	900000000000509007	26711002000116	900000000000549004
24510170-da4e-4e62-8be9-533e9aeaf2df	20250509	1	11002000107	900000000000509007	22261002000111	900000000000548007
24763937-f798-4844-912c-fd6e1b7a5396	20250509	1	11002000107	900000000000509007	13871002000119	900000000000548007
2478ed70-f04b-4c92-9d9c-9e9fe2c08e1d	20250509	1	11002000107	900000000000509007	29661002000117	900000000000548007
247bca9f-7b10-4bf0-9a19-9b8d5e4389a1	20250509	1	11002000107	900000000000509007	5771002000112	900000000000548007
247d8591-cb80-4fda-9d73-7f74242a193f	20250509	1	11002000107	900000000000509007	6791002000116	900000000000548007
2483d73f-d874-40f4-9528-97f89b1367bc	20250509	1	11002000107	900000000000509007	45251002000116	900000000000549004
24a0634b-8877-4afb-a778-6f06e592efc0	20250509	1	11002000107	900000000000509007	2351002000111	900000000000549004
24b63d10-d2e8-4b01-aaa5-e52bed6a6431	20250509	1	11002000107	900000000000509007	39071002000119	900000000000549004
24c49c08-38e5-4950-b1a2-b233c2f556b8	20250509	1	11002000107	900000000000509007	30391002000113	900000000000548007
24cca93e-116c-4aa9-9154-51a9e116b30f	20250509	1	11002000107	900000000000509007	10771002000118	900000000000548007
25041a64-6eca-4576-b0a6-6259595a25e4	20250509	1	11002000107	900000000000509007	14701002000119	900000000000548007
250b20dd-5c98-48e4-928a-64345999eb35	20250509	1	11002000107	900000000000509007	37071002000110	900000000000548007
251929a8-922e-4df5-aa3d-cb422209ed8a	20250509	1	11002000107	900000000000509007	26871002000116	900000000000548007
25281998-649d-40f2-bf42-71c18fa938a3	20250509	1	11002000107	900000000000509007	29421002000111	900000000000548007
254dcec6-43fd-425e-abb1-c9b8013d88cc	20250509	1	11002000107	900000000000509007	12931002000115	900000000000548007
257346e5-a54e-4581-9ab3-d4c489eedec2	20250509	1	11002000107	900000000000509007	30871002000116	900000000000548007
25746423-730c-4ab8-b34c-24fa65e55b93	20250509	1	11002000107	900000000000509007	48731002000114	900000000000549004
257c2c90-1ccc-4daf-87c9-a062ff78fb41	20250509	1	11002000107	900000000000509007	40831002000118	900000000000548007
259b84e1-ab8f-42b5-89f6-f80b9ef82f8e	20250509	1	11002000107	900000000000509007	4571002000116	900000000000548007
25a2c7cd-f393-4092-90d2-a1f0b2278e69	20250509	1	11002000107	900000000000509007	38221002000115	900000000000548007
25ac933e-9995-46fa-a097-01382af6316d	20250509	1	11002000107	900000000000509007	34141002000113	900000000000548007
25adcb64-c669-4509-9a33-7397039376ab	20250509	1	11002000107	900000000000509007	28641002000113	900000000000548007
25b021a5-1cc4-470e-8d43-9c9391254599	20250509	1	11002000107	900000000000509007	42141002000119	900000000000548007
25be8d18-09ab-486a-bfff-fd7686a5ad7e	20250509	1	11002000107	900000000000509007	33381002000116	900000000000548007
25c2ff68-538e-4b86-92d7-cae1d0db70e3	20250509	1	11002000107	900000000000509007	46371002000114	900000000000548007
25d8a2c7-32b5-44d7-af6d-82ea2327c205	20250509	1	11002000107	900000000000509007	12681002000113	900000000000548007
25df9519-2add-4d7a-b1a4-8b7aee46e40b	20250509	1	11002000107	900000000000509007	7521002000110	900000000000548007
25e19445-f6f3-41bc-8a17-2fa7d7ce6af8	20250509	1	11002000107	900000000000509007	19751002000116	900000000000549004
25e3f1ac-cf76-4068-ab2a-57ee7421850b	20250509	1	11002000107	900000000000509007	42221002000116	900000000000549004
25e6c228-ea51-4a4f-b5cf-bd88228d08a7	20250509	1	11002000107	900000000000509007	28111002000119	900000000000549004
2601cd3e-033f-4095-8dc0-02d5bdcdee2a	20250509	1	11002000107	900000000000509007	9031002000114	900000000000548007
2605e23f-078c-475a-8312-151f56285505	20250509	1	11002000107	900000000000509007	20921002000114	900000000000548007
26099970-dfe9-4316-91db-2f453894c3dc	20250509	1	11002000107	900000000000509007	43921002000118	900000000000548007
260c27f1-5edb-4e2b-984c-8daaf5e06845	20250509	1	11002000107	900000000000509007	40861002000113	900000000000548007
26155305-2c12-448c-bad2-c13bb17993f9	20250509	1	11002000107	900000000000509007	35101002000112	900000000000548007
2625ccaa-95d7-420d-92e5-60b52251b1b4	20250509	1	11002000107	900000000000509007	20391002000110	900000000000548007
262be5d7-d2de-4695-9058-0428fcfd7c78	20250509	1	11002000107	900000000000509007	39461002000117	900000000000549004
26311f51-bddc-451d-9314-e9c9ea793eba	20250509	1	11002000107	900000000000509007	46511002000111	900000000000549004
2634aeeb-07d2-4f81-ac85-4da7d787e25a	20250509	1	11002000107	900000000000509007	42791002000110	900000000000549004
26379097-f70a-4026-8857-20345e2eaf3d	20250509	1	11002000107	900000000000509007	31951002000110	900000000000548007
263822df-4e3e-4989-aaea-e8866640718d	20250509	1	11002000107	900000000000509007	8211002000117	900000000000548007
264d3331-22ad-48c4-9ab9-1d1afec4d9b0	20250509	1	11002000107	900000000000509007	44421002000114	900000000000548007
264ee45e-5654-439a-9aad-472899b57330	20250509	1	11002000107	900000000000509007	1771002000110	900000000000548007
2665df4a-adb8-4440-b190-80cd78e1ea2a	20250509	1	11002000107	900000000000509007	15061002000115	900000000000549004
26674a67-d799-4eb4-bdeb-8059e2220c4d	20250509	1	11002000107	900000000000509007	44661002000115	900000000000548007
26794a87-cc7a-4804-a072-63c38b75388f	20250509	1	11002000107	900000000000509007	24011002000112	900000000000549004
268e3c2c-49af-47b9-89c2-ca020f4dfbea	20250509	1	11002000107	900000000000509007	2461002000116	900000000000548007
269aea14-bbb3-4600-834d-8974a2961952	20250509	1	11002000107	900000000000509007	13741002000115	900000000000549004
26a82d72-2975-4975-9732-e7391682a811	20250509	1	11002000107	900000000000509007	21961002000114	900000000000549004
26cb4031-d4dd-4adb-b0b9-070d2b22e959	20250509	1	11002000107	900000000000509007	6191002000117	900000000000548007
26dca325-3d51-4659-8b74-b741733df27b	20250509	1	11002000107	900000000000509007	30031002000111	900000000000548007
26dd063d-dd27-48f8-8ec5-114ecfac36fb	20250509	1	11002000107	900000000000509007	35651002000119	900000000000549004
26de7516-3281-43ee-be5f-7eae8adbf06e	20250509	1	11002000107	900000000000509007	31971002000119	900000000000548007
27093545-7e9b-4c32-8bab-512340d7f63f	20250509	1	11002000107	900000000000509007	17601002000116	900000000000548007
270a1e82-d6be-41aa-b6b9-fd90e36b4c68	20250509	1	11002000107	900000000000509007	25881002000114	900000000000549004
271a6e5b-ff00-4cc0-9f2d-1f1abbc7bbf0	20250509	1	11002000107	900000000000509007	20501002000113	900000000000548007
2728144a-541a-440d-8965-ceaecada3be4	20250509	1	11002000107	900000000000509007	7551002000115	900000000000548007
2737a55c-1d47-4c9d-b626-91471e522aea	20250509	1	11002000107	900000000000509007	38681002000119	900000000000549004
2738f0ae-50a7-4537-9542-5d4c42dc7402	20250509	1	11002000107	900000000000509007	8111002000114	900000000000549004
2754f791-cc96-4c4d-8104-45d06d81a81b	20250509	1	11002000107	900000000000509007	2191002000116	900000000000548007
27606b4a-f16a-4b73-86a1-c8f9e42bd145	20250509	1	11002000107	900000000000509007	11761002000115	900000000000548007
2761341f-b2db-4c72-89e6-032ddd70a38f	20250509	1	11002000107	900000000000509007	20791002000114	900000000000548007
277985e9-ac1f-491f-80f0-e7a693f10412	20250509	1	11002000107	900000000000509007	29741002000113	900000000000548007
277e2964-8872-4bd9-88e8-f2a68c2b5af2	20250509	1	11002000107	900000000000509007	38031002000113	900000000000548007
2792256f-c908-4d65-8961-4a8edadc25f8	20250509	1	11002000107	900000000000509007	35441002000118	900000000000549004
2797a486-4c57-4c24-b842-116cf6c65784	20250509	1	11002000107	900000000000509007	25521002000112	900000000000549004
27997218-9c1c-41e5-8b29-b06dee7c979e	20250509	1	11002000107	900000000000509007	27351002000119	900000000000548007
279e15d5-92a5-4415-adf5-fdfb9cd56e8e	20250509	1	11002000107	900000000000509007	32071002000113	900000000000548007
27b141f7-e19f-4904-a77f-7ad34f720f7b	20250509	1	11002000107	900000000000509007	44341002000110	900000000000548007
27b49479-7dbd-4d27-aa09-93bd5936e1dc	20250509	1	11002000107	900000000000509007	19051002000119	900000000000548007
27c4fed3-e177-419f-8ae0-a3186429f2a9	20250509	1	11002000107	900000000000509007	45951002000112	900000000000548007
27c56afe-a8db-4177-ba7e-7ad2c5dbf978	20250509	1	11002000107	900000000000509007	46041002000117	900000000000548007
27cdb04a-ff46-4fb7-b834-75129094dc28	20250509	1	11002000107	900000000000509007	33111002000111	900000000000548007
27d26692-ecd4-4872-b740-df71fd87ff31	20250509	1	11002000107	900000000000509007	2751002000112	900000000000549004
27e672a9-aed1-4937-a14c-e8c76d6aeb04	20250509	1	11002000107	900000000000509007	44751002000113	900000000000548007
27fbb0b2-aed1-4cef-8594-59cd578eaf85	20250509	1	11002000107	900000000000509007	14881002000118	900000000000549004
27feb9d5-2cd5-4154-8812-70fdf4cafa7f	20250509	1	11002000107	900000000000509007	5741002000118	900000000000548007
2801c1b8-c718-4ee1-b27c-701bd81b2708	20250509	1	11002000107	900000000000509007	6131002000116	900000000000548007
280e6241-e1a4-4336-ab62-c82899370a24	20250509	1	11002000107	900000000000509007	45331002000115	900000000000548007
280e7877-d31d-42bd-b563-a8a56d0ea69a	20250509	1	11002000107	900000000000509007	9751002000118	900000000000548007
280f923f-5d06-4e8f-ab2b-44b03149f67d	20250509	1	11002000107	900000000000509007	40001002000116	900000000000549004
2810a99f-5882-4946-9bc2-d096478e5f8e	20250509	1	11002000107	900000000000509007	32521002000119	900000000000549004
281244ba-f236-4758-9a0a-4517a34c991a	20250509	1	11002000107	900000000000509007	39821002000111	900000000000549004
2818b65d-e094-43e3-94c3-b0c251ff3da8	20250509	1	11002000107	900000000000509007	34381002000119	900000000000548007
283917bb-b0b6-434c-a664-8899a621ce3e	20250509	1	11002000107	900000000000509007	12811002000119	900000000000548007
2842c7af-37bb-46dc-b461-441473ccc33d	20250509	1	11002000107	900000000000509007	321002000114	900000000000548007
2849ca1f-4b77-446d-9c01-f2747b34cff9	20250509	1	11002000107	900000000000509007	42721002000113	900000000000548007
284f4845-25d6-4f1d-8d68-176ce379d46c	20250509	1	11002000107	900000000000509007	37181002000114	900000000000549004
285c6d4b-8569-447e-b029-d92c5c544a51	20250509	1	11002000107	900000000000509007	34421002000110	900000000000548007
285f0645-0fcc-4204-94f5-401e2e799524	20250509	1	11002000107	900000000000509007	751002000118	900000000000548007
286fdf22-202e-4613-9d95-735c4bba4d18	20250509	1	11002000107	900000000000509007	27561002000110	900000000000548007
2884d2e9-2b63-45e0-8b93-18b2b20eddf5	20250509	1	11002000107	900000000000509007	20041002000117	900000000000548007
28a196dd-4db0-4fb8-91f3-7278633d1a03	20250509	1	11002000107	900000000000509007	33011002000112	900000000000548007
28ae190f-6007-4cc6-94f3-3b8a50638c52	20250509	1	11002000107	900000000000509007	32571002000118	900000000000548007
28b0d790-aa0a-4d10-a3b9-8d20c5c5c157	20250509	1	11002000107	900000000000509007	17141002000112	900000000000549004
28b43f47-d4c4-45e3-8aae-b99c318b0396	20250509	1	11002000107	900000000000509007	37571002000115	900000000000549004
28cfb57a-13ba-46f3-b023-97af73132b3e	20250509	1	11002000107	900000000000509007	42111002000118	900000000000548007
2909af5f-d4e0-4f5f-a5a5-4120a3ad581d	20250509	1	11002000107	900000000000509007	43231002000110	900000000000548007
2913ab0b-03fc-44c8-a53e-6d390b67e9dd	20250509	1	11002000107	900000000000509007	43611002000115	900000000000548007
29198401-e6e6-4fda-b08a-74f0f42c6781	20250509	1	11002000107	900000000000509007	44701002000114	900000000000548007
291a81c2-85a9-484c-b604-78c5df759aae	20250509	1	11002000107	900000000000509007	9771002000114	900000000000548007
291cf230-de61-4dbc-976b-b2f2472af934	20250509	1	11002000107	900000000000509007	6011002000114	900000000000548007
292e83fb-888a-4703-8e2b-99744840eaaf	20250509	1	11002000107	900000000000509007	17221002000110	900000000000548007
29374ff7-336d-4b5e-8c07-aba2fa9be2e1	20250509	1	11002000107	900000000000509007	34311002000112	900000000000549004
293c4a0f-94e6-4a82-8076-16b8d7cefe82	20250509	1	11002000107	900000000000509007	33141002000110	900000000000548007
29477292-4aaa-437d-875a-77bb267cc811	20250509	1	11002000107	900000000000509007	44641002000119	900000000000548007
295d05e3-6a3b-4c0d-a25e-5361ca49c4f4	20250509	1	11002000107	900000000000509007	8591002000111	900000000000548007
2982653e-1dd3-482e-980e-540dcedae2de	20250509	1	11002000107	900000000000509007	9811002000114	900000000000548007
29902330-7f6d-431e-a761-c6d81c969b90	20250509	1	11002000107	900000000000509007	4971002000110	900000000000549004
29aac52b-cdd7-40ee-8bcf-37cbaebec1ac	20250509	1	11002000107	900000000000509007	34151002000110	900000000000548007
29aadf4a-11a9-4ca9-8c41-bc271c34e457	20250509	1	11002000107	900000000000509007	26681002000117	900000000000549004
29b5299d-0de7-4713-ac92-f3f214143282	20250509	1	11002000107	900000000000509007	37861002000110	900000000000548007
29bcb0e6-b7b5-43f9-99be-93b1fd071985	20250509	1	11002000107	900000000000509007	15921002000111	900000000000548007
29d37fb1-ee40-4638-ae29-b3f5fb0a269d	20250509	1	11002000107	900000000000509007	30861002000114	900000000000548007
29d451c2-e371-4111-80a6-6290e5b620c4	20250509	1	11002000107	900000000000509007	36061002000119	900000000000548007
29d8b480-da8c-4a96-8c1c-ee899d3edd85	20250509	1	11002000107	900000000000509007	5351002000117	900000000000548007
29e3ac57-5259-4135-a47c-35895b0d88ec	20250509	1	11002000107	900000000000509007	1481002000119	900000000000549004
29ea977a-4c9d-4f63-badc-57c5b06084de	20250509	1	11002000107	900000000000509007	25331002000118	900000000000548007
29ed7ee5-e542-4d5c-bdfa-5a0d15a84cba	20250509	1	11002000107	900000000000509007	43331002000116	900000000000549004
29f55bdc-2bbb-49fe-8f99-34f667eecbc9	20250509	1	11002000107	900000000000509007	19661002000114	900000000000549004
2a07b4d7-e29f-4bf5-9ec0-bccbd560155b	20250509	1	11002000107	900000000000509007	30321002000111	900000000000548007
2a08d385-af40-4a68-9cbe-4be1f0db0aa6	20250509	1	11002000107	900000000000509007	46581002000118	900000000000548007
2a097336-3d9d-45f4-8559-87af4988adc9	20250509	1	11002000107	900000000000509007	36311002000115	900000000000549004
2a16f445-b507-4fa6-8b35-f59f7e83d554	20250509	1	11002000107	900000000000509007	16171002000116	900000000000549004
2a18ddba-d087-452e-8a2f-548a167852fd	20250509	1	11002000107	900000000000509007	29011002000111	900000000000548007
2a1a3c10-0328-4e41-bda8-e80ac0e4b251	20250509	1	11002000107	900000000000509007	38821002000119	900000000000548007
2a2a5f88-ee50-4e76-9277-db65d987debc	20250509	1	11002000107	900000000000509007	36711002000119	900000000000548007
2a2d3e42-3e7a-4769-bbcc-36c85120432c	20250509	1	11002000107	900000000000509007	12971002000117	900000000000549004
2a46250f-9d79-4360-968f-f8fd66a7ca40	20250509	1	11002000107	900000000000509007	42541002000111	900000000000548007
2a58e60e-67ac-4eaf-bd25-df74e53d5b6f	20250509	1	11002000107	900000000000509007	29731002000117	900000000000548007
2a7b0918-e1c7-4321-ab0e-bc5652751450	20250509	1	11002000107	900000000000509007	9261002000113	900000000000549004
2a7cb473-ac81-4d53-9330-b079d07d724a	20250509	1	11002000107	900000000000509007	15451002000113	900000000000549004
2a91590f-46c3-4d00-91d2-2baee91e0006	20250509	1	11002000107	900000000000509007	46521002000117	900000000000548007
2aa10bdc-95ad-4ebc-b62d-23a6b6003508	20250509	1	11002000107	900000000000509007	33991002000117	900000000000548007
2aa4cd39-6d31-4d25-8eb4-4c17ee61656a	20250509	1	11002000107	900000000000509007	11621002000118	900000000000549004
2ab67669-943a-4a02-b325-000864de5a67	20250509	1	11002000107	900000000000509007	8421002000110	900000000000548007
2ab8e0a5-707a-4e95-b93e-8a8b54d6712d	20250509	1	11002000107	900000000000509007	6031002000117	900000000000548007
2ac76b5a-c7a8-4be3-a6f7-9e0ac5d9ac89	20250509	1	11002000107	900000000000509007	13101002000116	900000000000548007
2ac8a398-42bb-4296-894a-4c8fbfe7ba98	20250509	1	11002000107	900000000000509007	15831002000118	900000000000548007
2afaccd0-d898-4657-918f-87eebfbab57c	20250509	1	11002000107	900000000000509007	28851002000111	900000000000548007
2b0500c7-29f8-4da9-bc39-49c19ccb3009	20250509	1	11002000107	900000000000509007	41481002000111	900000000000548007
2b0823a4-eaa2-485e-98be-378db5bf49a9	20250509	1	11002000107	900000000000509007	201002000112	900000000000548007
2b08b49f-db71-469b-94bc-4120c6a92120	20250509	1	11002000107	900000000000509007	24771002000115	900000000000549004
2b21384f-21e3-4f36-92a1-904e6ede8ba2	20250509	1	11002000107	900000000000509007	26511002000114	900000000000548007
2b3497e8-9ae0-408d-84ba-5133b998767c	20250509	1	11002000107	900000000000509007	29551002000115	900000000000548007
2b5dd2f4-ef06-4a05-a0a2-51ab4fe73826	20250509	1	11002000107	900000000000509007	44991002000119	900000000000548007
2b69e964-c20d-43e0-b356-e6ab3d1fbdaf	20250509	1	11002000107	900000000000509007	20471002000115	900000000000548007
2b7c306e-ea14-49c8-8611-bd5f27191f8a	20250509	1	11002000107	900000000000509007	8331002000115	900000000000548007
2badc4d6-9616-4e04-8a00-cf573b7348dc	20250509	1	11002000107	900000000000509007	6561002000116	900000000000549004
2bb80e22-4278-4286-82a9-cf2bb96120f2	20250509	1	11002000107	900000000000509007	37111002000116	900000000000548007
2bce154e-e0dd-4ad3-9ea9-17786e3b789f	20250509	1	11002000107	900000000000509007	7101002000112	900000000000549004
2bff00b4-60bf-438b-828a-d84a66ca4788	20250509	1	11002000107	900000000000509007	41881002000113	900000000000548007
2c1257cc-efa5-464a-bad3-d4c79539758d	20250509	1	11002000107	900000000000509007	30451002000114	900000000000548007
2c197e64-dd53-4d08-8566-f3aced42e4c0	20250509	1	11002000107	900000000000509007	11951002000119	900000000000549004
2c347e9e-8c63-422f-9cb3-5cd0b01f42a3	20250509	1	11002000107	900000000000509007	31171002000117	900000000000548007
2c54f520-86e0-496c-b003-1c18177fb934	20250509	1	11002000107	900000000000509007	4491002000119	900000000000549004
2c7b1c7d-77c7-4da6-9e86-a6947aec5ab1	20250509	1	11002000107	900000000000509007	19271002000118	900000000000549004
2c84f5de-942c-4e4c-b8be-00b4639a4d5e	20250509	1	11002000107	900000000000509007	11171002000112	900000000000548007
2cbba0b3-4448-434d-b523-9bf48fef68bc	20250509	1	11002000107	900000000000509007	37281002000115	900000000000548007
2cbe0296-90c7-426f-bf9a-737ed833588f	20250509	1	11002000107	900000000000509007	14591002000118	900000000000548007
2cc7a376-ab7a-40bc-bceb-68b5b62779ba	20250509	1	11002000107	900000000000509007	15911002000117	900000000000549004
2cccc99a-6144-46b3-8d26-3d28b7947f8d	20250509	1	11002000107	900000000000509007	23291002000112	900000000000548007
2ce60a93-5882-4a25-8f5a-2a6e991f96bd	20250509	1	11002000107	900000000000509007	25181002000119	900000000000548007
2cf7a13f-14f8-4942-b4ae-a0ed9ad7762b	20250509	1	11002000107	900000000000509007	24471002000113	900000000000549004
2d0f1af3-c602-4790-a1f8-1e95aa5f0b07	20250509	1	11002000107	900000000000509007	16811002000115	900000000000548007
2d150933-b4da-4619-b2cb-04d7aa85c5e4	20250509	1	11002000107	900000000000509007	25921002000115	900000000000548007
2d39a087-5cd0-484a-94c5-5d3e5998f1ba	20250509	1	11002000107	900000000000509007	35731002000117	900000000000548007
2d4c877f-2564-4dfa-a160-ddd1122aae9e	20250509	1	11002000107	900000000000509007	32921002000111	900000000000548007
2d5dbb8a-4733-43e9-b88a-64937aedd87a	20250509	1	11002000107	900000000000509007	33361002000112	900000000000549004
2d60e413-fc24-434a-abf1-e52a991c0369	20250509	1	11002000107	900000000000509007	30271002000117	900000000000548007
2d673748-8e90-413e-998f-dd8a619b34e2	20250509	1	11002000107	900000000000509007	47681002000117	900000000000549004
2d68131f-c402-414e-8f49-9d970d2dc182	20250509	1	11002000107	900000000000509007	2941002000113	900000000000549004
2d8068c1-fe2f-47c1-89a8-8c4cc7c59fc0	20250509	1	11002000107	900000000000509007	37461002000112	900000000000548007
2d865922-9b20-4b8e-9097-73b4bbaa1eec	20250509	1	11002000107	900000000000509007	17861002000119	900000000000549004
2da2a5b0-d5c5-4cbf-9ac8-ddc1d09fe77c	20250509	1	11002000107	900000000000509007	26461002000111	900000000000548007
2dc88baf-7d82-4ceb-8fb9-01d39dbe0522	20250509	1	11002000107	900000000000509007	29571002000111	900000000000548007
2dc8cd78-e898-46e5-a78d-5f246c089f74	20250509	1	11002000107	900000000000509007	19021002000114	900000000000548007
2dda2d29-a72f-4f0a-a794-36bf0ef9ad72	20250509	1	11002000107	900000000000509007	8401002000119	900000000000548007
2dde140f-4142-4b2b-a608-1d0cca33b3d0	20250509	1	11002000107	900000000000509007	17281002000114	900000000000548007
2ddf8d80-b675-4000-a8c3-04014b341632	20250509	1	11002000107	900000000000509007	46031002000113	900000000000549004
2de4029c-ebab-4ac2-a35a-3a45aadaa962	20250509	1	11002000107	900000000000509007	46661002000110	900000000000549004
2dea0c35-71ce-46cf-a96f-ff41d6a5ff11	20250509	1	11002000107	900000000000509007	41841002000116	900000000000548007
2df9be5d-635e-4edc-9ef1-87c87e1c46e0	20250509	1	11002000107	900000000000509007	31071002000118	900000000000548007
2dfb5f54-cf5a-434f-84ed-26ad4e15e0c1	20250509	1	11002000107	900000000000509007	37561002000113	900000000000548007
2e0c97c7-c19e-4b7e-8165-b31cc609061a	20250509	1	11002000107	900000000000509007	34821002000112	900000000000548007
2e18078b-aac0-42f4-aa4b-cd750e811d60	20250509	1	11002000107	900000000000509007	23281002000114	900000000000548007
2e1bd9f9-29a5-4f58-9ecc-176fe72d20b7	20250509	1	11002000107	900000000000509007	18371002000115	900000000000549004
2e35560a-017e-4428-9cf4-292bf5550cd8	20250509	1	11002000107	900000000000509007	30621002000116	900000000000548007
2e457e8b-44cf-4898-85a4-1a03edbf3282	20250509	1	11002000107	900000000000509007	36121002000112	900000000000548007
2e68f654-589f-4012-8172-c309ba4b21db	20250509	1	11002000107	900000000000509007	32501002000110	900000000000548007
2e6980c9-7a03-44ba-a710-8ca38d5c973d	20250509	1	11002000107	900000000000509007	45091002000119	900000000000548007
2e95a403-47ba-417c-bea9-b6160bc45d50	20250509	1	11002000107	900000000000509007	32931002000114	900000000000548007
2e9c0b0f-cce3-473d-a2f4-60b5eaaf8ef9	20250509	1	11002000107	900000000000509007	12601002000118	900000000000548007
2ea3e132-7716-4e45-abba-2b833740640d	20250509	1	11002000107	900000000000509007	47151002000119	900000000000548007
2eaacf80-0e82-49be-b007-b302d2911a57	20250509	1	11002000107	900000000000509007	33821002000114	900000000000548007
2ec8f2fd-283b-4392-830a-4a8df84ad34b	20250509	1	11002000107	900000000000509007	28421002000118	900000000000548007
2ee2a6e1-1431-4232-a644-370615c6cee1	20250509	1	11002000107	900000000000509007	41601002000119	900000000000548007
2ef38eb1-3e3b-49c7-b5c0-8630549da491	20250509	1	11002000107	900000000000509007	26211002000112	900000000000548007
2ef9b903-bad4-4167-b57f-1492c191e24a	20250509	1	11002000107	900000000000509007	48341002000119	900000000000549004
2f13e6c9-adb3-4569-889d-130a004e3589	20250509	1	11002000107	900000000000509007	37271002000118	900000000000549004
2f38737c-f5ea-404a-8aac-d0e9965fb4ae	20250509	1	11002000107	900000000000509007	25131002000115	900000000000549004
2f3ae282-b514-4456-af34-63c685597fef	20250509	1	11002000107	900000000000509007	47191002000111	900000000000548007
2f516803-7fe8-4ff8-9940-a110e26dec9c	20250509	1	11002000107	900000000000509007	26361002000119	900000000000548007
2f591657-b50f-4a53-b334-76a9c9345617	20250509	1	11002000107	900000000000509007	41961002000111	900000000000548007
2f68a4f5-7b73-40ee-9dbe-c38eb8239923	20250509	1	11002000107	900000000000509007	38231002000117	900000000000549004
2f882b54-da41-47f9-a811-3c7c293169b3	20250509	1	11002000107	900000000000509007	31961002000112	900000000000549004
2fa1ec21-de01-492e-9a76-b7e5d9f4523f	20250509	1	11002000107	900000000000509007	44241002000117	900000000000548007
2faf8dff-5f25-4e9b-8bdc-bdb9ff2e6922	20250509	1	11002000107	900000000000509007	21771002000118	900000000000548007
2fc9e407-318d-475e-b862-8f43bd17a9a6	20250509	1	11002000107	900000000000509007	5211002000113	900000000000549004
2fd17e81-2790-4685-ae83-e9508530a7c9	20250509	1	11002000107	900000000000509007	9441002000110	900000000000549004
2fd89dc3-5bea-49d0-b8e3-f3443948dff0	20250509	1	11002000107	900000000000509007	13971002000111	900000000000549004
3009cdcf-e279-42a6-83b8-de9c5f65d409	20250509	1	11002000107	900000000000509007	6881002000110	900000000000548007
303a5b86-5fba-487f-8b96-1943a3376739	20250509	1	11002000107	900000000000509007	31861002000118	900000000000548007
3043ff31-7fe6-4a82-bfc8-170b2523e4de	20250509	1	11002000107	900000000000509007	22091002000111	900000000000548007
30443f24-4484-46f7-b046-2af50e394e9c	20250509	1	11002000107	900000000000509007	5991002000110	900000000000549004
305f3de1-53f6-44fa-82d5-1da4f216fa3a	20250509	1	11002000107	900000000000509007	71002000116	900000000000548007
3062bfd1-813f-4d42-a17f-9d29fe15a588	20250509	1	11002000107	900000000000509007	31801002000119	900000000000548007
30647274-482d-481d-afbd-64e6ad2fd944	20250509	1	11002000107	900000000000509007	28101002000117	900000000000548007
30913337-cead-4a52-9553-dc6cd2d8cbc7	20250509	1	11002000107	900000000000509007	37901002000117	900000000000549004
30a40f7f-2fd2-425b-b2e3-1241869d9813	20250509	1	11002000107	900000000000509007	42821002000115	900000000000549004
30c7748b-961c-4213-aed8-6f4dc8ef421d	20250509	1	11002000107	900000000000509007	2711002000111	900000000000548007
30c835e3-0735-45d5-a33d-70a9fbc9ad28	20250509	1	11002000107	900000000000509007	36461002000114	900000000000549004
30d47cc9-5caf-469c-b144-2f9d11c4303e	20250509	1	11002000107	900000000000509007	27761002000116	900000000000548007
30e13ceb-c2ff-463b-b30a-1d24de8db2e8	20250509	1	11002000107	900000000000509007	16301002000111	900000000000548007
30e2bb98-a879-45bb-841b-8068cf52c024	20250509	1	11002000107	900000000000509007	10421002000110	900000000000548007
30e826b1-8d5c-46ee-9b2d-910019c2c72e	20250509	1	11002000107	900000000000509007	39081002000116	900000000000548007
30fcdf5b-c759-4080-89d6-dc4340c8caab	20250509	1	11002000107	900000000000509007	13321002000114	900000000000548007
311d3c90-ac59-401e-a2ce-1dfe7b0f9c1c	20250509	1	11002000107	900000000000509007	26621002000116	900000000000549004
312eae15-486c-4480-b6bc-8d630c679a53	20250509	1	11002000107	900000000000509007	35821002000113	900000000000548007
313058d4-bb72-43ea-afb4-e0dee1d81bcb	20250509	1	11002000107	900000000000509007	24451002000117	900000000000548007
313aaafe-80e3-4ccc-b179-65255e66e34c	20250509	1	11002000107	900000000000509007	39661002000115	900000000000548007
313d1b5c-34ad-48ac-96c0-7dd44118bd7f	20250509	1	11002000107	900000000000509007	46751002000117	900000000000549004
3147a97a-9684-407e-80cd-b9f0d0d7e10e	20250509	1	11002000107	900000000000509007	26791002000112	900000000000548007
314e2cc7-ab27-419f-bbe1-514d3a2a8b08	20250509	1	11002000107	900000000000509007	1221002000117	900000000000548007
3164812c-08e1-4d2f-b433-26de6738f6ec	20250509	1	11002000107	900000000000509007	3151002000119	900000000000548007
3164be70-4907-4ead-b65b-adb24380c5cc	20250509	1	11002000107	900000000000509007	10671002000114	900000000000549004
316d9ede-898a-4870-8c0b-d6829ae4c556	20250509	1	11002000107	900000000000509007	33981002000115	900000000000549004
317b446a-95bd-478b-958f-e43db5bec569	20250509	1	11002000107	900000000000509007	8771002000118	900000000000548007
3183dff1-6f96-428f-8aa5-992de7625dba	20250509	1	11002000107	900000000000509007	40491002000116	900000000000548007
31950c48-3423-4996-b1f7-5539f13f48fb	20250509	1	11002000107	900000000000509007	6891002000113	900000000000549004
31a06150-da7e-4f30-b122-bf93a5f64b89	20250509	1	11002000107	900000000000509007	25931002000117	900000000000549004
31a26ddd-b716-4d35-b3bd-973aad373963	20250509	1	11002000107	900000000000509007	38521002000117	900000000000548007
31a73e61-64e2-41d1-83a1-295ba1f386c9	20250509	1	11002000107	900000000000509007	15281002000118	900000000000548007
31abd213-9b1a-4d53-8417-7d7fe27a5d9d	20250509	1	11002000107	900000000000509007	12661002000117	900000000000548007
31c410ee-be71-43f7-b6a9-430b8b962441	20250509	1	11002000107	900000000000509007	37751002000116	900000000000549004
31e9cfbb-05ef-4b0f-ad33-162a5637698c	20250509	1	11002000107	900000000000509007	16611002000116	900000000000548007
31e9dc56-99c4-43f1-a280-0c7e8eafae76	20250509	1	11002000107	900000000000509007	19691002000115	900000000000549004
31f28d94-83aa-4101-b43e-63981ad3adda	20250509	1	11002000107	900000000000509007	45011002000110	900000000000549004
31f6b7c0-2b6e-4747-92b5-bbc3ee79edaf	20250509	1	11002000107	900000000000509007	13541002000111	900000000000548007
32111d61-9c93-4bc9-91a4-f861a9c07c30	20250509	1	11002000107	900000000000509007	1941002000118	900000000000548007
32125639-b8ff-4abc-9222-25d6c7efed01	20250509	1	11002000107	900000000000509007	48551002000111	900000000000549004
3217e004-545a-4bd0-a11c-5e4d5887ee90	20250509	1	11002000107	900000000000509007	5901002000117	900000000000549004
32302d57-71ee-4954-a600-e5fe413e23c2	20250509	1	11002000107	900000000000509007	33711002000110	900000000000549004
325248fe-d7a2-4c43-ae6a-c3d9ec50e5c3	20250509	1	11002000107	900000000000509007	11751002000117	900000000000548007
325afa5e-a390-4c85-90d4-d6dcc6379b9c	20250509	1	11002000107	900000000000509007	19781002000110	900000000000549004
326583bb-8e73-46a8-ba42-6713c33cfc7f	20250509	1	11002000107	900000000000509007	28011002000118	900000000000548007
3278f85a-98d2-4b76-b556-bbb9be8d3873	20250509	1	11002000107	900000000000509007	25411002000119	900000000000548007
328decf4-6194-4d35-a2aa-5bcadd582db6	20250509	1	11002000107	900000000000509007	46571002000116	900000000000549004
32986743-0034-4d5d-8b28-e6a02a8c4676	20250509	1	11002000107	900000000000509007	44071002000119	900000000000548007
32a39f85-9405-434c-bc80-9a3911aa544e	20250509	1	11002000107	900000000000509007	10481002000114	900000000000548007
32b13f19-ae81-4ff9-8d05-26bc7a89c4d2	20250509	1	11002000107	900000000000509007	13931002000113	900000000000548007
32b2fdbe-d374-4776-b7ae-9fd5ba1793cf	20250509	1	11002000107	900000000000509007	7281002000111	900000000000548007
32d97e0c-a546-4a45-90b6-293b7cb21bd7	20250509	1	11002000107	900000000000509007	13551002000113	900000000000548007
32ebb44e-a366-4983-8ce3-faa590206925	20250509	1	11002000107	900000000000509007	27371002000110	900000000000548007
32ec742d-30f9-48c5-ba9d-28382fc5069e	20250509	1	11002000107	900000000000509007	15961002000119	900000000000548007
3303b9a7-058d-40bf-b561-5ae118feec2c	20250509	1	11002000107	900000000000509007	17831002000114	900000000000549004
331b3a50-f745-4a2a-b115-c640c59494a1	20250509	1	11002000107	900000000000509007	3921002000112	900000000000548007
331b5c21-aebf-4076-9f15-35669c7332a9	20250509	1	11002000107	900000000000509007	35051002000112	900000000000549004
3378b3cf-a20f-4710-8fd1-aba153997d3d	20250509	1	11002000107	900000000000509007	14991002000114	900000000000548007
337c1eaa-f8d5-488b-8d50-d40a29608acd	20250509	1	11002000107	900000000000509007	39141002000112	900000000000548007
337d5f07-ead6-4e51-94bd-d6c43007a44b	20250509	1	11002000107	900000000000509007	44971002000115	900000000000548007
337f3dd2-617d-4053-9266-6256823cbea5	20250509	1	11002000107	900000000000509007	431002000119	900000000000549004
339870be-32bc-4fb2-83c4-9a15f5b74aab	20250509	1	11002000107	900000000000509007	38631002000115	900000000000548007
33b0dd85-776c-4a53-a7ae-a582863c6d5e	20250509	1	11002000107	900000000000509007	14111002000115	900000000000548007
33b323af-9596-45a9-88ea-000aef1ef991	20250509	1	11002000107	900000000000509007	2171002000117	900000000000549004
33c4052e-d840-4e91-9492-9ab8f7b247d9	20250509	1	11002000107	900000000000509007	47481002000115	900000000000548007
33c6a677-023b-4225-b0d5-6c353224299e	20250509	1	11002000107	900000000000509007	44691002000114	900000000000548007
33cc5ddc-f98a-4dba-8572-7bbf61c94378	20250509	1	11002000107	900000000000509007	3441002000112	900000000000548007
33e83c1f-d9b6-45b9-9e1d-98cccb979242	20250509	1	11002000107	900000000000509007	16081002000119	900000000000548007
33ed1b69-e2a6-4c75-ad79-5220b9bc0cee	20250509	1	11002000107	900000000000509007	26661002000113	900000000000548007
33f362eb-9981-4410-bcf5-bb675cf6265a	20250509	1	11002000107	900000000000509007	4201002000111	900000000000548007
33fc9aeb-499b-4a91-aa50-430a1fa2af22	20250509	1	11002000107	900000000000509007	39791002000116	900000000000549004
340a0b35-8391-45c4-8796-0b09f338ee27	20250509	1	11002000107	900000000000509007	17761002000110	900000000000548007
341ced57-45c2-47f3-ae9e-22a532de4fe4	20250509	1	11002000107	900000000000509007	5751002000116	900000000000549004
3433de3d-9f84-4deb-a0a3-80ee077f2c5d	20250509	1	11002000107	900000000000509007	42441002000110	900000000000548007
34365dc5-2c87-411d-81af-abe3a62cca88	20250509	1	11002000107	900000000000509007	11571002000116	900000000000548007
34447249-0da9-4663-97ea-f057c92c7422	20250509	1	11002000107	900000000000509007	19851002000113	900000000000548007
34478e4b-1d72-43da-9ae0-91686b926961	20250509	1	11002000107	900000000000509007	37421002000115	900000000000549004
345b9162-b7ea-4ba4-b549-966cb9d6f62a	20250509	1	11002000107	900000000000509007	6961002000113	900000000000548007
34646d85-040c-427d-bf65-3931928e2274	20250509	1	11002000107	900000000000509007	35951002000113	900000000000549004
34697a4d-0bc5-4e9e-a551-2e200cf80d39	20250509	1	11002000107	900000000000509007	24561002000119	900000000000549004
346ab509-9749-422b-a5b9-13e7510fa91b	20250509	1	11002000107	900000000000509007	1991002000113	900000000000549004
34838dac-b73b-4463-9dfe-e286a460736c	20250509	1	11002000107	900000000000509007	18621002000111	900000000000548007
3487d7bd-aca3-4347-887e-aea79c4a33d4	20250509	1	11002000107	900000000000509007	7641002000116	900000000000548007
348a9d53-6536-4c6c-ab36-c5ea6d039dc3	20250509	1	11002000107	900000000000509007	10591002000111	900000000000548007
34a7bd84-e2e7-46d7-b024-0ddbeb6d8362	20250509	1	11002000107	900000000000509007	35791002000118	900000000000548007
34a9453d-eba5-49a7-977f-a63c5b925c9c	20250509	1	11002000107	900000000000509007	7401002000115	900000000000548007
34aa6d84-cffa-4cf3-b7d7-2854447a3d6a	20250509	1	11002000107	900000000000509007	13031002000114	900000000000549004
34ba34d7-d241-4e18-ab80-8ee15179a215	20250509	1	11002000107	900000000000509007	48681002000118	900000000000548007
34d6d969-03c2-49e8-9bfd-3a65ca059a53	20250509	1	11002000107	900000000000509007	911002000116	900000000000549004
34ead9a4-3cfb-48b5-89c6-a050706f087a	20250509	1	11002000107	900000000000509007	44871002000112	900000000000548007
34fba258-2eee-40e5-974f-48ded9051223	20250509	1	11002000107	900000000000509007	27531002000115	900000000000548007
34fc625f-91fe-4850-94fb-44e4192b8bc1	20250509	1	11002000107	900000000000509007	28521002000119	900000000000548007
350887ac-d496-478c-81dd-f6f6a719098d	20250509	1	11002000107	900000000000509007	38131002000114	900000000000548007
35182808-86ff-43bd-bdd4-38e679f3fba4	20250509	1	11002000107	900000000000509007	12831002000111	900000000000548007
351c9077-bed3-4f70-b702-5c41892e425c	20250509	1	11002000107	900000000000509007	33681002000114	900000000000549004
35203242-c699-4eaf-b316-f5a646029163	20250509	1	11002000107	900000000000509007	46991002000111	900000000000549004
3549ada4-6e9f-4ffa-9ed1-13988b02a4e1	20250509	1	11002000107	900000000000509007	14601002000112	900000000000549004
355404cf-c459-4747-a743-ac06e82bb8e1	20250509	1	11002000107	900000000000509007	44471002000110	900000000000549004
3568e324-cdca-4524-bc5b-22f22a6ab48a	20250509	1	11002000107	900000000000509007	30831002000119	900000000000548007
356a82ad-aeb0-42e9-8713-9518f9e68168	20250509	1	11002000107	900000000000509007	35091002000115	900000000000548007
3581908d-2783-4a7b-8db5-a0cb72afd6fe	20250509	1	11002000107	900000000000509007	35851002000118	900000000000548007
359d958c-0598-4782-ab0d-ce7975e6131a	20250509	1	11002000107	900000000000509007	29721002000115	900000000000548007
35abc856-3a0a-437b-b7a5-2d6a7c444ee0	20250509	1	11002000107	900000000000509007	33281002000112	900000000000548007
35b836e7-b7d3-4d6e-8696-237b1b27cd44	20250509	1	11002000107	900000000000509007	48871002000117	900000000000548007
35c44b0f-3fc7-47f9-a024-30cd445d1432	20250509	1	11002000107	900000000000509007	41741002000114	900000000000549004
35e27327-7e6b-432b-b2ad-8c49ba1b79f1	20250509	1	11002000107	900000000000509007	45791002000117	900000000000549004
35ea1d09-3aa6-45ef-b7d0-9fb8aa36148c	20250509	1	11002000107	900000000000509007	19501002000112	900000000000548007
35edbaa0-5565-4d05-b5c4-6532d23e85e1	20250509	1	11002000107	900000000000509007	17931002000118	900000000000548007
3612710f-3427-4d9c-a4d9-bf0d08a5af19	20250509	1	11002000107	900000000000509007	7141002000114	900000000000548007
36156dc2-7264-46f2-a2e2-157d59fae1ef	20250509	1	11002000107	900000000000509007	9681002000115	900000000000548007
36287493-1fe8-447c-ad8a-2c0277440ffb	20250509	1	11002000107	900000000000509007	13141002000119	900000000000548007
362e342d-c153-4c63-ad56-164fcffc3ab6	20250509	1	11002000107	900000000000509007	18471002000114	900000000000548007
36374910-f0c0-4f1b-848f-ba1312307db9	20250509	1	11002000107	900000000000509007	43151002000111	900000000000549004
3639ba15-4cf1-4716-b5ae-74d534f2465a	20250509	1	11002000107	900000000000509007	21971002000116	900000000000548007
36763b97-cbea-48c1-ab5f-c7606fe71d9f	20250509	1	11002000107	900000000000509007	25311002000110	900000000000549004
367c111d-35e8-4634-be34-24f239b47ee4	20250509	1	11002000107	900000000000509007	43501002000119	900000000000548007
3681c173-1558-4483-905f-0627fe58d970	20250509	1	11002000107	900000000000509007	26481002000115	900000000000548007
3688a710-4883-4bd1-b652-d530f36e8734	20250509	1	11002000107	900000000000509007	29791002000118	900000000000548007
368f0fa3-b193-4f8e-a595-fe69c134e52e	20250509	1	11002000107	900000000000509007	19791002000113	900000000000548007
369354df-d7b1-45f6-b919-455738481d7f	20250509	1	11002000107	900000000000509007	641002000112	900000000000549004
36aedad9-f8e8-46e0-9690-aef610eae789	20250509	1	11002000107	900000000000509007	48531002000118	900000000000548007
36b59e5d-fbfb-4b97-af39-679cdde74e7c	20250509	1	11002000107	900000000000509007	30521002000115	900000000000548007
36bc9d85-0ae9-4c26-b4b9-4b06e94ad634	20250509	1	11002000107	900000000000509007	26401002000110	900000000000548007
3702ce7d-afd8-4c64-9f0b-55d5573ca516	20250509	1	11002000107	900000000000509007	31791002000115	900000000000548007
37034096-04f6-428d-80e0-1037ff709cba	20250509	1	11002000107	900000000000509007	41021002000118	900000000000549004
370e9607-55b4-4aec-b139-abc73ccdd11f	20250509	1	11002000107	900000000000509007	23691002000114	900000000000548007
3734b30a-8065-453e-9737-a77d624052bd	20250509	1	11002000107	900000000000509007	42571002000117	900000000000548007
373d8432-4019-476d-be36-fabd324c35a6	20250509	1	11002000107	900000000000509007	8461002000118	900000000000548007
37550bdc-6cc3-4711-93bd-388190f23e3a	20250509	1	11002000107	900000000000509007	12941002000111	900000000000549004
37691968-a0b5-4bdf-acb6-22236b032215	20250509	1	11002000107	900000000000509007	23231002000113	900000000000548007
37872439-c994-4e89-a2e7-156dd83027b4	20250509	1	11002000107	900000000000509007	33911002000113	900000000000548007
3787641a-ee91-42aa-ad6b-0e72b9ad4201	20250509	1	11002000107	900000000000509007	22581002000117	900000000000548007
378b728c-29c1-406e-851a-9559a5c89c0b	20250509	1	11002000107	900000000000509007	37491002000118	900000000000548007
37961520-c1ae-4098-a891-921039e823e3	20250509	1	11002000107	900000000000509007	23201002000119	900000000000548007
37a1d1cf-b9f0-42ed-81f4-3535a3d84eb8	20250509	1	11002000107	900000000000509007	12691002000111	900000000000548007
37ac8429-c5aa-493b-81b7-1359cb1c0bc5	20250509	1	11002000107	900000000000509007	24521002000111	900000000000548007
37ba6fb9-e044-4111-81bc-da55fcf855c1	20250509	1	11002000107	900000000000509007	29271002000113	900000000000548007
37fb9fe9-d4d4-4798-8c78-e89b6e6752c1	20250509	1	11002000107	900000000000509007	23161002000111	900000000000548007
381edf5e-deb5-4744-bc95-2bec3514ea7e	20250509	1	11002000107	900000000000509007	11481002000117	900000000000548007
384530bd-9393-4e3e-b337-5bf8b579933f	20250509	1	11002000107	900000000000509007	25641002000118	900000000000549004
38495d38-d636-4832-b542-bec3edb971d7	20250509	1	11002000107	900000000000509007	28881002000117	900000000000548007
3851e164-cb65-4c5d-9634-beda232c0136	20250509	1	11002000107	900000000000509007	31711002000111	900000000000548007
3856d897-1892-40aa-9e1f-aa689e7ca599	20250509	1	11002000107	900000000000509007	20841002000112	900000000000548007
385822ba-80f8-43de-9249-8e13d0d81546	20250509	1	11002000107	900000000000509007	11261002000112	900000000000548007
3870ee4f-3103-4a76-8b01-b5fda80f4a1b	20250509	1	11002000107	900000000000509007	3801002000113	900000000000548007
3882ea01-6260-4a08-93f2-774c42b4f3d6	20250509	1	11002000107	900000000000509007	40421002000118	900000000000549004
38b3385f-9a2a-426a-9fb5-86d486ef1570	20250509	1	11002000107	900000000000509007	41331002000117	900000000000548007
38b63418-242a-41a0-9915-517e20fb747a	20250509	1	11002000107	900000000000509007	21281002000110	900000000000548007
38e23b90-3a0d-4068-a569-85cd7e469453	20250509	1	11002000107	900000000000509007	1151002000118	900000000000549004
38ed008a-9346-402c-b432-06396580ee23	20250509	1	11002000107	900000000000509007	14491002000117	900000000000548007
390095ae-5bda-4be9-98cb-69e97d0cade3	20250509	1	11002000107	900000000000509007	37721002000111	900000000000549004
3910214d-dca7-4154-8b06-710006ca7e98	20250509	1	11002000107	900000000000509007	31531002000110	900000000000548007
391b6555-47e2-431d-8c72-35ecfe8f0e6c	20250509	1	11002000107	900000000000509007	39961002000113	900000000000548007
391f8c1a-fb6b-4bc5-9484-768310807813	20250509	1	11002000107	900000000000509007	891002000118	900000000000548007
3928fa5e-81fe-414b-9154-180eb1e9ee04	20250509	1	11002000107	900000000000509007	7851002000118	900000000000548007
393ff303-135d-48d1-81bc-e83e4cb2c267	20250509	1	11002000107	900000000000509007	25891002000112	900000000000548007
3948c0d9-b177-45fc-bb85-dfccd0242627	20250509	1	11002000107	900000000000509007	12241002000119	900000000000548007
396eea9c-0acf-4e85-998a-cb34f77aa4fa	20250509	1	11002000107	900000000000509007	7151002000111	900000000000548007
397d94b7-be26-4f62-89a9-0f23a74b83a6	20250509	1	11002000107	900000000000509007	42481002000118	900000000000548007
39a42e4b-efa1-42e9-bf94-adfb69f3328d	20250509	1	11002000107	900000000000509007	16211002000119	900000000000548007
39aaf0fa-0ae4-40bb-90b2-0ac60b2c8375	20250509	1	11002000107	900000000000509007	14121002000114	900000000000549004
39b4ad4c-3fff-4580-b7e9-e6cb0c5686ea	20250509	1	11002000107	900000000000509007	12771002000119	900000000000548007
39d183e7-3f78-468a-bd33-1f2615317ba9	20250509	1	11002000107	900000000000509007	14651002000111	900000000000548007
39e73237-6f43-497e-96c5-de7f8a5bab4a	20250509	1	11002000107	900000000000509007	26271002000117	900000000000548007
39eb2b85-88cb-42bc-808a-50040c2ff6c7	20250509	1	11002000107	900000000000509007	32171002000114	900000000000548007
39fc3958-5f0d-48c6-81d1-870b0586fbaf	20250509	1	11002000107	900000000000509007	18811002000116	900000000000548007
3a042a40-725c-4769-aac5-e60d12702faf	20250509	1	11002000107	900000000000509007	6231002000113	900000000000549004
3a0ae0ff-2ed3-40b4-a21b-cf0f16249bed	20250509	1	11002000107	900000000000509007	16931002000116	900000000000549004
3a0bc49e-737b-4e03-88f9-4f4b3e1d5b2b	20250509	1	11002000107	900000000000509007	6301002000113	900000000000548007
3a0d175a-feb7-43e5-90e6-bd1afe104888	20250509	1	11002000107	900000000000509007	3261002000110	900000000000548007
3a1b803e-4c1c-494a-b93d-30111cb685cd	20250509	1	11002000107	900000000000509007	39911002000110	900000000000549004
3a30ea42-ffdc-4982-a1fd-d1aba92d27ee	20250509	1	11002000107	900000000000509007	48921002000113	900000000000548007
3a3143b8-6275-4987-b1c2-64934d53be2d	20250509	1	11002000107	900000000000509007	33191002000115	900000000000548007
3a39d4ec-b5a8-42d7-ae0a-a59d6dfa750c	20250509	1	11002000107	900000000000509007	23971002000115	900000000000548007
3a5d8ecc-5ae5-4b84-9f89-01132f804f79	20250509	1	11002000107	900000000000509007	27571002000117	900000000000549004
3a6006f1-febe-4610-8661-8bfa83735ff1	20250509	1	11002000107	900000000000509007	18801002000119	900000000000548007
3a63b9db-626a-4097-ad4a-aa956cb01fd5	20250509	1	11002000107	900000000000509007	42601002000110	900000000000548007
3a7044e8-b94a-4905-88d2-68232008a375	20250509	1	11002000107	900000000000509007	26221002000118	900000000000548007
3a8bf6b3-a46d-4abe-9e22-2a78996fbed9	20250509	1	11002000107	900000000000509007	32221002000117	900000000000548007
3ab2607b-508d-4140-aca1-d6b2f7a64fae	20250509	1	11002000107	900000000000509007	2911002000114	900000000000548007
3ab2bfd1-7fca-4c7d-b8eb-e944b96f71de	20250509	1	11002000107	900000000000509007	10081002000117	900000000000548007
3ab52089-ee51-4d15-b214-c13099e6839c	20250509	1	11002000107	900000000000509007	19731002000114	900000000000548007
3abb9d23-66eb-4c77-b766-67c221bbbac8	20250509	1	11002000107	900000000000509007	16681002000114	900000000000548007
3ae5731d-c8a8-4433-a570-0e80f78ee3d3	20250509	1	11002000107	900000000000509007	24621002000110	900000000000549004
3ae64ba0-bbe7-404d-b657-25c3d3067b5a	20250509	1	11002000107	900000000000509007	22081002000113	900000000000548007
3af48417-f0e5-4882-a8e6-ccc8c79ae332	20250509	1	11002000107	900000000000509007	23771002000117	900000000000548007
3b30a7e2-e601-4b62-8e29-991e6b4269fb	20250509	1	11002000107	900000000000509007	35591002000112	900000000000549004
3b4d3e77-c15d-4e11-b1a2-bb8cf4a3d1f1	20250509	1	11002000107	900000000000509007	33831002000112	900000000000549004
3b524c81-affe-45e6-8d9a-ae49e1f2ed24	20250509	1	11002000107	900000000000509007	10931002000119	900000000000548007
3b638a47-8f42-427b-97a7-8bd354356cdc	20250509	1	11002000107	900000000000509007	18691002000113	900000000000548007
3b687527-5b1a-4a8e-a433-2f78c22969c4	20250509	1	11002000107	900000000000509007	23731002000115	900000000000548007
3b6c4298-d252-401a-b1ce-9bd74ef38c55	20250509	1	11002000107	900000000000509007	8961002000114	900000000000549004
3b77f4b5-8d81-467a-a312-93c387d75749	20250509	1	11002000107	900000000000509007	25021002000119	900000000000548007
3ba0b654-04c7-4c3d-916e-e3122ea63c15	20250509	1	11002000107	900000000000509007	16541002000118	900000000000548007
3ba38399-bbc3-4fc7-aa64-569ac34583d3	20250509	1	11002000107	900000000000509007	25441002000115	900000000000548007
3ba83743-5fab-4eb3-a779-a743f9607519	20250509	1	11002000107	900000000000509007	19551002000111	900000000000548007
3bd7e217-94e7-456b-8590-a0223c673efd	20250509	1	11002000107	900000000000509007	7961002000110	900000000000549004
3bdff181-e00c-42d4-a4a6-df873fcf8fa3	20250509	1	11002000107	900000000000509007	10851002000117	900000000000549004
3be5bda9-09f2-4043-8bea-8a04edbdb852	20250509	1	11002000107	900000000000509007	43801002000117	900000000000548007
3becc09a-d1c6-4062-939b-c1c81a56fe65	20250509	1	11002000107	900000000000509007	18341002000114	900000000000549004
3bfb5903-137c-4ad6-9035-77674050b32c	20250509	1	11002000107	900000000000509007	33851002000119	900000000000548007
3c0b8427-9790-4648-95fe-ee901f8daeaf	20250509	1	11002000107	900000000000509007	33401002000116	900000000000548007
3c0d5bab-f2ba-43fb-9481-89919eb707da	20250509	1	11002000107	900000000000509007	11771002000113	900000000000549004
3c110654-3f53-424d-aabe-4c92180f6906	20250509	1	11002000107	900000000000509007	3301002000115	900000000000548007
3c1a2cc4-f53d-49f6-a0a7-a31c8c5509d4	20250509	1	11002000107	900000000000509007	31091002000117	900000000000548007
3c1c0723-05fe-4c57-be47-018919eaf3ef	20250509	1	11002000107	900000000000509007	37031002000112	900000000000549004
3c2dc9cb-af64-46ce-958c-3a2ed1f610fa	20250509	1	11002000107	900000000000509007	16091002000116	900000000000549004
3c44826b-f1b2-4a80-a80b-d7e3849a7fa5	20250509	1	11002000107	900000000000509007	47031002000111	900000000000548007
3c59ce12-9921-4bb0-8c1c-49241b03d2b0	20250509	1	11002000107	900000000000509007	32991002000113	900000000000548007
3c6bdc4a-e0b3-4328-b33e-02bded3f66a4	20250509	1	11002000107	900000000000509007	22271002000118	900000000000548007
3c81f643-9bfa-46b4-ac5c-434ec1d4294f	20250509	1	11002000107	900000000000509007	28381002000114	900000000000549004
3c8b04c4-5f7b-4eef-9948-addac0295c62	20250509	1	11002000107	900000000000509007	35131002000118	900000000000548007
3c968a57-be12-4039-99f7-6384e77a5e45	20250509	1	11002000107	900000000000509007	22561002000113	900000000000548007
3ca013a1-9651-43e0-aa76-4128466edf44	20250509	1	11002000107	900000000000509007	36701002000117	900000000000548007
3ca38512-8575-4f3f-b732-2f9b3188c3af	20250509	1	11002000107	900000000000509007	38811002000113	900000000000548007
3cb9dd23-988e-4776-8571-75d09f2432cf	20250509	1	11002000107	900000000000509007	6001002000111	900000000000548007
3cb9fd20-8a31-47ef-b049-94abe0d7768b	20250509	1	11002000107	900000000000509007	19321002000112	900000000000548007
3ccd8515-40a5-4061-8337-f0f5f00b585e	20250509	1	11002000107	900000000000509007	28161002000116	900000000000548007
3cd776b4-6191-450b-81c8-35b744bb9b63	20250509	1	11002000107	900000000000509007	16261002000116	900000000000549004
3cdc9605-2edf-4ead-a95f-8a40c79b99b3	20250509	1	11002000107	900000000000509007	21181002000116	900000000000548007
3ceb2634-c545-4fb1-b12d-cea38bc50f89	20250509	1	11002000107	900000000000509007	3951002000117	900000000000548007
3d16034b-a234-4cf9-93fe-9a88c8332074	20250509	1	11002000107	900000000000509007	21371002000117	900000000000548007
3d28c1a2-1577-4177-b5de-7db7112f1664	20250509	1	11002000107	900000000000509007	18571002000113	900000000000548007
3d612a6e-6123-4b43-996c-94cf32d29f06	20250509	1	11002000107	900000000000509007	24071002000117	900000000000548007
3d9659cc-cf7d-48d2-8b4c-ebcf82d76304	20250509	1	11002000107	900000000000509007	32821002000116	900000000000549004
3d9a8d32-5cac-49d4-85c2-900f3535a567	20250509	1	11002000107	900000000000509007	40081002000111	900000000000548007
3d9c7db0-32fc-44c5-866e-619749f0ad12	20250509	1	11002000107	900000000000509007	8521002000114	900000000000548007
3da58b20-70bd-43f3-a1f1-b8d309959040	20250509	1	11002000107	900000000000509007	33421002000112	900000000000549004
3daebc36-f2e4-400d-add9-7bc2b2425753	20250509	1	11002000107	900000000000509007	2571002000113	900000000000548007
3dc7f666-e050-48d8-a0f9-eb38d2425d0e	20250509	1	11002000107	900000000000509007	8431002000113	900000000000548007
3dd95a9c-66a6-4531-8101-7e143e43eecc	20250509	1	11002000107	900000000000509007	26831002000119	900000000000549004
3de07b2b-4cde-4922-88ef-e4eba84e2656	20250509	1	11002000107	900000000000509007	14301002000115	900000000000549004
3de927ad-5b22-4e31-ae39-03f14533f292	20250509	1	11002000107	900000000000509007	8931002000119	900000000000549004
3e0ca243-3a31-480b-b2ac-86333507f76f	20250509	1	11002000107	900000000000509007	9111002000118	900000000000548007
3e30ba7f-2615-440d-b9cd-fd9e10365356	20250509	1	11002000107	900000000000509007	13881002000116	900000000000548007
3e395ee5-46e2-48bd-9561-2150b7ad967a	20250509	1	11002000107	900000000000509007	18411002000119	900000000000548007
3e415029-4303-4db7-961e-7274a394ecdf	20250509	1	11002000107	900000000000509007	42951002000115	900000000000548007
3e49dba2-e190-48db-8953-8e02f36833d1	20250509	1	11002000107	900000000000509007	37971002000114	900000000000548007
3e5af839-8e9a-4391-b3b6-5a170aab5b3d	20250509	1	11002000107	900000000000509007	45721002000119	900000000000548007
3e5d1424-a975-4058-ba5f-f3df9831ee7d	20250509	1	11002000107	900000000000509007	2781002000118	900000000000549004
3e5d19f6-6863-43e4-a04a-f17d6847f578	20250509	1	11002000107	900000000000509007	38891002000117	900000000000549004
3e6a3541-c751-40c0-9cb8-1b29446359c8	20250509	1	11002000107	900000000000509007	47801002000113	900000000000549004
3e87924a-53d0-4b3b-b82a-02fa5a2f9b15	20250509	1	11002000107	900000000000509007	20131002000114	900000000000548007
3e8a5259-173f-4ac5-bb5f-72d9eddfc764	20250509	1	11002000107	900000000000509007	12381002000115	900000000000548007
3e8cddbe-f7fd-4cca-8a2c-b34157ba5d75	20250509	1	11002000107	900000000000509007	22381002000111	900000000000548007
3ea56edf-12e8-4867-ae4c-b9df116d36af	20250509	1	11002000107	900000000000509007	38491002000119	900000000000548007
3ebeccf1-9a1a-4c5e-bab0-e67331e0d012	20250509	1	11002000107	900000000000509007	29491002000113	900000000000548007
3ec1cdb6-a6c9-41fb-a18f-e869f19b74fc	20250509	1	11002000107	900000000000509007	44571002000114	900000000000548007
3ecd73ef-493c-4400-b551-384cf50ce5c6	20250509	1	11002000107	900000000000509007	7051002000112	900000000000548007
3ed6be87-c75f-43b1-9218-df5eb7fa1be2	20250509	1	11002000107	900000000000509007	43081002000118	900000000000548007
3ede6ee1-ba47-4cbf-8207-2b11b8bc7097	20250509	1	11002000107	900000000000509007	23991002000119	900000000000548007
3ee2f252-273f-4147-b789-580c2176f47e	20250509	1	11002000107	900000000000509007	20601002000114	900000000000548007
3ee6ac83-45d9-4ae6-b943-4696bb04c54f	20250509	1	11002000107	900000000000509007	3641002000114	900000000000548007
3ee7f66d-71bf-4165-b083-e2160a843ff6	20250509	1	11002000107	900000000000509007	6381002000118	900000000000549004
3eecb1f1-d64d-4a70-af88-d9b40021461f	20250509	1	11002000107	900000000000509007	13991002000112	900000000000548007
3ef40d1a-b6b3-485b-88e4-56bc0395fa01	20250509	1	11002000107	900000000000509007	18011002000113	900000000000549004
3efe6f5b-0472-4564-a119-c7dd68ac28b6	20250509	1	11002000107	900000000000509007	47671002000115	900000000000548007
3f07a80e-a7df-44bb-9c6c-fb1d7a399eb9	20250509	1	11002000107	900000000000509007	45801002000116	900000000000548007
3f0d4266-92ca-4759-9b75-60ad71be1699	20250509	1	11002000107	900000000000509007	11401002000112	900000000000548007
3f0ea556-e1ea-4ee2-99c9-49abf852861d	20250509	1	11002000107	900000000000509007	14861002000114	900000000000548007
3f1aa743-fc6d-4104-9357-85206ad8d642	20250509	1	11002000107	900000000000509007	14621002000116	900000000000548007
3f1d91ad-7b28-461a-b68a-2a3dba6e082c	20250509	1	11002000107	900000000000509007	26011002000119	900000000000548007
3f260dfe-b991-4ed8-b87c-dd61f8306e10	20250509	1	11002000107	900000000000509007	12501002000119	900000000000548007
3f2b6c4b-5645-4b7b-bde9-508465dbecfc	20250509	1	11002000107	900000000000509007	23741002000111	900000000000548007
3f2ee27a-78c8-407b-b220-befdf03458b5	20250509	1	11002000107	900000000000509007	25591002000114	900000000000548007
3f321601-d848-4ed2-84e4-02d8f714ea50	20250509	1	11002000107	900000000000509007	16801002000118	900000000000548007
3f3bcaff-2a52-4949-a7f7-fa47fdbad1ab	20250509	1	11002000107	900000000000509007	23781002000119	900000000000548007
3f4a902f-b3e9-4594-8a65-ba0bd30df90b	20250509	1	11002000107	900000000000509007	12791002000118	900000000000549004
3f5876d3-01cb-4593-b930-5b8e4ef69330	20250509	1	11002000107	900000000000509007	7291002000114	900000000000548007
3f5b6a55-751e-442f-b91b-b2197d41a3d1	20250509	1	11002000107	900000000000509007	23351002000112	900000000000548007
3f706e8c-deaf-4437-9e0c-0c66647d6505	20250509	1	11002000107	900000000000509007	41771002000115	900000000000549004
3f765e02-8dc0-4779-940e-7dae46b401df	20250509	1	11002000107	900000000000509007	37151002000115	900000000000549004
3f81de7e-d94a-4b67-adfd-58a063c9cd19	20250509	1	11002000107	900000000000509007	31721002000117	900000000000548007
3f879ca8-b260-495a-91d7-78650f62d5ee	20250509	1	11002000107	900000000000509007	7161002000113	900000000000549004
3f95fb22-9454-45c3-a7f9-e0c05b4d791e	20250509	1	11002000107	900000000000509007	9861002000112	900000000000548007
3f99ff81-45e9-41bd-b334-0317eb9e9ab1	20250509	1	11002000107	900000000000509007	42661002000111	900000000000548007
3faa7b46-a92c-42c8-8cd5-f35dc5b874b4	20250509	1	11002000107	900000000000509007	35811002000119	900000000000548007
3fb6f8d5-b714-4c29-9ac6-f748e1f143d4	20250509	1	11002000107	900000000000509007	34621002000113	900000000000548007
3fc26bf5-3a37-409d-a094-07b6f4eda62f	20250509	1	11002000107	900000000000509007	13531002000115	900000000000549004
3fec2484-903a-4954-b846-5a67440042b6	20250509	1	11002000107	900000000000509007	26081002000112	900000000000549004
401ddbf9-6b5b-4ba8-8b2f-d9fcfe339df2	20250509	1	11002000107	900000000000509007	10331002000115	900000000000548007
4020a094-d1b2-4a96-a62b-adc145f66ab2	20250509	1	11002000107	900000000000509007	13401002000113	900000000000548007
402a72ce-6b85-461c-97d8-d6f0272893b6	20250509	1	11002000107	900000000000509007	26351002000116	900000000000549004
40326bfe-1a5c-4309-84fc-fd44582fa7c7	20250509	1	11002000107	900000000000509007	7071002000116	900000000000549004
40477be4-242e-401d-8078-0d99f891e54f	20250509	1	11002000107	900000000000509007	26391002000113	900000000000548007
4055854c-2024-4198-bfe2-b9cf5a4a18f9	20250509	1	11002000107	900000000000509007	19531002000118	900000000000548007
4057e63e-c01e-43b7-9a9d-db88d6531582	20250509	1	11002000107	900000000000509007	5301002000116	900000000000549004
406188dd-c8b3-4b28-b723-4bfb69f3644c	20250509	1	11002000107	900000000000509007	39091002000118	900000000000548007
406b876c-30fd-4faa-a511-bf5287ad8ae0	20250509	1	11002000107	900000000000509007	34401002000119	900000000000549004
40780600-51a4-419e-9b0f-5743b571a413	20250509	1	11002000107	900000000000509007	32421002000118	900000000000548007
408405c2-4b06-4bcd-86a9-eacabe39ab7c	20250509	1	11002000107	900000000000509007	481002000118	900000000000548007
409b911c-b84c-4a60-9431-7fbc6d775a94	20250509	1	11002000107	900000000000509007	16381002000116	900000000000549004
40a39755-e73e-42a7-bb19-98a43ff403c0	20250509	1	11002000107	900000000000509007	44721002000118	900000000000548007
40a85ee6-d99e-424b-bac0-506899d7e5eb	20250509	1	11002000107	900000000000509007	14341002000118	900000000000548007
40a89d6b-a618-412a-a36e-a4a754bbd1b4	20250509	1	11002000107	900000000000509007	12441002000118	900000000000548007
40a9d54a-74af-4ccd-801a-90d9462fa848	20250509	1	11002000107	900000000000509007	14251002000113	900000000000548007
40b1e557-025d-493e-83ac-3673dd7eab61	20250509	1	11002000107	900000000000509007	46701002000116	900000000000548007
40bb3499-f48b-4cc0-9d35-5f40a2af4ed0	20250509	1	11002000107	900000000000509007	44121002000119	900000000000548007
40bfc72a-b043-497a-b200-661c3fcb61ea	20250509	1	11002000107	900000000000509007	43991002000116	900000000000549004
40e3d572-6f2d-4136-9828-5b1ae6890af6	20250509	1	11002000107	900000000000509007	37691002000115	900000000000549004
40fc9ef5-36b4-43b9-af78-924dfc5bf112	20250509	1	11002000107	900000000000509007	47401002000110	900000000000548007
412479aa-a2d7-4515-81c8-a4957a8e2c82	20250509	1	11002000107	900000000000509007	33161002000114	900000000000548007
413dd972-47e5-4eb0-ac64-dacc866e55c3	20250509	1	11002000107	900000000000509007	47641002000114	900000000000548007
414561eb-7f9a-4778-bac9-3b797c28ff12	20250509	1	11002000107	900000000000509007	2841002000117	900000000000549004
41527362-83bf-4bd6-93e3-d2ee8102e08c	20250509	1	11002000107	900000000000509007	371002000110	900000000000549004
4156a6c2-6e61-4c55-a37c-792c9d3b4f74	20250509	1	11002000107	900000000000509007	13171002000113	900000000000548007
4157202d-c2ad-4afe-8e86-aaeda52c1161	20250509	1	11002000107	900000000000509007	9071002000112	900000000000548007
4169c24f-6192-496e-bb52-af83f6b59975	20250509	1	11002000107	900000000000509007	7631002000112	900000000000549004
416e9e97-aa25-401e-b97d-63bce05dead3	20250509	1	11002000107	900000000000509007	11891002000117	900000000000549004
41720bca-6215-4514-bd42-56850867e91e	20250509	1	11002000107	900000000000509007	33601002000119	900000000000549004
41814504-4583-4e8d-957d-31f5320155b1	20250509	1	11002000107	900000000000509007	17091002000118	900000000000548007
418e559c-0d05-4921-b51a-2b1d85974974	20250509	1	11002000107	900000000000509007	36831002000117	900000000000548007
4192fb36-6f14-42b2-b728-fbfe877d360e	20250509	1	11002000107	900000000000509007	13051002000116	900000000000548007
4196d201-de71-458b-a20c-bcce13074a85	20250509	1	11002000107	900000000000509007	28471002000117	900000000000549004
4199546f-f06f-4beb-9f6c-b587ff7d55d0	20250509	1	11002000107	900000000000509007	14661002000113	900000000000549004
41ad362e-37cf-45e6-9cfa-2a882ae7449e	20250509	1	11002000107	900000000000509007	41031002000115	900000000000548007
41e72cc6-5c42-4a91-95a4-b1010e3efb5a	20250509	1	11002000107	900000000000509007	37591002000119	900000000000548007
420486b5-201d-49d8-8bbf-8557e97c277c	20250509	1	11002000107	900000000000509007	4591002000115	900000000000548007
4211729d-47ba-48e3-9de5-deaca0da5cde	20250509	1	11002000107	900000000000509007	2691002000113	900000000000549004
4221ddd0-8a85-4a58-8dd5-9bda25b85a7e	20250509	1	11002000107	900000000000509007	34121002000115	900000000000548007
42264b95-3006-48a3-8f85-4c2bba5afbbf	20250509	1	11002000107	900000000000509007	17401002000118	900000000000548007
424917e7-b610-4f94-8580-08b2f1ab32a2	20250509	1	11002000107	900000000000509007	29711002000114	900000000000548007
425d0aea-fb85-4555-8c61-07063f077e54	20250509	1	11002000107	900000000000509007	17001002000111	900000000000548007
425eab3f-4539-4321-bbe7-1957661c1f1c	20250509	1	11002000107	900000000000509007	43091002000115	900000000000549004
4260bdd8-7e91-4682-9966-e5c7ee1680f9	20250509	1	11002000107	900000000000509007	10701002000110	900000000000549004
42856e0b-4028-413d-856b-1ef527d49bfa	20250509	1	11002000107	900000000000509007	43261002000115	900000000000548007
4288a7fc-9b9b-4280-9581-cc3e52fa2465	20250509	1	11002000107	900000000000509007	28391002000112	900000000000548007
42a57ebd-f56f-420e-8737-3bf0f244c6c2	20250509	1	11002000107	900000000000509007	28791002000111	900000000000548007
42b07348-dea2-4cf2-aa22-1a65e074bc97	20250509	1	11002000107	900000000000509007	27181002000111	900000000000548007
42b24599-6a62-4254-a131-c8015905eef1	20250509	1	11002000107	900000000000509007	5891002000116	900000000000548007
42c0829d-348a-4a45-8572-c771aeb38757	20250509	1	11002000107	900000000000509007	5761002000119	900000000000548007
42cdbd22-58fc-4a20-af41-1133775d535f	20250509	1	11002000107	900000000000509007	3431002000116	900000000000549004
42d6e743-cc95-4a19-b9c5-4546ef8d8a8e	20250509	1	11002000107	900000000000509007	9101002000116	900000000000549004
42da6a1d-b5c9-4f9a-9aef-8bc1b544b52c	20250509	1	11002000107	900000000000509007	35601002000118	900000000000548007
42e4214e-43bf-4c2d-82a6-add6381c52cc	20250509	1	11002000107	900000000000509007	21071002000115	900000000000548007
42eb542e-65dc-431c-9a42-2ee52dabb681	20250509	1	11002000107	900000000000509007	38041002000117	900000000000548007
42fd1562-2cc0-4989-8668-d3432ae9c930	20250509	1	11002000107	900000000000509007	35431002000114	900000000000548007
430717bd-da45-4393-a2b1-9485b099b271	20250509	1	11002000107	900000000000509007	38791002000114	900000000000548007
431076a5-f8e5-490a-ae00-280049b8d859	20250509	1	11002000107	900000000000509007	37891002000116	900000000000548007
431e960f-d192-4f65-9548-4e29cccdfc33	20250509	1	11002000107	900000000000509007	31141002000111	900000000000548007
4328b5da-efb2-42f6-91b7-a3c06b973d55	20250509	1	11002000107	900000000000509007	36901002000119	900000000000548007
434010d0-8221-4df3-ba31-855dc9db05fe	20250509	1	11002000107	900000000000509007	44811002000117	900000000000548007
434c8863-2f50-4eef-905a-960947ed8914	20250509	1	11002000107	900000000000509007	10821002000112	900000000000549004
43551a6c-13ac-4227-8058-63c68966dccd	20250509	1	11002000107	900000000000509007	1031002000110	900000000000549004
437d68a6-bf1c-4c20-bada-60998e67f48d	20250509	1	11002000107	900000000000509007	29161002000113	900000000000548007
43aae184-29bd-41f8-81e2-6e350af8259e	20250509	1	11002000107	900000000000509007	20311002000119	900000000000549004
43bf2d2a-a1e2-4d59-9a36-1e473fca660c	20250509	1	11002000107	900000000000509007	23891002000113	900000000000549004
43dadaeb-b9c6-4390-8129-02b1e1c2c838	20250509	1	11002000107	900000000000509007	34601002000117	900000000000549004
43ed5c90-2615-49b2-ad05-e52a0d003963	20250509	1	11002000107	900000000000509007	361002000117	900000000000548007
43ee266a-0265-4984-bb03-ac9240e91e3c	20250509	1	11002000107	900000000000509007	20941002000116	900000000000548007
44009122-a0c1-4008-9f72-3fd5d8fc8592	20250509	1	11002000107	900000000000509007	4281002000116	900000000000549004
44117674-1ead-490a-84e7-9fa2e2ce0e3f	20250509	1	11002000107	900000000000509007	24591002000113	900000000000549004
4424df25-55ff-44a8-a3d3-4e0fa2318fda	20250509	1	11002000107	900000000000509007	34781002000115	900000000000549004
44588740-ef96-43d4-8636-6677636aa7ac	20250509	1	11002000107	900000000000509007	24031002000115	900000000000548007
445e635b-fb07-4eb9-b84f-c3e07799e89e	20250509	1	11002000107	900000000000509007	37511002000110	900000000000549004
446ba2f5-1637-4c58-ae33-8bceec228865	20250509	1	11002000107	900000000000509007	28771002000110	900000000000549004
449eb344-9004-4e82-b9fc-85873db2614c	20250509	1	11002000107	900000000000509007	20411002000110	900000000000548007
449f00b3-414a-4b1a-9054-69c6e495eef1	20250509	1	11002000107	900000000000509007	17551002000118	900000000000548007
44a80ecd-682a-4f4c-8752-24fc6dabe571	20250509	1	11002000107	900000000000509007	32811002000110	900000000000548007
44ab9cd2-64b1-4cec-a0c0-73dc2f489443	20250509	1	11002000107	900000000000509007	7901002000114	900000000000549004
44ad4805-1821-4210-af1e-9ab273b52eb5	20250509	1	11002000107	900000000000509007	31561002000115	900000000000548007
44b7fbd2-906e-4e45-8897-e2ec41f7c4bf	20250509	1	11002000107	900000000000509007	28801002000112	900000000000549004
44bc239f-25d7-4ceb-ac33-38a6cec0b72e	20250509	1	11002000107	900000000000509007	33451002000117	900000000000549004
44d051fb-20ec-436e-8966-0301fd8fd962	20250509	1	11002000107	900000000000509007	2661002000119	900000000000549004
44e436d5-ed56-4f90-bbef-1c29b1397bcb	20250509	1	11002000107	900000000000509007	26321002000111	900000000000549004
44e72cc2-3f17-45ab-b1b9-5dac1286621c	20250509	1	11002000107	900000000000509007	40671002000119	900000000000548007
453d0270-1323-4d1e-a0a5-04d630c29ad7	20250509	1	11002000107	900000000000509007	42931002000113	900000000000548007
456d5f21-5582-45ea-84d9-1f905ba45f77	20250509	1	11002000107	900000000000509007	46291002000118	900000000000548007
4576e86f-10b8-4848-965c-e1f8a7d2f9d8	20250509	1	11002000107	900000000000509007	8801002000116	900000000000548007
457a561c-e612-41f5-ac0b-1bd83adeea20	20250509	1	11002000107	900000000000509007	15441002000111	900000000000548007
458082fd-4ee6-426c-aa11-b86452b35dce	20250509	1	11002000107	900000000000509007	28211002000111	900000000000548007
459473b1-a371-412b-b6df-071658a99938	20250509	1	11002000107	900000000000509007	33491002000114	900000000000548007
45aa9ac9-9065-44d3-99ca-819930bf767f	20250509	1	11002000107	900000000000509007	1271002000116	900000000000549004
45ce6ce3-c19d-4daf-bae2-a58580a6a4fc	20250509	1	11002000107	900000000000509007	12741002000113	900000000000548007
45dbf7d2-d90f-4cb9-a686-0da70f189da1	20250509	1	11002000107	900000000000509007	45821002000112	900000000000549004
45e44290-3d9c-429e-9500-b10b05135afa	20250509	1	11002000107	900000000000509007	46401002000112	900000000000548007
45f6c615-e478-4598-8c4d-1edb87fabd9f	20250509	1	11002000107	900000000000509007	45681002000112	900000000000548007
45fffaf9-d5c6-4ee4-9e20-fa3972b30bd8	20250509	1	11002000107	900000000000509007	39901002000112	900000000000548007
4603b506-787d-4e4a-9684-bf9c368c283b	20250509	1	11002000107	900000000000509007	23251002000115	900000000000548007
460c9732-51e9-4c13-a456-0d67181b6e45	20250509	1	11002000107	900000000000509007	33351002000110	900000000000548007
46151cfc-4521-4341-a35c-c9848c2a0041	20250509	1	11002000107	900000000000509007	41411002000118	900000000000549004
461d48c4-6a71-45eb-9243-a752e0734a2e	20250509	1	11002000107	900000000000509007	39541002000115	900000000000548007
46250d77-2a5f-4e0b-b1f2-c4332aef70f8	20250509	1	11002000107	900000000000509007	26041002000115	900000000000548007
4625f9ee-dc16-4545-8045-45f7c3ce19fc	20250509	1	11002000107	900000000000509007	4071002000111	900000000000548007
463e35c3-3689-403e-a1f0-0d2473dd9dd3	20250509	1	11002000107	900000000000509007	38551002000112	900000000000548007
465812e2-554e-4254-ac96-e46130b0ddae	20250509	1	11002000107	900000000000509007	9141002000119	900000000000548007
466224ae-882f-4654-9a4c-291310e303d9	20250509	1	11002000107	900000000000509007	18501002000116	900000000000548007
4667c262-11e9-4129-bb8d-74e2777827a7	20250509	1	11002000107	900000000000509007	7171002000115	900000000000548007
4687ad44-1b20-4385-b84c-bf76b8c014a4	20250509	1	11002000107	900000000000509007	20091002000112	900000000000548007
46a5fbac-c3ec-45e3-b35b-4ad9dfc08b49	20250509	1	11002000107	900000000000509007	29921002000118	900000000000548007
46c55c09-d12e-46a4-99b1-f317703b094c	20250509	1	11002000107	900000000000509007	16451002000117	900000000000548007
46ce0de3-aa18-4547-92c4-537075acec91	20250509	1	11002000107	900000000000509007	8541002000116	900000000000548007
46d25f54-52e0-44a0-9c52-dae0f6acd2d5	20250509	1	11002000107	900000000000509007	11991002000111	900000000000548007
46fd1a91-bcac-4a2e-bf17-5dea8487f904	20250509	1	11002000107	900000000000509007	17321002000117	900000000000549004
47004fe6-4877-4b31-a723-c315d3748507	20250509	1	11002000107	900000000000509007	37431002000117	900000000000548007
470147b9-2ca4-44a1-9bd9-19013e78c04f	20250509	1	11002000107	900000000000509007	9581002000119	900000000000549004
470fe378-6191-4515-ab5e-4e3f729ad1f0	20250509	1	11002000107	900000000000509007	24491002000114	900000000000548007
47337110-e834-4b87-a530-16071e918dd6	20250509	1	11002000107	900000000000509007	45271002000112	900000000000548007
473be9cf-9769-43c0-9183-89e9eb84dab7	20250509	1	11002000107	900000000000509007	10071002000115	900000000000548007
473ceee9-9ca8-4d34-85f5-f18528b8dbc0	20250509	1	11002000107	900000000000509007	32011002000118	900000000000548007
4745b2ae-f4ef-4ded-8780-83178d28c3a5	20250509	1	11002000107	900000000000509007	41081002000119	900000000000549004
47504757-97c3-432f-a3d0-77478312b210	20250509	1	11002000107	900000000000509007	14511002000114	900000000000549004
475c144a-16c5-4ebe-b7f2-6d9ff60671e0	20250509	1	11002000107	900000000000509007	34921002000117	900000000000548007
475e8f11-efd6-4692-be52-2303b1b47af9	20250509	1	11002000107	900000000000509007	26021002000113	900000000000549004
47842b65-5903-482e-a259-c7d1213c3218	20250509	1	11002000107	900000000000509007	23521002000113	900000000000548007
47a161a1-40a7-43a4-b0b2-4e2f87b60c7b	20250509	1	11002000107	900000000000509007	31381002000117	900000000000548007
47c76ce6-bb3f-4300-9c14-8345e5ad2303	20250509	1	11002000107	900000000000509007	45671002000114	900000000000549004
47dfc07c-bc74-47b9-bd8a-c6fa9e505e45	20250509	1	11002000107	900000000000509007	1131002000111	900000000000548007
47ec8153-1224-44db-92e8-d3d6a8189370	20250509	1	11002000107	900000000000509007	7131002000118	900000000000549004
4800ce3f-4acc-457a-886a-b48e9b591259	20250509	1	11002000107	900000000000509007	38981002000113	900000000000549004
480499b7-7ba6-4153-99b5-a747fe123335	20250509	1	11002000107	900000000000509007	11421002000116	900000000000548007
48053beb-1211-4b2b-a49f-b3e0efdd9ade	20250509	1	11002000107	900000000000509007	25941002000113	900000000000548007
481747f7-2ea4-4ac3-99d3-dcd5292e1459	20250509	1	11002000107	900000000000509007	16101002000113	900000000000548007
4824e46b-ccd3-4212-8932-c9fc58a72f1d	20250509	1	11002000107	900000000000509007	11081002000114	900000000000548007
482cf466-f404-4321-9766-71141fee25cd	20250509	1	11002000107	900000000000509007	46061002000118	900000000000549004
485eae4e-74a7-4d74-a489-386f7ed782cb	20250509	1	11002000107	900000000000509007	15231002000119	900000000000548007
4870903d-e5c9-4797-be6d-3af5a10bca17	20250509	1	11002000107	900000000000509007	11521002000117	900000000000548007
48762e56-410b-4a42-8d96-fe6394d6c7ec	20250509	1	11002000107	900000000000509007	20741002000119	900000000000548007
4889ae51-795d-4d6d-a4e1-f9bdee5c2784	20250509	1	11002000107	900000000000509007	29951002000113	900000000000548007
48a342a8-bebb-472b-855a-b468f9dcaf72	20250509	1	11002000107	900000000000509007	41911002000113	900000000000548007
48ad905d-4beb-4238-a445-2f9ffd229f7d	20250509	1	11002000107	900000000000509007	3091002000110	900000000000549004
48c1401d-0221-4721-b98c-0ccee6100da7	20250509	1	11002000107	900000000000509007	1211002000111	900000000000549004
48c96f27-6c1e-40cf-ab6a-fa815432b00d	20250509	1	11002000107	900000000000509007	22481002000116	900000000000549004
48e1c2a7-42e2-40db-b37d-86d7338fec33	20250509	1	11002000107	900000000000509007	10871002000113	900000000000548007
48e7c7db-228b-424f-a934-33de218f0a13	20250509	1	11002000107	900000000000509007	39581002000112	900000000000549004
48ec5bb6-64be-47ee-a7cb-63968b62ab11	20250509	1	11002000107	900000000000509007	31781002000118	900000000000549004
49090e9b-5cc0-4cac-8cf8-ae2273879858	20250509	1	11002000107	900000000000509007	28551002000114	900000000000548007
490e4499-35ca-42d7-827b-7f5dfeef001c	20250509	1	11002000107	900000000000509007	22721002000111	900000000000549004
491ade26-76e2-4d18-9187-68d20af71378	20250509	1	11002000107	900000000000509007	12111002000110	900000000000548007
491c8030-e2cb-4e19-b114-5f8ae2d23829	20250509	1	11002000107	900000000000509007	46801002000110	900000000000548007
491d5ffd-05bc-458e-82d0-eb3b52ec3e88	20250509	1	11002000107	900000000000509007	31411002000119	900000000000548007
492e352f-bf39-40d6-9f56-4ca71baa6810	20250509	1	11002000107	900000000000509007	9671002000118	900000000000549004
493c8b6a-22fa-46cb-82b3-37fac37ab001	20250509	1	11002000107	900000000000509007	25531002000110	900000000000548007
49580995-983c-4d6f-8e2d-41d1b854ed20	20250509	1	11002000107	900000000000509007	40811002000110	900000000000549004
4967d04a-68b1-4590-af6a-4cbf2d6d205e	20250509	1	11002000107	900000000000509007	5391002000114	900000000000549004
497adbb3-748e-4fd3-898d-b406fbe83cea	20250509	1	11002000107	900000000000509007	27311002000115	900000000000548007
4980c3ac-0e04-4169-8331-ed75a39335a2	20250509	1	11002000107	900000000000509007	9961002000118	900000000000548007
4983a6ff-1c09-4168-8ea7-bcda0159ce9a	20250509	1	11002000107	900000000000509007	3141002000116	900000000000548007
498ba6dd-255f-4b2c-8c10-a811054a9420	20250509	1	11002000107	900000000000509007	4541002000110	900000000000548007
498ce6a4-afd4-4bf7-bdd7-990fcebc5ea7	20250509	1	11002000107	900000000000509007	10601002000117	900000000000548007
499e4ede-ab90-4243-9795-d9346217dec7	20250509	1	11002000107	900000000000509007	1871002000115	900000000000549004
49a56d8e-589c-4719-85d4-2ec4c0481160	20250509	1	11002000107	900000000000509007	43641002000116	900000000000548007
49ae15d8-1db2-4149-adf0-a007940b5fb6	20250509	1	11002000107	900000000000509007	36161002000115	900000000000549004
49b603ab-636f-4c6e-8b6c-577befeda306	20250509	1	11002000107	900000000000509007	14081002000112	900000000000548007
49e3f8e2-5cd4-4726-a9f6-7a1376ac1f68	20250509	1	11002000107	900000000000509007	11011002000116	900000000000548007
49e58338-eaa2-4a26-aa6c-b8d76a26e5fb	20250509	1	11002000107	900000000000509007	15611002000114	900000000000548007
49fee168-0d67-428b-b1a9-a22e93dadc5c	20250509	1	11002000107	900000000000509007	43831002000111	900000000000548007
4a0466f6-7c5f-40e3-8381-0c00222d4870	20250509	1	11002000107	900000000000509007	12051002000112	900000000000548007
4a25ef7a-92b8-41ef-8a81-cd9874e5eeb6	20250509	1	11002000107	900000000000509007	16561002000119	900000000000549004
4a270020-8808-47db-82b3-121963182fad	20250509	1	11002000107	900000000000509007	41941002000112	900000000000548007
4a44769d-9dde-4938-9fea-af409027d0f7	20250509	1	11002000107	900000000000509007	8911002000111	900000000000548007
4a4e95c7-af65-4f98-adfd-fe0f829a8b64	20250509	1	11002000107	900000000000509007	10981002000118	900000000000548007
4a4f1403-5928-4b47-9eff-06e109e153d7	20250509	1	11002000107	900000000000509007	23591002000110	900000000000548007
4a66f7a7-1305-4694-801c-25aaba106dc9	20250509	1	11002000107	900000000000509007	16241002000115	900000000000548007
4a82592d-d0b1-4209-90e6-66934f397062	20250509	1	11002000107	900000000000509007	31501002000116	900000000000548007
4a90d995-87e1-40af-a0bf-796ec0f330e8	20250509	1	11002000107	900000000000509007	46781002000111	900000000000549004
4ab0d635-e99f-42e6-8f36-bf8438b46dbb	20250509	1	11002000107	900000000000509007	23941002000114	900000000000548007
4ab11ff2-bad9-4814-ad4c-f5db77e297c3	20250509	1	11002000107	900000000000509007	40021002000112	900000000000548007
4ab18ce5-addc-4497-a5e3-ad6128988dc5	20250509	1	11002000107	900000000000509007	1371002000111	900000000000548007
4ab78ccf-8fe7-4fa1-b0d6-a2b78dbe37d3	20250509	1	11002000107	900000000000509007	3781002000114	900000000000548007
4ac33e06-1793-48f9-8857-33c971da7151	20250509	1	11002000107	900000000000509007	5621002000117	900000000000548007
4adb2f13-84fc-40be-9252-df93e62b7c25	20250509	1	11002000107	900000000000509007	5971002000114	900000000000548007
4ae103dc-3ca6-4010-a49d-d32b18316c63	20250509	1	11002000107	900000000000509007	8231002000114	900000000000549004
4b03527e-de10-48eb-982d-0e97b31a65ac	20250509	1	11002000107	900000000000509007	17111002000113	900000000000549004
4b0d0869-9cee-411a-be32-833b81f43368	20250509	1	11002000107	900000000000509007	40651002000110	900000000000548007
4b189c59-14e0-46e7-9e27-ec91596e725e	20250509	1	11002000107	900000000000509007	19261002000111	900000000000548007
4b212634-df58-4364-93b9-48da16ff760b	20250509	1	11002000107	900000000000509007	22131002000113	900000000000548007
4b2991a3-cbde-4d15-8fa7-1a479eceedca	20250509	1	11002000107	900000000000509007	41041002000111	900000000000548007
4b3657c0-3ab3-4656-81e9-afa7ec1942d2	20250509	1	11002000107	900000000000509007	13941002000117	900000000000549004
4b4b8163-bef2-48bd-837e-77da11ac5f78	20250509	1	11002000107	900000000000509007	29061002000114	900000000000548007
4b4cc301-78d2-459c-9f15-55a729fa4dd9	20250509	1	11002000107	900000000000509007	40801002000112	900000000000548007
4b611895-2979-49d5-8c7d-e879685cc70b	20250509	1	11002000107	900000000000509007	1011002000118	900000000000548007
4b68caf0-fa86-403a-ba85-8ea1eb52bc69	20250509	1	11002000107	900000000000509007	25001002000110	900000000000548007
4b70c924-5022-4d3f-8fbf-a65a788eca0e	20250509	1	11002000107	900000000000509007	5531002000118	900000000000548007
4b7c5caf-92a1-4e08-bfc3-cc9c8c156d84	20250509	1	11002000107	900000000000509007	41051002000113	900000000000549004
4b80e8e3-8b4c-4840-ac2c-a481627cf2c0	20250509	1	11002000107	900000000000509007	31002000119	900000000000548007
4b97c503-e350-412a-8bf6-21af76dabbf6	20250509	1	11002000107	900000000000509007	19011002000115	900000000000548007
4ba0b154-8956-49f8-90cd-a4d7b1829a22	20250509	1	11002000107	900000000000509007	24671002000111	900000000000548007
4bbc873b-96ac-47cb-8157-0d4c613b7fd8	20250509	1	11002000107	900000000000509007	32371002000111	900000000000549004
4bbe7aba-7c87-411a-add8-1615b5234214	20250509	1	11002000107	900000000000509007	46201002000111	900000000000548007
4bc06d55-2370-4138-b150-7dae50e45539	20250509	1	11002000107	900000000000509007	12861002000116	900000000000548007
4bc5c70c-bf26-4b94-8679-25fd220028b4	20250509	1	11002000107	900000000000509007	11561002000114	900000000000549004
4bce1d74-24d8-4afe-8938-b1f65bda2824	20250509	1	11002000107	900000000000509007	29701002000111	900000000000548007
4bcef648-ed8a-49be-8f66-174a3f5474e4	20250509	1	11002000107	900000000000509007	9291002000119	900000000000549004
4be462f0-7503-420b-ae3c-bbd82a8abeb5	20250509	1	11002000107	900000000000509007	48831002000115	900000000000548007
4beeb531-1df4-4ec5-a99b-f7a960703548	20250509	1	11002000107	900000000000509007	46641002000111	900000000000548007
4bf06b04-c473-412e-b810-c10a2e7d98a7	20250509	1	11002000107	900000000000509007	1441002000111	900000000000548007
4bf5add9-703a-4809-ad4e-2b43608bd247	20250509	1	11002000107	900000000000509007	34251002000116	900000000000549004
4c04c4ce-c573-4028-afb6-7581f0b84bfb	20250509	1	11002000107	900000000000509007	671002000118	900000000000549004
4c19da90-25cf-44c2-a4f8-e7a523eb98da	20250509	1	11002000107	900000000000509007	23051002000110	900000000000548007
4c1ccd2a-eaf9-4069-8873-1b016098c43f	20250509	1	11002000107	900000000000509007	20301002000117	900000000000548007
4c2a4624-3d9d-4bcf-a360-40c8db50c65e	20250509	1	11002000107	900000000000509007	14781002000114	900000000000548007
4c3565d9-94da-42b0-9bcb-98fd2fe328a7	20250509	1	11002000107	900000000000509007	47991002000114	900000000000548007
4c38a401-218d-4674-b5ff-495140a7bb33	20250509	1	11002000107	900000000000509007	41181002000118	900000000000548007
4c499b79-ceca-484c-8cee-ff4ba29e8313	20250509	1	11002000107	900000000000509007	38531002000119	900000000000549004
4c51c6ce-decf-4a65-a409-6e818a3dad8f	20250509	1	11002000107	900000000000509007	19171002000111	900000000000548007
4c5c64bc-1d79-47a3-b02c-a165ca0e72ed	20250509	1	11002000107	900000000000509007	19631002000119	900000000000549004
4c729f35-fc29-4145-8080-11ac309ce3a4	20250509	1	11002000107	900000000000509007	17801002000115	900000000000549004
4c8512bd-8f38-444b-8a55-fcdbe35afd32	20250509	1	11002000107	900000000000509007	16181002000118	900000000000548007
4c89290f-240a-45e9-8b8d-e9255762d0c6	20250509	1	11002000107	900000000000509007	25661002000119	900000000000548007
4c8b9ba2-bad2-4f2b-975f-69a89bfc9f69	20250509	1	11002000107	900000000000509007	30171002000110	900000000000548007
4c9a78f3-110c-41ee-9f9f-b0b1dd24497a	20250509	1	11002000107	900000000000509007	34761002000111	900000000000548007
4c9fe531-c04b-4551-a3d3-218ab88b7b9c	20250509	1	11002000107	900000000000509007	22791002000113	900000000000548007
4cb328ce-6fa7-4f3c-ba7e-1ed24fc641a7	20250509	1	11002000107	900000000000509007	46381002000112	900000000000548007
4cbf48f4-355a-43a3-8bf4-48fc4e49cfa0	20250509	1	11002000107	900000000000509007	1001002000116	900000000000549004
4cc67d71-89b7-4d31-9da3-cee49f23e73d	20250509	1	11002000107	900000000000509007	16021002000118	900000000000548007
4cc8daeb-b3f7-4f42-b6fb-571be788cd39	20250509	1	11002000107	900000000000509007	48701002000115	900000000000549004
4cdb0917-28e5-4f6b-bbc5-7f759c993dd0	20250509	1	11002000107	900000000000509007	48651002000112	900000000000548007
4ce97692-fac5-474c-9f5b-17d9fef71cc7	20250509	1	11002000107	900000000000509007	37851002000113	900000000000548007
4ce9af9c-2fd1-486b-ae5f-9a6b844c690f	20250509	1	11002000107	900000000000509007	23791002000116	900000000000548007
4cf79894-c013-40a9-b694-e62bddd0b14e	20250509	1	11002000107	900000000000509007	44391002000115	900000000000548007
4cf9a1b2-6fc7-4304-b50a-2ed7d281d42f	20250509	1	11002000107	900000000000509007	48561002000113	900000000000548007
4cfb5d2a-6cf9-431b-bd90-b57322c11a99	20250509	1	11002000107	900000000000509007	3721002000110	900000000000548007
4d03250f-362b-49dd-b90d-f06650653054	20250509	1	11002000107	900000000000509007	39921002000116	900000000000548007
4d08b253-5f6c-4150-a3dd-da35e5126675	20250509	1	11002000107	900000000000509007	42741002000115	900000000000548007
4d0e6afb-577b-4593-9d82-d6ac4ba36328	20250509	1	11002000107	900000000000509007	46721002000112	900000000000549004
4d130931-6cb6-450c-8b15-91c7b4db9389	20250509	1	11002000107	900000000000509007	16741002000114	900000000000548007
4d15d844-30c3-406b-b908-b4866bd680d6	20250509	1	11002000107	900000000000509007	27691002000117	900000000000549004
4d171876-d7d7-4e49-9f77-05fd7612c326	20250509	1	11002000107	900000000000509007	11111002000117	900000000000548007
4d191c7a-98cb-4dc2-a285-f553dc9a9eb9	20250509	1	11002000107	900000000000509007	18161002000110	900000000000549004
4d205456-605a-444d-a29d-0aa4138c023c	20250509	1	11002000107	900000000000509007	36431002000119	900000000000549004
4d293808-38d7-4034-a987-3da0e5ce8dd3	20250509	1	11002000107	900000000000509007	2161002000110	900000000000548007
4d306f3e-182b-47db-a275-7d8ea1f057de	20250509	1	11002000107	900000000000509007	21271002000112	900000000000548007
4d35926e-9a3a-419f-9863-e1fb96afa9b0	20250509	1	11002000107	900000000000509007	24111002000111	900000000000548007
4d385807-8f80-4caa-b9c8-9dea2f75c06a	20250509	1	11002000107	900000000000509007	32191002000110	900000000000548007
4d4a4767-a907-418b-ac87-b9cef2ef6a57	20250509	1	11002000107	900000000000509007	15051002000117	900000000000548007
4d501552-750d-49be-9307-60b71623320d	20250509	1	11002000107	900000000000509007	9361002000117	900000000000548007
4d50827e-d888-4572-9324-4ec4796eadbb	20250509	1	11002000107	900000000000509007	20801002000110	900000000000548007
4d5df921-332b-44d6-af56-c293d2857714	20250509	1	11002000107	900000000000509007	3791002000112	900000000000549004
4d657913-c3a2-4714-99a5-c12ac6b867ac	20250509	1	11002000107	900000000000509007	47161002000117	900000000000548007
4d66665b-38cf-49a2-940c-a489dfd1d89a	20250509	1	11002000107	900000000000509007	28841002000114	900000000000548007
4d66a99f-64ae-4062-a0cc-3ec440fe16fb	20250509	1	11002000107	900000000000509007	18941002000113	900000000000549004
4da58ef0-d3e6-4394-a0e4-7a5f439ca272	20250509	1	11002000107	900000000000509007	24231002000111	900000000000548007
4dbb22e9-d036-45b1-9a9c-171c75f534f2	20250509	1	11002000107	900000000000509007	46281002000116	900000000000548007
4ddaeac9-22b5-4b06-a39c-ac3a1ae3a607	20250509	1	11002000107	900000000000509007	12631002000112	900000000000548007
4de1ad6f-eb8a-4362-bf66-16aa67c3cf54	20250509	1	11002000107	900000000000509007	28271002000116	900000000000548007
4df4411b-62da-4b59-a549-0b0092a02c12	20250509	1	11002000107	900000000000509007	18511002000118	900000000000548007
4df6fecc-deab-4184-b65a-5cb734b53289	20250509	1	11002000107	900000000000509007	42621002000119	900000000000548007
4e35368f-5ab8-4b4a-a542-63f1e47414a6	20250509	1	11002000107	900000000000509007	35271002000113	900000000000548007
4e38f825-5fa7-4668-bbd8-346d736aea82	20250509	1	11002000107	900000000000509007	47241002000111	900000000000548007
4e3a6c38-8193-432d-9970-90099afa93ce	20250509	1	11002000107	900000000000509007	44001002000111	900000000000548007
4e3af7ff-f299-4085-80a0-e79bf2558c00	20250509	1	11002000107	900000000000509007	12461002000119	900000000000549004
4e4902df-93eb-40f8-b8c8-b8a0219e8656	20250509	1	11002000107	900000000000509007	46611002000112	900000000000548007
4e4c385d-ecb7-4792-b79c-04d0a7214ba1	20250509	1	11002000107	900000000000509007	25631002000114	900000000000548007
4e582d7e-57c5-4428-9bba-52924ede4688	20250509	1	11002000107	900000000000509007	4081002000114	900000000000548007
4e8a3e49-6fcc-4a9f-beaa-9d31abba331d	20250509	1	11002000107	900000000000509007	2391002000119	900000000000548007
4e92b492-44a9-496e-b521-4c3ad6b6461b	20250509	1	11002000107	900000000000509007	48041002000116	900000000000549004
4eac7397-b084-4d22-9448-b1a752820c02	20250509	1	11002000107	900000000000509007	9091002000113	900000000000548007
4ec07c67-d2e3-44e5-a2e2-bc7d9809f821	20250509	1	11002000107	900000000000509007	13701002000117	900000000000548007
4edcdca9-a824-4ad9-973d-894c3106c46a	20250509	1	11002000107	900000000000509007	25511002000118	900000000000548007
4ee80023-e486-400c-9fde-0c2c0b9d094a	20250509	1	11002000107	900000000000509007	45311002000112	900000000000549004
4f0c7ea6-d6b4-4759-8fed-bef152096aa0	20250509	1	11002000107	900000000000509007	44761002000110	900000000000548007
4f0f128d-3a31-4768-baad-e4cc488a82cf	20250509	1	11002000107	900000000000509007	37301002000116	900000000000549004
4f133e26-8607-4283-b6ff-59f7c8835809	20250509	1	11002000107	900000000000509007	10961002000114	900000000000548007
4f32c73a-4cc2-4614-995f-cad0c4b415eb	20250509	1	11002000107	900000000000509007	4181002000110	900000000000548007
4f5503f5-ad87-4e43-a150-8e4e64dd341a	20250509	1	11002000107	900000000000509007	14631002000118	900000000000549004
4f68cbe7-791d-4183-94b3-28c516148b70	20250509	1	11002000107	900000000000509007	48411002000114	900000000000548007
4f7a9185-3c3b-487f-8cf2-47d272bb8a69	20250509	1	11002000107	900000000000509007	14361002000119	900000000000549004
4f7bed86-81ab-40e5-a87f-c30f9db71d0a	20250509	1	11002000107	900000000000509007	48241002000112	900000000000548007
4f90bc15-9654-4d20-b5cc-3182992ebc1f	20250509	1	11002000107	900000000000509007	23871002000112	900000000000548007
4f923fb0-bdc5-423e-9aa6-c40a6a458d57	20250509	1	11002000107	900000000000509007	7091002000115	900000000000548007
4f9f721d-d080-4159-9ce2-0f34f016a533	20250509	1	11002000107	900000000000509007	951002000115	900000000000548007
4fabe151-dda8-48ad-b2f3-c27192fdb6eb	20250509	1	11002000107	900000000000509007	281002000117	900000000000549004
4fbe3e8f-2473-4ace-916a-e3b7164c76aa	20250509	1	11002000107	900000000000509007	10661002000116	900000000000548007
4fc7cb3d-a7d0-4fe8-90d8-a7c154a7e838	20250509	1	11002000107	900000000000509007	13151002000117	900000000000549004
4fd23494-452e-400f-903a-b6030b2fa258	20250509	1	11002000107	900000000000509007	17571002000114	900000000000548007
4fd4d98d-c8e7-4044-87fb-ac6a8d200663	20250509	1	11002000107	900000000000509007	19951002000118	900000000000548007
4fdf1ecf-b0bd-4844-b5f5-24cae578a99f	20250509	1	11002000107	900000000000509007	43671002000110	900000000000548007
4fe065d5-35d1-4170-96f1-0f78f9bdd4a6	20250509	1	11002000107	900000000000509007	34321002000118	900000000000548007
4fe08ad2-90da-4bb5-9005-b4c918ba3b40	20250509	1	11002000107	900000000000509007	47551002000110	900000000000548007
4fe25ea0-a631-4259-9f07-142ecaaa6e12	20250509	1	11002000107	900000000000509007	13731002000111	900000000000548007
4fec1290-62a3-49a1-a4c8-f5d27e7d18a9	20250509	1	11002000107	900000000000509007	7971002000117	900000000000548007
4ff82525-4cc0-468f-b7cf-18b3375f09c1	20250509	1	11002000107	900000000000509007	13161002000115	900000000000548007
4fff4344-0358-4a09-bff7-fd2eb601cec0	20250509	1	11002000107	900000000000509007	15381002000114	900000000000548007
4fffbe93-43e4-4e0b-a5c2-f1ab2e959417	20250509	1	11002000107	900000000000509007	161002000115	900000000000549004
50018d1b-e94e-4cc6-83a0-76eb3dc0e43d	20250509	1	11002000107	900000000000509007	18331002000118	900000000000548007
50202dd1-2533-431a-8e2f-52b3d97aa744	20250509	1	11002000107	900000000000509007	31811002000116	900000000000548007
503cd397-877f-462b-abef-d7a43cb0efcb	20250509	1	11002000107	900000000000509007	48861002000110	900000000000548007
504dc204-63a5-48f6-95ae-736700a8a4b7	20250509	1	11002000107	900000000000509007	5541002000114	900000000000549004
505d178e-d71d-484f-a133-35de0b4cc2cd	20250509	1	11002000107	900000000000509007	17561002000116	900000000000549004
505da9ec-2081-425c-9297-67ab9eb264ac	20250509	1	11002000107	900000000000509007	38991002000111	900000000000548007
505e9c07-e8cc-47f3-8440-a2f193ae4eae	20250509	1	11002000107	900000000000509007	20491002000119	900000000000549004
506402ba-3f1b-46b8-850f-7846a4b9cf3a	20250509	1	11002000107	900000000000509007	18601002000115	900000000000548007
507020fa-bed4-46bb-ac99-85d213f6e51d	20250509	1	11002000107	900000000000509007	5941002000115	900000000000548007
5086dd6d-5e23-4cc3-820b-fc0ddd87e79c	20250509	1	11002000107	900000000000509007	42201002000112	900000000000548007
508dbe2b-6d58-4c10-b56e-1e033670d232	20250509	1	11002000107	900000000000509007	1831002000118	900000000000548007
50911932-96fc-4792-bd7c-2c4179c4ed8d	20250509	1	11002000107	900000000000509007	18831002000113	900000000000548007
50978255-ddd7-45ba-88bb-94904000e64c	20250509	1	11002000107	900000000000509007	34161002000112	900000000000549004
509d2bd1-c4a5-4710-9cb7-2adb8b513234	20250509	1	11002000107	900000000000509007	32691002000118	900000000000548007
50a4c932-37ea-40f9-80c6-866bff4e4da5	20250509	1	11002000107	900000000000509007	34591002000111	900000000000548007
50a659fd-ff2d-4099-9705-6251baa8284f	20250509	1	11002000107	900000000000509007	46091002000112	900000000000549004
50a6bf87-9e26-40f3-b476-ba72d4127124	20250509	1	11002000107	900000000000509007	25281002000113	900000000000549004
50a783ba-aea8-4d9d-af3a-10c9783a6257	20250509	1	11002000107	900000000000509007	5861002000110	900000000000548007
50a82578-1b86-4a3b-b30c-331c3f0d9824	20250509	1	11002000107	900000000000509007	24321002000115	900000000000548007
50b205c0-219f-43ad-99b1-e40d094f3425	20250509	1	11002000107	900000000000509007	44031002000117	900000000000548007
50b9ec64-dcee-4788-a76e-499213f15614	20250509	1	11002000107	900000000000509007	36671002000118	900000000000548007
50b9f9fc-040f-4767-906c-63ed748c6241	20250509	1	11002000107	900000000000509007	21881002000111	900000000000548007
50d44572-24e9-4992-b4fb-18ae378ecc23	20250509	1	11002000107	900000000000509007	4461002000113	900000000000549004
50d7c0c3-a704-4c1a-a767-33ce7e2d7878	20250509	1	11002000107	900000000000509007	171002000113	900000000000548007
50e57f08-3783-42dd-bdb8-26849549b253	20250509	1	11002000107	900000000000509007	43301002000110	900000000000549004
50e7dc26-42a9-4d9b-9c1d-c41467f395a0	20250509	1	11002000107	900000000000509007	19441002000113	900000000000548007
50e99582-49ea-4659-b252-6973bbcb3462	20250509	1	11002000107	900000000000509007	15171002000114	900000000000548007
50f78aa1-bbec-4070-b408-964873e22d14	20250509	1	11002000107	900000000000509007	35611002000115	900000000000548007
50fa7df5-0354-45c9-a4c6-9461a0cc0c48	20250509	1	11002000107	900000000000509007	34751002000114	900000000000549004
50fd066d-0e25-41b0-bc80-5d9470321c9a	20250509	1	11002000107	900000000000509007	42711002000119	900000000000548007
50fe8b21-2af7-4392-bb00-fd94f26dbf8c	20250509	1	11002000107	900000000000509007	47051002000118	900000000000549004
510c7098-3b1f-4056-9aa8-18cacaafdaf0	20250509	1	11002000107	900000000000509007	32441002000111	900000000000548007
511632aa-bc94-4444-a1b5-a46cb4826560	20250509	1	11002000107	900000000000509007	28761002000117	900000000000548007
511e7b21-2395-4768-8f6d-100eea6263ab	20250509	1	11002000107	900000000000509007	33551002000116	900000000000548007
512aeb69-2b97-4742-8206-3225106ad7bc	20250509	1	11002000107	900000000000509007	25421002000113	900000000000548007
5141df19-8e57-4000-9dee-cfedf472b91f	20250509	1	11002000107	900000000000509007	32511002000113	900000000000548007
515000c8-7755-40a3-9e8b-1723a50847ba	20250509	1	11002000107	900000000000509007	45421002000110	900000000000548007
51559b2e-157b-4310-855e-7d04fe38207a	20250509	1	11002000107	900000000000509007	12421002000111	900000000000548007
51583094-2ef2-454e-a3c6-e7682f437a67	20250509	1	11002000107	900000000000509007	44511002000119	900000000000548007
5160e261-373b-4849-ac76-76befa11da52	20250509	1	11002000107	900000000000509007	46461002000113	900000000000548007
516bc85a-c95b-4554-9e90-03623793258e	20250509	1	11002000107	900000000000509007	17611002000118	900000000000548007
5171301c-9c57-4031-807d-9b42594621df	20250509	1	11002000107	900000000000509007	7991002000116	900000000000549004
51774f77-f74a-48d1-a241-a4a5b2eb6896	20250509	1	11002000107	900000000000509007	41621002000110	900000000000549004
518721a6-abe6-48dc-bc84-7896df959008	20250509	1	11002000107	900000000000509007	23551002000118	900000000000548007
519416c0-0e69-46cc-b27d-0720f5da4530	20250509	1	11002000107	900000000000509007	47531002000117	900000000000549004
519520c9-00f3-49b6-b586-00141977b1db	20250509	1	11002000107	900000000000509007	36191002000114	900000000000549004
51a23c98-5f4c-482e-a48f-89878f207fd9	20250509	1	11002000107	900000000000509007	23751002000113	900000000000548007
51a50ce6-3ff8-4e5b-b1e6-d8a1d03d2d5a	20250509	1	11002000107	900000000000509007	2581002000111	900000000000548007
51a7a1d8-d8bf-4d86-a773-4a0a02449ccc	20250509	1	11002000107	900000000000509007	3211002000112	900000000000548007
51bf5476-1f47-4d77-a4db-df66dd3579ae	20250509	1	11002000107	900000000000509007	42901002000119	900000000000548007
51c4c53c-384c-4ff4-a3ab-aca63d695568	20250509	1	11002000107	900000000000509007	8621002000113	900000000000548007
51f671db-92f0-425b-ba29-2ae347ff866a	20250509	1	11002000107	900000000000509007	28781002000113	900000000000548007
5213c918-fa4a-4613-972e-20547a441aac	20250509	1	11002000107	900000000000509007	9621002000119	900000000000548007
521dd3d6-83c1-4179-a1a7-c7264fda712c	20250509	1	11002000107	900000000000509007	3741002000117	900000000000548007
521fa373-94a1-421c-b869-ddc9bb5c84b5	20250509	1	11002000107	900000000000509007	35631002000112	900000000000548007
52327db3-76bd-4b34-bf5c-249ca0c2a5ba	20250509	1	11002000107	900000000000509007	29881002000112	900000000000548007
5237f031-c436-49e6-b9f2-05d60d177a6e	20250509	1	11002000107	900000000000509007	17731002000115	900000000000548007
52400ebe-0408-41b5-a177-b16ac2e6d6e4	20250509	1	11002000107	900000000000509007	12891002000110	900000000000548007
5244834c-c041-4867-9717-07b4dfc8c211	20250509	1	11002000107	900000000000509007	2451002000118	900000000000548007
5260da24-98df-4839-8710-05122db3bcfc	20250509	1	11002000107	900000000000509007	38111002000117	900000000000549004
5263b212-b8fe-4884-beda-469074a0b4fd	20250509	1	11002000107	900000000000509007	36291002000119	900000000000548007
526590e1-fcc2-46de-8b9d-14119943f73a	20250509	1	11002000107	900000000000509007	5831002000115	900000000000548007
5268683c-9a31-4991-8b9a-ed72a9c596c4	20250509	1	11002000107	900000000000509007	24061002000110	900000000000549004
52714601-6fee-4e84-a636-32b1063eeae7	20250509	1	11002000107	900000000000509007	46001002000119	900000000000549004
52855988-f91d-4ed3-a3e2-6e08320153a4	20250509	1	11002000107	900000000000509007	30661002000113	900000000000548007
528fda75-5b92-43ed-9834-c011127229fc	20250509	1	11002000107	900000000000509007	41501002000115	900000000000549004
52927039-a32e-4e53-8b6d-5c67e3b16b71	20250509	1	11002000107	900000000000509007	29461002000119	900000000000548007
52946975-bb14-4a7c-986d-1eb2a16ee001	20250509	1	11002000107	900000000000509007	32331002000113	900000000000548007
52c62c1b-fe75-44f2-91b4-34b3c8c2689d	20250509	1	11002000107	900000000000509007	36801002000111	900000000000548007
52e96d5f-e988-46a3-a08d-686e56970b22	20250509	1	11002000107	900000000000509007	45201002000115	900000000000548007
52ea5db3-71a3-4af6-a3c2-a02ae0f40d0e	20250509	1	11002000107	900000000000509007	45961002000114	900000000000548007
52ed67c9-6e16-40fe-b5e6-24c260ab1a3a	20250509	1	11002000107	900000000000509007	6171002000118	900000000000549004
52f6999b-c218-40c8-9f47-5fafd3a09745	20250509	1	11002000107	900000000000509007	47431002000116	900000000000548007
52f78ad7-ccaa-4173-bdad-dbc1ec1c70fc	20250509	1	11002000107	900000000000509007	14981002000111	900000000000548007
52fb5d18-8735-4f38-a1f6-de3e9345b471	20250509	1	11002000107	900000000000509007	26281002000119	900000000000548007
53063bff-d747-4ee0-8d2b-281b8aba2e65	20250509	1	11002000107	900000000000509007	2551002000117	900000000000549004
532c4ca4-ae93-491e-8776-6c0a6177e9f2	20250509	1	11002000107	900000000000509007	38331002000111	900000000000548007
533dafea-a3b2-4b2e-8f0e-278a0de10af1	20250509	1	11002000107	900000000000509007	32311002000116	900000000000549004
5341eab9-e588-4d59-ba41-3b73a29d746c	20250509	1	11002000107	900000000000509007	35241002000119	900000000000548007
5342b248-f4a0-4e2c-8ea4-670a45c8383f	20250509	1	11002000107	900000000000509007	6201002000119	900000000000549004
5345a3ce-6748-4a02-b4c7-7656efe6f776	20250509	1	11002000107	900000000000509007	29381002000115	900000000000548007
5350fe10-c9c9-43cb-bb29-c530189e08af	20250509	1	11002000107	900000000000509007	41311002000114	900000000000548007
5350fe61-785e-4e68-89da-e3cdce4de422	20250509	1	11002000107	900000000000509007	42301002000118	900000000000548007
5353bada-86b3-4763-b874-2b94af4ea4b0	20250509	1	11002000107	900000000000509007	8891002000114	900000000000548007
53570e7c-27f0-4009-a05e-c78f5bedc478	20250509	1	11002000107	900000000000509007	11491002000119	900000000000548007
53678c4b-117b-4d76-9b67-accc04bdd2bc	20250509	1	11002000107	900000000000509007	44611002000118	900000000000548007
5371eca3-bccc-4fa4-974f-0f61356fc60e	20250509	1	11002000107	900000000000509007	1931002000114	900000000000549004
537b845b-95aa-4052-b510-62e72d3fe84b	20250509	1	11002000107	900000000000509007	2611002000117	900000000000548007
53a40bbb-9bcc-497a-990f-5647d93de402	20250509	1	11002000107	900000000000509007	5441002000113	900000000000548007
53aa0271-84f1-4d52-9f54-53f5e2bea061	20250509	1	11002000107	900000000000509007	16461002000115	900000000000548007
53be0c56-ad0e-4a43-a7fc-b75cd0cbb27b	20250509	1	11002000107	900000000000509007	32361002000118	900000000000548007
53c3e482-d782-4efe-878a-3861b5e2d194	20250509	1	11002000107	900000000000509007	341002000116	900000000000549004
53ca8b46-7b9d-452d-9335-be7a3857a4eb	20250509	1	11002000107	900000000000509007	37221002000119	900000000000548007
53d0aba8-f616-4944-afb9-36d760aa3893	20250509	1	11002000107	900000000000509007	25201002000118	900000000000548007
53de10ca-e3f2-43b0-a690-3a0c21d55528	20250509	1	11002000107	900000000000509007	7711002000114	900000000000548007
53ebf67c-180c-4c6d-9581-e8d16ef0798d	20250509	1	11002000107	900000000000509007	40061002000115	900000000000549004
53f5a208-bc6e-4e6e-b04a-2f7b93a751ab	20250509	1	11002000107	900000000000509007	39361002000114	900000000000548007
53fd195c-6e6b-45ad-9092-281c16b27b8e	20250509	1	11002000107	900000000000509007	34911002000111	900000000000548007
54113a45-00ed-4528-b2a7-384e384b1cb5	20250509	1	11002000107	900000000000509007	5811002000112	900000000000549004
54139a60-f9d3-4e18-9a33-ba05b5f9e31b	20250509	1	11002000107	900000000000509007	40381002000114	900000000000548007
5413cf58-5e5f-416e-a8be-964c72663bf8	20250509	1	11002000107	900000000000509007	45781002000115	900000000000548007
542f4410-5061-4acb-a6cb-3b50fa9115ea	20250509	1	11002000107	900000000000509007	16201002000117	900000000000549004
5433076a-d57e-489d-b23e-ea2c30e76265	20250509	1	11002000107	900000000000509007	6101002000110	900000000000548007
5436b84d-dbde-4779-aee0-b7f10ef45c59	20250509	1	11002000107	900000000000509007	5111002000116	900000000000548007
543d6e82-5841-4c9e-b160-d4983418350b	20250509	1	11002000107	900000000000509007	7701002000111	900000000000548007
5440a1d0-6b16-4e7c-8d50-97d119a4bd0f	20250509	1	11002000107	900000000000509007	41921002000119	900000000000549004
544515b3-4c26-40f8-a423-202afda7bd34	20250509	1	11002000107	900000000000509007	32301002000119	900000000000548007
546cda43-8e44-42f7-adc6-b5c7d76e8a4d	20250509	1	11002000107	900000000000509007	27891002000118	900000000000548007
547ef2af-060d-46bd-9a2a-0b720d9cb4e5	20250509	1	11002000107	900000000000509007	5721002000111	900000000000549004
5481d871-77f1-410e-b5e2-32d5da237666	20250509	1	11002000107	900000000000509007	28221002000117	900000000000548007
54830804-fa30-4a23-b10f-556230aaf76a	20250509	1	11002000107	900000000000509007	48441002000113	900000000000548007
54877b9d-8ac3-417c-89af-d604ccf1c7e8	20250509	1	11002000107	900000000000509007	22841002000111	900000000000548007
54a3c4c4-6a99-439c-be68-fed8f635f585	20250509	1	11002000107	900000000000509007	28251002000112	900000000000548007
5503401a-32df-4222-8a65-ed3cb2775e42	20250509	1	11002000107	900000000000509007	45831002000110	900000000000548007
55138edd-ec57-4ac6-aeb1-2461e1ddeb12	20250509	1	11002000107	900000000000509007	43841002000115	900000000000549004
552a9bb6-18b8-4b99-b13a-9ec41fcc7e05	20250509	1	11002000107	900000000000509007	25491002000110	900000000000549004
55391bd7-1ae5-4ace-847b-a1beff0a4f1b	20250509	1	11002000107	900000000000509007	2741002000110	900000000000548007
55511030-ed92-45ab-b991-97774524f507	20250509	1	11002000107	900000000000509007	41001002000114	900000000000548007
556e6f3c-02f1-4ba6-bffb-3e4829504ebf	20250509	1	11002000107	900000000000509007	29281002000111	900000000000548007
557aab6b-b958-454b-9297-ea4ad4daf0ad	20250509	1	11002000107	900000000000509007	12431002000114	900000000000549004
557fb596-c76b-4bbc-8cc8-66ee0ad72770	20250509	1	11002000107	900000000000509007	26861002000114	900000000000549004
55a20229-032c-4c28-8eb8-ef2dbef4c829	20250509	1	11002000107	900000000000509007	2721002000117	900000000000549004
55a33a6b-b6f7-41e1-98cb-9fb3d7baa247	20250509	1	11002000107	900000000000509007	23241002000117	900000000000548007
55a4d36c-8d20-4c31-ae6c-3749d4873cf5	20250509	1	11002000107	900000000000509007	34471002000111	900000000000548007
55b107ab-0434-4153-af3d-1fe8aac517f6	20250509	1	11002000107	900000000000509007	45241002000118	900000000000548007
55bdb098-8fbc-4810-abdd-ccc24c5c2f03	20250509	1	11002000107	900000000000509007	3391002000113	900000000000548007
55eb0871-6172-409b-abe7-f77222a934ff	20250509	1	11002000107	900000000000509007	13721002000113	900000000000548007
5604f454-4b71-47ab-9a4c-cce49aae08ea	20250509	1	11002000107	900000000000509007	47591002000118	900000000000549004
560bfc4f-0abf-4f3b-b2a2-4aef404131c7	20250509	1	11002000107	900000000000509007	8881002000111	900000000000548007
5610211e-7e55-490b-ba23-f8b37adfa688	20250509	1	11002000107	900000000000509007	8241002000118	900000000000548007
5614e51a-41b2-4a31-8d45-4e2dc7f34b3a	20250509	1	11002000107	900000000000509007	44841002000118	900000000000548007
56172f05-0cbf-46b4-842b-03463cbf0a82	20250509	1	11002000107	900000000000509007	34131002000117	900000000000549004
5617c226-df07-4729-b466-93234367f9d7	20250509	1	11002000107	900000000000509007	46731002000110	900000000000548007
563458a7-b77b-4a5a-b42e-d1df9e022ea3	20250509	1	11002000107	900000000000509007	43701002000111	900000000000548007
564e953c-43c3-4372-b164-f0e339b19d6d	20250509	1	11002000107	900000000000509007	40141002000115	900000000000548007
566bb323-f8c2-463a-adfb-c27a40d8780a	20250509	1	11002000107	900000000000509007	141002000119	900000000000548007
5674f638-f449-4770-a2b6-292283522904	20250509	1	11002000107	900000000000509007	25091002000117	900000000000548007
567d313d-8fdb-4af8-9a1f-009833e70589	20250509	1	11002000107	900000000000509007	45061002000113	900000000000548007
567f6fa9-f404-4b8a-a0c4-19c58623da49	20250509	1	11002000107	900000000000509007	2871002000111	900000000000549004
56949455-94f9-4e47-bacb-f233dd97e11b	20250509	1	11002000107	900000000000509007	7251002000117	900000000000548007
56965884-f494-4bb6-89ef-8dfb82517c9c	20250509	1	11002000107	900000000000509007	31981002000116	900000000000548007
56a0f857-e7f2-4093-a1f5-6168689e78bd	20250509	1	11002000107	900000000000509007	25151002000113	900000000000548007
56a465c5-1bec-4314-91ef-0d07f2582d8d	20250509	1	11002000107	900000000000509007	22821002000118	900000000000548007
56a58b9f-b423-4466-8dab-9063a8bd58f8	20250509	1	11002000107	900000000000509007	40821002000116	900000000000548007
56cd64c8-9e9e-46b6-aa92-8e3181509826	20250509	1	11002000107	900000000000509007	4561002000114	900000000000548007
56df3921-cd19-410f-af41-99988efa2f59	20250509	1	11002000107	900000000000509007	38781002000111	900000000000548007
56dfc341-51d3-4133-ad13-1001e10ddc6e	20250509	1	11002000107	900000000000509007	39621002000112	900000000000548007
56e72c12-8da7-4960-8f09-7c55b58f2bcb	20250509	1	11002000107	900000000000509007	34061002000113	900000000000548007
56ef7605-e995-4ec3-8b20-aac3edb68336	20250509	1	11002000107	900000000000509007	49071002000118	900000000000548007
56fdf648-33ad-4e46-b0f0-5ec350496743	20250509	1	11002000107	900000000000509007	9651002000114	900000000000548007
570e1042-64ca-47d0-9a15-9510f6569c7f	20250509	1	11002000107	900000000000509007	21851002000117	900000000000548007
5711982f-8bb3-426b-9eba-5d14be38d62f	20250509	1	11002000107	900000000000509007	15031002000110	900000000000549004
57167776-6908-4eb1-88d4-419bc33bd0b3	20250509	1	11002000107	900000000000509007	34771002000118	900000000000548007
571f8710-4005-4b11-bb85-647eb1ce2e4b	20250509	1	11002000107	900000000000509007	3421002000119	900000000000548007
573a2737-4b56-4629-8c7b-8526565e4d3a	20250509	1	11002000107	900000000000509007	38951002000119	900000000000549004
575a87f4-4b90-407f-b544-0839aa8d8986	20250509	1	11002000107	900000000000509007	37631002000119	900000000000549004
575e3b2a-5099-4161-9525-ac3e421f6fbd	20250509	1	11002000107	900000000000509007	47911002000118	900000000000548007
5769f46c-48a8-47b7-805e-294aeee9a4da	20250509	1	11002000107	900000000000509007	33431002000110	900000000000548007
5775c610-e99b-4590-9815-dd2038baea2c	20250509	1	11002000107	900000000000509007	37521002000116	900000000000548007
57768593-2614-40be-9829-4d63c986e8eb	20250509	1	11002000107	900000000000509007	35971002000117	900000000000548007
57995c4d-5405-49a9-bb91-a763cc30dbe2	20250509	1	11002000107	900000000000509007	44261002000118	900000000000549004
579dac72-0d56-464b-bbcf-54b2a7169467	20250509	1	11002000107	900000000000509007	30241002000111	900000000000548007
57af229f-583a-49f2-90f7-0a4bade56848	20250509	1	11002000107	900000000000509007	35281002000111	900000000000548007
57dceff5-190e-4ad7-a2fb-d4d4af45848d	20250509	1	11002000107	900000000000509007	44851002000116	900000000000548007
57e21b1a-1493-4ecf-981a-4d50804b3c09	20250509	1	11002000107	900000000000509007	24191002000115	900000000000548007
57e92752-bd5b-40fe-ad85-a96a34ea8641	20250509	1	11002000107	900000000000509007	45151002000110	900000000000548007
58145b0d-e4a6-4dbc-b36b-b12999a33c93	20250509	1	11002000107	900000000000509007	5261002000111	900000000000548007
58168bc0-bbec-4e39-bfdb-19b48b6b4b34	20250509	1	11002000107	900000000000509007	9991002000112	900000000000548007
5834d918-cd61-48d7-81c8-55a01fe22546	20250509	1	11002000107	900000000000509007	1101002000117	900000000000548007
58461a49-bd99-4ed2-aee6-b66182d84c73	20250509	1	11002000107	900000000000509007	3201002000114	900000000000548007
5848912b-df93-4606-94fd-4b083ee072d2	20250509	1	11002000107	900000000000509007	1191002000110	900000000000548007
586612b0-73b1-4b69-a106-d057ddf1dcc2	20250509	1	11002000107	900000000000509007	20071002000111	900000000000548007
588ec712-39a7-4065-bb0f-9e7ab7427e9d	20250509	1	11002000107	900000000000509007	39401002000118	900000000000549004
58936592-1974-440a-b6ee-c2b166203387	20250509	1	11002000107	900000000000509007	12131002000118	900000000000549004
58aa6685-6ec5-4ba8-ab6c-528944491256	20250509	1	11002000107	900000000000509007	43041002000110	900000000000548007
58b3d9e4-6cf5-4195-86f5-ad6885504a3d	20250509	1	11002000107	900000000000509007	14261002000110	900000000000548007
58b5b2ee-1972-4c33-a2d2-df8ff8d36d1b	20250509	1	11002000107	900000000000509007	36651002000114	900000000000548007
58ba62cb-b3e1-420a-990b-723ca3fb3616	20250509	1	11002000107	900000000000509007	21831002000110	900000000000548007
58bf049b-e276-43dd-91ae-7893f738449b	20250509	1	11002000107	900000000000509007	17651002000117	900000000000549004
58cc6508-e82d-41e3-b0a1-2d5ec23004a1	20250509	1	11002000107	900000000000509007	24261002000116	900000000000548007
58dcbf32-ab35-4397-9591-c3fa77d613f3	20250509	1	11002000107	900000000000509007	34631002000111	900000000000549004
58ddc54e-ef93-443a-937f-81e8eed32fb0	20250509	1	11002000107	900000000000509007	46111002000117	900000000000548007
58e9a32d-8499-44be-b2e9-f6fa3d4001b1	20250509	1	11002000107	900000000000509007	42691002000117	900000000000548007
5909830b-9742-4494-ab99-049f07975ed3	20250509	1	11002000107	900000000000509007	9501002000114	900000000000549004
5912486d-87f5-4298-a59a-ee73abc1d055	20250509	1	11002000107	900000000000509007	22831002000115	900000000000548007
5912ac9f-a117-4aac-b8b1-770ff54896ce	20250509	1	11002000107	900000000000509007	27971002000111	900000000000548007
591759bf-8062-4755-b413-c6189aadab5c	20250509	1	11002000107	900000000000509007	30401002000110	900000000000548007
591816e5-5ac5-41a2-b78f-badbcfa178fa	20250509	1	11002000107	900000000000509007	19211002000113	900000000000549004
5935b0d7-ee51-45a7-9440-e4b09c79be1c	20250509	1	11002000107	900000000000509007	24151002000112	900000000000549004
594af65a-0353-4e52-9da8-78073b65c38c	20250509	1	11002000107	900000000000509007	2511002000118	900000000000548007
5958d2ab-aff3-416d-818c-2cd2e90a40a1	20250509	1	11002000107	900000000000509007	4621002000118	900000000000548007
595ce37d-e85e-4b8c-b360-1100f96e5d72	20250509	1	11002000107	900000000000509007	231002000118	900000000000548007
595f3a79-eadc-467d-96d0-9ab8ded5a8a8	20250509	1	11002000107	900000000000509007	37531002000118	900000000000548007
59654b49-f0be-4e01-9468-05c7e931c179	20250509	1	11002000107	900000000000509007	33031002000115	900000000000549004
597e7225-d5b6-4152-9b28-70cd8764dc77	20250509	1	11002000107	900000000000509007	36791002000110	900000000000548007
59995349-cdec-462f-85bb-e5e411d49e1d	20250509	1	11002000107	900000000000509007	921002000110	900000000000548007
59a62728-1f33-43f4-83b0-21f6c04e5932	20250509	1	11002000107	900000000000509007	42471002000116	900000000000548007
59a7a134-924a-4d1f-9bba-40bca1171fc0	20250509	1	11002000107	900000000000509007	30081002000112	900000000000548007
59bb67bf-24bc-4e72-9293-f221eb0f7b9a	20250509	1	11002000107	900000000000509007	23611002000118	900000000000549004
59c53d8b-fe82-468a-b66a-f5634bb0ccc5	20250509	1	11002000107	900000000000509007	43681002000113	900000000000548007
59c97741-81aa-4a4b-81a8-2c1373b53e25	20250509	1	11002000107	900000000000509007	15661002000112	900000000000548007
59cb79ab-b224-4b2f-8b05-c1b7791fbe91	20250509	1	11002000107	900000000000509007	31731002000119	900000000000548007
5a114675-2224-43e6-9414-e3e8a9e6cdb4	20250509	1	11002000107	900000000000509007	3671002000115	900000000000548007
5a30821d-08dd-4f52-ba08-4040f6034745	20250509	1	11002000107	900000000000509007	36861002000112	900000000000548007
5a371b15-fc5c-49fb-aadc-4c91202749b9	20250509	1	11002000107	900000000000509007	44301002000113	900000000000548007
5a47bb57-014a-4637-a1fa-7effe73e0c03	20250509	1	11002000107	900000000000509007	20981002000113	900000000000549004
5a5003ec-8bf4-4129-b0e8-6d50761fe488	20250509	1	11002000107	900000000000509007	44581002000112	900000000000548007
5a638ffb-435c-4b4e-888f-c43ecb9afad9	20250509	1	11002000107	900000000000509007	33171002000116	900000000000548007
5a74dd1f-0a66-4661-8fe2-80b7bd8b7a08	20250509	1	11002000107	900000000000509007	43001002000113	900000000000549004
5a75cfc7-36ed-4433-b99c-ee2679459b2e	20250509	1	11002000107	900000000000509007	22801002000114	900000000000548007
5a77a0a4-9cb0-461c-948d-cdde1c37b473	20250509	1	11002000107	900000000000509007	13781002000112	900000000000548007
5a90913b-9e57-439d-9cfb-d6fe7b50fbc6	20250509	1	11002000107	900000000000509007	46841002000112	900000000000549004
5a9abe1a-d524-4a0e-a288-d13c4396dc5c	20250509	1	11002000107	900000000000509007	29911002000112	900000000000548007
5aa28e07-6714-474b-9c9a-aa391dd810af	20250509	1	11002000107	900000000000509007	38881002000115	900000000000548007
5aa3ec75-2661-4fdc-888e-6f8827dc42bb	20250509	1	11002000107	900000000000509007	28811002000110	900000000000548007
5aa8a060-d825-42d3-a42f-d1ff0749232d	20250509	1	11002000107	900000000000509007	15771002000110	900000000000548007
5aa9c36a-e0c2-4786-95d7-8337724461a6	20250509	1	11002000107	900000000000509007	45651002000118	900000000000548007
5aad2788-8a22-415c-b4fe-6bb7b914a797	20250509	1	11002000107	900000000000509007	5151002000115	900000000000549004
5ab39949-e630-4983-bc6d-4d678af55476	20250509	1	11002000107	900000000000509007	25101002000114	900000000000549004
5ab98301-5da1-4a67-96be-9f9adfd839d3	20250509	1	11002000107	900000000000509007	35221002000112	900000000000548007
5abb5f2a-bd17-4ccf-a61f-38804f1c07f3	20250509	1	11002000107	900000000000509007	38601002000114	900000000000548007
5abca934-35a0-4952-8e14-db598e626718	20250509	1	11002000107	900000000000509007	49011002000113	900000000000548007
5ae4f0dd-7c17-47d8-a013-dd9d14f5d75c	20250509	1	11002000107	900000000000509007	30571002000119	900000000000548007
5aec657d-e6e5-4d64-a19a-0ba3ee5c5036	20250509	1	11002000107	900000000000509007	12571002000111	900000000000548007
5af0df8f-9df8-431c-b6fd-83e3c9388faf	20250509	1	11002000107	900000000000509007	38321002000113	900000000000549004
5b05328f-1212-463b-9212-a9625a097896	20250509	1	11002000107	900000000000509007	47891002000115	900000000000549004
5b0642f0-bbab-4c1a-bc34-8e5caec869c5	20250509	1	11002000107	900000000000509007	16661002000118	900000000000548007
5b092703-c5ed-4e34-aa94-8e8c5843d957	20250509	1	11002000107	900000000000509007	8281002000110	900000000000548007
5b0ffb16-4c30-44ee-9b5f-9a7fff4523d6	20250509	1	11002000107	900000000000509007	22961002000116	900000000000548007
5b1c264d-80de-4d96-ad74-e22ef480090f	20250509	1	11002000107	900000000000509007	9841002000113	900000000000548007
5b2887ca-4f9f-44f9-a414-3b61d3a79e5e	20250509	1	11002000107	900000000000509007	18561002000115	900000000000548007
5b336e44-c686-4010-b07a-e5b935aecd08	20250509	1	11002000107	900000000000509007	47011002000119	900000000000548007
5b43063b-e2e8-411f-8a08-7f35c45bbfc2	20250509	1	11002000107	900000000000509007	18271002000110	900000000000548007
5b4cbe99-bc35-4f7c-9dd9-6fd5888e8dc8	20250509	1	11002000107	900000000000509007	23421002000114	900000000000548007
5b50cbab-942c-4d05-9670-a54d76ad6cce	20250509	1	11002000107	900000000000509007	45701002000110	900000000000549004
5b5bb03b-ed28-4d51-996b-99e0539c0758	20250509	1	11002000107	900000000000509007	42941002000117	900000000000549004
5b746b6b-af80-428b-8d83-fadcff76853b	20250509	1	11002000107	900000000000509007	9341002000116	900000000000548007
5b821abe-af81-4e83-aa25-09451a5674d1	20250509	1	11002000107	900000000000509007	11981002000113	900000000000549004
5b87a6b7-49f2-48db-8827-a315c3065b9c	20250509	1	11002000107	900000000000509007	24611002000116	900000000000548007
5b8fac9e-e3a6-4f11-8ea2-9f4356ca30d2	20250509	1	11002000107	900000000000509007	9381002000113	900000000000549004
5b90462d-fb74-47fb-81bb-9ffe114ed72b	20250509	1	11002000107	900000000000509007	7441002000118	900000000000548007
5b958899-784a-4679-8acf-df151d71a5fd	20250509	1	11002000107	900000000000509007	291002000119	900000000000548007
5ba49e63-77ab-4f37-998a-9f44d3f4f7f5	20250509	1	11002000107	900000000000509007	7681002000113	900000000000548007
5bbc93f7-28b6-48c9-93f7-27a93e567ad2	20250509	1	11002000107	900000000000509007	1331002000113	900000000000549004
5bbfb4ca-c1ec-4a88-a7ea-242b1f68c9f4	20250509	1	11002000107	900000000000509007	11741002000119	900000000000549004
5bd86663-87c4-4d8a-96d7-06799803f3fe	20250509	1	11002000107	900000000000509007	23801002000115	900000000000548007
5bf67348-bb1a-4704-8f22-7a4f12b1d734	20250509	1	11002000107	900000000000509007	32431002000115	900000000000549004
5c019fb0-4f68-4322-b71c-57afb1f10b39	20250509	1	11002000107	900000000000509007	21951002000112	900000000000548007
5c1935cd-625f-40ab-afd7-0fbaf4b92b86	20250509	1	11002000107	900000000000509007	46251002000110	900000000000548007
5c1a40f9-a418-466b-9211-9c972bbd7079	20250509	1	11002000107	900000000000509007	1721002000114	900000000000549004
5c3ee953-7bc9-490a-8938-2fca0604c423	20250509	1	11002000107	900000000000509007	27391002000111	900000000000549004
5c4dff53-2e01-4cb7-bea5-3af7fa8d496f	20250509	1	11002000107	900000000000509007	36421002000117	900000000000548007
5c579833-ef3e-41dd-8a1a-1ca8271a2398	20250509	1	11002000107	900000000000509007	17751002000113	900000000000548007
5c627c09-8568-4823-8319-1afa46818e60	20250509	1	11002000107	900000000000509007	32541002000112	900000000000548007
5c732db3-e83b-47db-a08f-329996a8b3ff	20250509	1	11002000107	900000000000509007	46131002000114	900000000000548007
5c7dfba3-f0f9-4b42-ba4e-e3316e028bc8	20250509	1	11002000107	900000000000509007	12411002000117	900000000000548007
5c8b1ab2-5a3f-4e6e-acbf-1a2c6a8c1f34	20250509	1	11002000107	900000000000509007	31041002000112	900000000000548007
5ca5ec8d-97ac-4392-a331-5d5c4591893e	20250509	1	11002000107	900000000000509007	27431002000119	900000000000548007
5ce0a5ab-9e70-49e4-be52-a6c56e0957d5	20250509	1	11002000107	900000000000509007	47251002000113	900000000000548007
5ce64807-43ba-4953-99d8-a103bb286bcb	20250509	1	11002000107	900000000000509007	19181002000114	900000000000549004
5cfa3ac9-aa58-4b47-bed5-e17af0c7cde5	20250509	1	11002000107	900000000000509007	9831002000117	900000000000548007
5d001c82-5873-46e7-8da5-a3b8bf575d04	20250509	1	11002000107	900000000000509007	22431002000117	900000000000548007
5d24110a-6591-4af8-945e-12374d0cb01a	20250509	1	11002000107	900000000000509007	25721002000117	900000000000548007
5d2763e3-e02c-406b-8bae-001adc1c7259	20250509	1	11002000107	900000000000509007	20591002000115	900000000000548007
5d3699a0-1a0f-4756-99fe-341a331d44bf	20250509	1	11002000107	900000000000509007	18051002000114	900000000000548007
5d4f67f9-dcd9-4d71-8a35-ef697da15f0b	20250509	1	11002000107	900000000000509007	22951002000118	900000000000548007
5d5a920a-bfe1-46b3-b5ac-601facb4c2f1	20250509	1	11002000107	900000000000509007	10341002000111	900000000000549004
5d5e3ae5-4f38-475f-be11-1aa8149c47e9	20250509	1	11002000107	900000000000509007	5781002000110	900000000000549004
5d6319f9-2177-4239-9ba4-0f382ce1c933	20250509	1	11002000107	900000000000509007	24251002000118	900000000000549004
5d64e3c0-5b8b-4d30-953b-6acaffab5e09	20250509	1	11002000107	900000000000509007	34011002000110	900000000000549004
5d70041a-136d-4bbe-96a7-17835b1a900d	20250509	1	11002000107	900000000000509007	14711002000116	900000000000548007
5d79d010-ce9c-472e-ac9b-d949320f6712	20250509	1	11002000107	900000000000509007	43061002000114	900000000000549004
5d7b23ce-3cbe-4a7c-8162-ac51ca53f2eb	20250509	1	11002000107	900000000000509007	16791002000119	900000000000549004
5d7ce0b8-1bc9-4d7a-89a3-cab55da34894	20250509	1	11002000107	900000000000509007	13481002000118	900000000000548007
5d7e89d5-8bbb-491e-9714-c6f753052d20	20250509	1	11002000107	900000000000509007	16821002000114	900000000000548007
5d887584-cdd7-4a6c-9f2d-c50ea370cc0b	20250509	1	11002000107	900000000000509007	11291002000118	900000000000548007
5da72a32-4f03-4a07-bdb5-07ed78281c18	20250509	1	11002000107	900000000000509007	6601002000116	900000000000548007
5da7ca0b-5b13-4dea-acc6-d54f8112a89a	20250509	1	11002000107	900000000000509007	39441002000116	900000000000548007
5db81ebd-df16-4b14-9c0d-00277d356baa	20250509	1	11002000107	900000000000509007	6941002000114	900000000000548007
5db9c350-fd7c-40f5-9d9b-2fea29eae7b7	20250509	1	11002000107	900000000000509007	23341002000110	900000000000548007
5dc49bc9-b1b1-4081-9443-69d40b58e687	20250509	1	11002000107	900000000000509007	11031002000113	900000000000549004
5dcd1fd1-7433-4dc8-ab08-3a9e793864f6	20250509	1	11002000107	900000000000509007	36741002000115	900000000000548007
5dcd5bad-efe4-43f3-8c3b-2913f0fd64de	20250509	1	11002000107	900000000000509007	23371002000116	900000000000548007
5dd45865-6a49-4139-b0a7-eb0168b6f862	20250509	1	11002000107	900000000000509007	15391002000112	900000000000549004
5ddb1f5d-12c0-4f66-b3f0-47972f7b4a2c	20250509	1	11002000107	900000000000509007	19331002000110	900000000000549004
5de3670c-800c-4cf5-a3c8-2551fbcc0807	20250509	1	11002000107	900000000000509007	46081002000114	900000000000548007
5de3b80d-6cb2-489d-8a39-209fc0c1720b	20250509	1	11002000107	900000000000509007	46311002000119	900000000000548007
5de95a39-7d81-4a22-83a4-6bd2304ebee4	20250509	1	11002000107	900000000000509007	13501002000114	900000000000549004
5dec84df-c156-4609-8a7c-d41706e7c752	20250509	1	11002000107	900000000000509007	33321002000115	900000000000548007
5e011bbb-8d08-4797-9629-7b2205860947	20250509	1	11002000107	900000000000509007	27221002000116	900000000000548007
5e031fdc-297b-4037-a6af-a6cab64d777e	20250509	1	11002000107	900000000000509007	49121002000118	900000000000549004
5e0ed2ad-51a0-4e4d-a30b-5bc6dcc5cd73	20250509	1	11002000107	900000000000509007	23431002000112	900000000000548007
5e2a26a9-e8e9-48b9-b158-e3fa6ee415d0	20250509	1	11002000107	900000000000509007	591002000116	900000000000548007
5e47fe84-a848-4531-b7e5-833436eb26c2	20250509	1	11002000107	900000000000509007	25651002000116	900000000000548007
5e49b5fb-c863-447e-8d8f-b8d92b3c7dc8	20250509	1	11002000107	900000000000509007	10971002000116	900000000000549004
5e4d3912-1e9a-4c5b-8f16-ed9b05d0ace2	20250509	1	11002000107	900000000000509007	3531002000117	900000000000548007
5e758023-c877-4e08-9103-1b6c67c011ed	20250509	1	11002000107	900000000000509007	31941002000113	900000000000548007
5e7f205e-1782-46e9-af58-85a8522018f0	20250509	1	11002000107	900000000000509007	27341002000116	900000000000548007
5e8c803a-87ee-419a-acff-352d7f064f59	20250509	1	11002000107	900000000000509007	8191002000118	900000000000548007
5e9ebc38-9420-452f-8858-4f636527ac4d	20250509	1	11002000107	900000000000509007	22451002000110	900000000000549004
5ea44afc-8b05-4f76-af24-cd50f934098f	20250509	1	11002000107	900000000000509007	48181002000114	900000000000548007
5ea99fcd-22d3-4155-810f-f2e679dbf47f	20250509	1	11002000107	900000000000509007	47371002000112	900000000000548007
5eb6be57-7b88-47a4-ba8d-689a31121713	20250509	1	11002000107	900000000000509007	2951002000110	900000000000548007
5ecde799-1a6a-4d03-b25f-8af9acbe28ef	20250509	1	11002000107	900000000000509007	19341002000119	900000000000548007
5ed4a325-4b73-4523-aca4-cbd7ffe779d3	20250509	1	11002000107	900000000000509007	15101002000117	900000000000548007
5ef02028-648c-49f4-91cb-41970d737e6f	20250509	1	11002000107	900000000000509007	24891002000111	900000000000549004
5efc8636-d837-45ff-ae31-df9e0d4ba0e4	20250509	1	11002000107	900000000000509007	9331002000112	900000000000548007
5f010d18-378e-4fca-a862-b107d3fbfc8f	20250509	1	11002000107	900000000000509007	32791002000111	900000000000549004
5f06f063-c093-4f0e-9557-a12ecbe5f4e3	20250509	1	11002000107	900000000000509007	25791002000115	900000000000549004
5f181d74-2e9a-44fb-8701-552d044f1b4a	20250509	1	11002000107	900000000000509007	31191002000116	900000000000548007
5f1a78af-d8f9-4e30-965c-71e8a1b08df9	20250509	1	11002000107	900000000000509007	28611002000114	900000000000548007
5f230b13-3e3b-434f-97e0-02be86bd338e	20250509	1	11002000107	900000000000509007	44711002000112	900000000000549004
5f4f715d-4a1e-4639-8bf4-b68c96f39e1c	20250509	1	11002000107	900000000000509007	17301002000113	900000000000548007
5f611380-a366-4f95-a35e-3221fabebc84	20250509	1	11002000107	900000000000509007	3901002000116	900000000000548007
5f83b280-1cfe-43ca-913f-7a6fe21cc91c	20250509	1	11002000107	900000000000509007	21341002000111	900000000000548007
5f868180-db1c-4580-afe3-7970ddb49e1f	20250509	1	11002000107	900000000000509007	41571002000112	900000000000548007
5f875c29-0f2f-4656-ba32-004741843272	20250509	1	11002000107	900000000000509007	10841002000119	900000000000548007
5f8e457b-011b-4561-8074-b8db0b20e3bc	20250509	1	11002000107	900000000000509007	9251002000111	900000000000548007
5f96d858-ff42-4191-9ad7-2a6ba73b71b2	20250509	1	11002000107	900000000000509007	33151002000112	900000000000549004
5fb2ebdd-149c-40fe-87b1-ae7aa61d7659	20250509	1	11002000107	900000000000509007	18521002000112	900000000000549004
5fcd66d3-e122-4373-a5d8-a8bea1d107d9	20250509	1	11002000107	900000000000509007	17081002000116	900000000000549004
6006c007-9b05-496b-8d7d-921544a0d574	20250509	1	11002000107	900000000000509007	29331002000116	900000000000548007
600ede24-c205-4a35-a2c9-05335d9878c9	20250509	1	11002000107	900000000000509007	46881002000115	900000000000548007
6032ac8e-999e-4a9a-bb2c-8528841e7d2c	20250509	1	11002000107	900000000000509007	18551002000117	900000000000549004
6032e1cd-8b11-4442-ae20-f3fbed0a4422	20250509	1	11002000107	900000000000509007	25841002000117	900000000000548007
6034ca96-f171-4a5f-84e8-585ed0f81bcf	20250509	1	11002000107	900000000000509007	3971002000113	900000000000548007
605bc748-acf6-4485-a5cb-bb18783111de	20250509	1	11002000107	900000000000509007	1711002000115	900000000000548007
606cda8c-27cf-4d6e-b6f5-0b968d1f1ec5	20250509	1	11002000107	900000000000509007	47101002000118	900000000000548007
609365fd-4666-4533-a4a7-73cca1539ae3	20250509	1	11002000107	900000000000509007	18741002000110	900000000000548007
60975989-12e2-4ff8-91e6-b22da0282f84	20250509	1	11002000107	900000000000509007	23981002000117	900000000000549004
60a76fdc-d7b4-4e79-be5d-f4d3b9f47cb6	20250509	1	11002000107	900000000000509007	4291002000118	900000000000548007
60a92b95-45b2-4175-a2b8-5a188f35eace	20250509	1	11002000107	900000000000509007	25751002000112	900000000000548007
60b1e51f-842f-4791-8677-2f174071c754	20250509	1	11002000107	900000000000509007	31451002000118	900000000000548007
60b4bd61-ef8a-4d35-8ff6-b13b29a86e7d	20250509	1	11002000107	900000000000509007	41011002000112	900000000000548007
60bbd9d8-9600-4f33-abdd-c1c5b1c4328d	20250509	1	11002000107	900000000000509007	6241002000117	900000000000548007
60c0dfc1-14b0-4ffb-b907-04a906ffc649	20250509	1	11002000107	900000000000509007	32411002000112	900000000000548007
60c835a8-b4e6-4f3b-bcbe-6b95e7bbc79f	20250509	1	11002000107	900000000000509007	16221002000113	900000000000548007
60d43217-c411-4dd4-be5b-50b7ec45d500	20250509	1	11002000107	900000000000509007	12091002000115	900000000000548007
60d5d75b-908d-4a09-b75f-a35d2df147bb	20250509	1	11002000107	900000000000509007	40991002000113	900000000000549004
60d751dc-259e-4846-ba33-e5f3372b9736	20250509	1	11002000107	900000000000509007	2181002000119	900000000000548007
60e5ffd6-a7ce-498b-8b8f-6d5595814ef3	20250509	1	11002000107	900000000000509007	36411002000111	900000000000548007
60f87b04-5188-4277-b7d4-1e7a881fc9c6	20250509	1	11002000107	900000000000509007	13411002000111	900000000000548007
6111f92e-b1f6-4f17-81a9-dfc30cbffc4b	20250509	1	11002000107	900000000000509007	29521002000110	900000000000548007
61134097-e378-4cba-8025-0dd953c7276a	20250509	1	11002000107	900000000000509007	17331002000119	900000000000548007
6129a9a5-8956-4485-babc-15dfab38da0e	20250509	1	11002000107	900000000000509007	20671002000117	900000000000548007
6135e4dc-95ae-4f68-86a2-0de453df2523	20250509	1	11002000107	900000000000509007	30761002000118	900000000000548007
613bcc03-7182-49c7-9ac1-9c7daff08164	20250509	1	11002000107	900000000000509007	25981002000116	900000000000548007
6141ebc3-749a-4ddc-a55f-ed30069a3526	20250509	1	11002000107	900000000000509007	6691002000114	900000000000548007
615ec9d2-0dad-4335-a6c0-daf27c1ced95	20250509	1	11002000107	900000000000509007	42271002000115	900000000000548007
6161d976-6347-4741-882b-f9f93a8d7704	20250509	1	11002000107	900000000000509007	15811002000110	900000000000548007
6167bd99-4a6a-4ceb-bae0-69cd408f154a	20250509	1	11002000107	900000000000509007	461002000114	900000000000549004
6194baad-1792-49e4-844b-87a8a201c479	20250509	1	11002000107	900000000000509007	31351002000111	900000000000548007
61976861-0d72-4724-bc1e-ada23cdbed4e	20250509	1	11002000107	900000000000509007	9931002000113	900000000000548007
61b4d561-40ec-4db1-a9b2-bdfdfd159b14	20250509	1	11002000107	900000000000509007	18701002000113	900000000000549004
61b679f4-fc1e-4a62-b4eb-364cfab8bf57	20250509	1	11002000107	900000000000509007	20241002000113	900000000000548007
61be8a47-1457-44b7-974a-d670c23ab875	20250509	1	11002000107	900000000000509007	12991002000116	900000000000548007
61c7f143-2406-47ed-9124-7bcaa5c44fe1	20250509	1	11002000107	900000000000509007	44251002000115	900000000000548007
61ce4c82-61ff-4f8e-a211-15cbb39eb4b5	20250509	1	11002000107	900000000000509007	30051002000118	900000000000548007
61d4290b-02dd-433b-96ac-f72ddc2b2f4a	20250509	1	11002000107	900000000000509007	41002000110	900000000000548007
61dc743f-e8d0-4a15-85a1-690b852644ba	20250509	1	11002000107	900000000000509007	11091002000112	900000000000549004
61e22384-a300-4309-b9b4-edda39fdf03c	20250509	1	11002000107	900000000000509007	9371002000110	900000000000548007
61f0673b-fdee-4b87-be0a-5ecc14b011f3	20250509	1	11002000107	900000000000509007	25471002000114	900000000000548007
6200c2bc-980f-4e6c-ae10-e270e35bbd25	20250509	1	11002000107	900000000000509007	31741002000110	900000000000548007
622dd6d0-149b-46ce-b812-18fa18eeef76	20250509	1	11002000107	900000000000509007	4011002000116	900000000000548007
623c8668-5695-481d-8ca9-10b10cac45e7	20250509	1	11002000107	900000000000509007	7461002000119	900000000000548007
623ceeda-5fc4-4613-ad69-332f37075a95	20250509	1	11002000107	900000000000509007	8721002000119	900000000000549004
6262b728-044a-4b1f-abc4-bf12d4bfb5d1	20250509	1	11002000107	900000000000509007	34361002000110	900000000000548007
6270f9ba-2747-405b-9158-499fe7b15995	20250509	1	11002000107	900000000000509007	44801002000115	900000000000549004
6272f4d1-5c1d-462c-8701-6e80294a23e9	20250509	1	11002000107	900000000000509007	4821002000119	900000000000549004
628332f4-008b-49e1-b045-a70eeb9346cb	20250509	1	11002000107	900000000000509007	14201002000114	900000000000548007
62837a29-812a-4af3-9746-1659bd2298cf	20250509	1	11002000107	900000000000509007	12251002000117	900000000000549004
6285f6a7-947c-4581-be41-ca98c3411f97	20250509	1	11002000107	900000000000509007	20771002000113	900000000000549004
6296f820-2a55-4d2a-8486-047a39af7aa3	20250509	1	11002000107	900000000000509007	19711002000117	900000000000548007
6299134c-121b-406b-a00f-28ee23b10ba7	20250509	1	11002000107	900000000000509007	12551002000115	900000000000549004
62a37f5f-b785-4e32-99a4-f48e3aa16c0d	20250509	1	11002000107	900000000000509007	46741002000119	900000000000548007
62a6fa02-1182-4826-869b-f8a7c64022e2	20250509	1	11002000107	900000000000509007	43661002000117	900000000000549004
62af4900-1cde-46f5-b244-f2ffa339abde	20250509	1	11002000107	900000000000509007	39151002000114	900000000000548007
62b41190-ea16-4999-9e28-5d7b8858c1a1	20250509	1	11002000107	900000000000509007	46431002000118	900000000000548007
62b5f0cc-1871-4b74-84ec-e88e39e07888	20250509	1	11002000107	900000000000509007	44061002000112	900000000000548007
62da76f9-92cf-45fc-b22c-1a68b1da6749	20250509	1	11002000107	900000000000509007	37811002000112	900000000000549004
62e61d9c-a0eb-4bdb-bb0f-084d6887e337	20250509	1	11002000107	900000000000509007	29831002000111	900000000000548007
62e6a4de-7240-4997-9af8-fd17a8311a76	20250509	1	11002000107	900000000000509007	15271002000116	900000000000549004
62ebb2b7-f9ec-4214-8f5d-33ccef6ee02c	20250509	1	11002000107	900000000000509007	29351002000114	900000000000548007
62fcebec-88cc-4e5f-9f23-0c47ef101e9d	20250509	1	11002000107	900000000000509007	1411002000112	900000000000548007
63140677-cebe-48d4-ae56-ac185a497efb	20250509	1	11002000107	900000000000509007	47691002000119	900000000000548007
63183aa3-561a-4c2c-8c00-ba19844378c7	20250509	1	11002000107	900000000000509007	40751002000119	900000000000549004
63429d69-f358-4aef-b54e-94b67448f0b1	20250509	1	11002000107	900000000000509007	25741002000110	900000000000548007
63431a1f-9da1-4e74-8503-ed69a7fe81cc	20250509	1	11002000107	900000000000509007	4091002000112	900000000000548007
634f026d-1cd3-4672-ba8e-6ee78365648e	20250509	1	11002000107	900000000000509007	43881002000112	900000000000548007
6359e9de-79d3-4db8-b5f9-8cf578c3ded4	20250509	1	11002000107	900000000000509007	17591002000110	900000000000549004
635e26de-f7ce-4495-b029-4a21c9b3a76a	20250509	1	11002000107	900000000000509007	20431002000118	900000000000549004
637f0f24-ead0-48b4-a91a-36565de7d5be	20250509	1	11002000107	900000000000509007	38711002000118	900000000000549004
63870b1a-5657-4836-81df-01c85b2d1bba	20250509	1	11002000107	900000000000509007	32131002000111	900000000000548007
63995746-0b0d-4480-acf6-769a08510268	20250509	1	11002000107	900000000000509007	18631002000114	900000000000548007
63a3a715-04fd-4645-9c1f-48c8318bcdaa	20250509	1	11002000107	900000000000509007	29781002000116	900000000000548007
63c60d44-dc8d-4b2e-a7a3-b40198e7bb62	20250509	1	11002000107	900000000000509007	29171002000115	900000000000548007
63d0d829-aa4f-4173-87ed-2fcde3c3ce8a	20250509	1	11002000107	900000000000509007	21641002000115	900000000000549004
63e281d5-d7c0-4dc2-8fb7-144acfb8efa7	20250509	1	11002000107	900000000000509007	41351002000110	900000000000549004
63efc283-6429-4cc2-88ab-5ea38c5674f9	20250509	1	11002000107	900000000000509007	48601002000113	900000000000548007
63f10662-1dfc-4862-9fdd-4175b17b03b7	20250509	1	11002000107	900000000000509007	43601002000118	900000000000549004
642de7bb-5cc5-438d-9cec-cb6ac5be3d4e	20250509	1	11002000107	900000000000509007	38021002000110	900000000000549004
6461c36c-15ee-43f2-bbe4-43f1f75b570f	20250509	1	11002000107	900000000000509007	1751002000119	900000000000549004
6473b6fd-c727-4e64-90b9-9a71a629f0c4	20250509	1	11002000107	900000000000509007	45231002000114	900000000000548007
6480932d-4244-4518-9411-c1b5d301164a	20250509	1	11002000107	900000000000509007	19421002000115	900000000000549004
64896e5e-6e4a-4d3f-aaea-4ea2fab59db6	20250509	1	11002000107	900000000000509007	21131002000117	900000000000548007
64afab44-bff5-449a-8099-7571d16b6b15	20250509	1	11002000107	900000000000509007	4231002000117	900000000000548007
64beef9a-82bf-4ddb-8a3d-a8964f96445f	20250509	1	11002000107	900000000000509007	32891002000119	900000000000548007
64c2c614-64cf-4669-8902-f67d1ff7c503	20250509	1	11002000107	900000000000509007	36091002000113	900000000000548007
64f588a9-d0f2-4512-a832-799a414576cf	20250509	1	11002000107	900000000000509007	29371002000118	900000000000548007
64ff8a4c-e674-4adf-832c-765d5bae49af	20250509	1	11002000107	900000000000509007	27151002000117	900000000000548007
650fc70b-c461-4497-a9fe-ad37ef261823	20250509	1	11002000107	900000000000509007	22461002000112	900000000000548007
6520b259-c3a6-4d0f-b5e8-c69de4d8e26d	20250509	1	11002000107	900000000000509007	39721002000118	900000000000548007
65264cd5-ed6f-453d-8575-88b1ecf6bb90	20250509	1	11002000107	900000000000509007	20451002000111	900000000000548007
652739fa-46bc-4be5-b00b-5907481b6b78	20250509	1	11002000107	900000000000509007	13261002000113	900000000000548007
654464a0-b5ec-4d51-88c1-456f7d3d9157	20250509	1	11002000107	900000000000509007	39571002000114	900000000000548007
6548883a-f953-4b29-ad7a-37ee31ed0443	20250509	1	11002000107	900000000000509007	8101002000111	900000000000548007
655282be-1281-4e52-b678-d2bf5359b7e4	20250509	1	11002000107	900000000000509007	42291002000119	900000000000548007
656a577c-4b77-42ed-8f5e-a4f9314656e3	20250509	1	11002000107	900000000000509007	19571002000115	900000000000549004
656a9123-2a27-414b-9591-1cdc4241c500	20250509	1	11002000107	900000000000509007	14921002000112	900000000000548007
65718740-d22e-4467-a296-4212e78c2476	20250509	1	11002000107	900000000000509007	40691002000118	900000000000549004
6578eaeb-6061-43f3-b846-ac9bca7e9dbe	20250509	1	11002000107	900000000000509007	35891002000110	900000000000549004
65891e7b-147f-48e3-8328-8abfd117b9d3	20250509	1	11002000107	900000000000509007	10231002000114	900000000000548007
659cf3bd-6695-400d-886f-d73879e50504	20250509	1	11002000107	900000000000509007	8571002000110	900000000000548007
65a62c0c-f0c7-4897-8f45-d0154012d7bd	20250509	1	11002000107	900000000000509007	17521002000113	900000000000548007
65a75d21-b415-489a-af82-a83d26d28463	20250509	1	11002000107	900000000000509007	20901002000118	900000000000548007
65ab7907-f075-4918-ba7c-7d607e01e95c	20250509	1	11002000107	900000000000509007	36281002000117	900000000000549004
65b4e239-1bd9-4685-b789-b3b742842e58	20250509	1	11002000107	900000000000509007	12511002000116	900000000000548007
65b5fca7-4be8-41e9-88e8-f2c218683670	20250509	1	11002000107	900000000000509007	24741002000114	900000000000549004
65b8e8f9-fefb-442a-873a-bc3635b28914	20250509	1	11002000107	900000000000509007	22151002000115	900000000000548007
65c2d5c7-d47a-4993-849b-ecd855206238	20250509	1	11002000107	900000000000509007	21861002000115	900000000000548007
65d31309-22a1-48c0-bfbc-c4a2d62f7bbc	20250509	1	11002000107	900000000000509007	40251002000112	900000000000548007
65e83183-b81e-4a9d-aafa-e995237dda60	20250509	1	11002000107	900000000000509007	16161002000114	900000000000548007
65f1e1aa-7313-4d2b-a6ce-7e6e9ae1ad52	20250509	1	11002000107	900000000000509007	26611002000110	900000000000548007
660641b4-7e26-4acd-88f4-463b493ae4ee	20250509	1	11002000107	900000000000509007	32611002000114	900000000000549004
6609eda1-84e9-42c3-bae4-2f53f0acdc3a	20250509	1	11002000107	900000000000509007	16861002000117	900000000000548007
66126c8c-ad5c-4df0-ba30-319aee20c2f6	20250509	1	11002000107	900000000000509007	35001002000113	900000000000548007
661b4964-5221-476d-8601-ba5a57757cf8	20250509	1	11002000107	900000000000509007	18891002000112	900000000000548007
661d160c-9dc0-421e-9933-c8baaf10e1f5	20250509	1	11002000107	900000000000509007	11831002000116	900000000000549004
6622dd72-7d91-42db-8cb9-9c37d7f3b7fe	20250509	1	11002000107	900000000000509007	2501002000116	900000000000548007
662bb6c2-b236-45ff-8cd3-d8f0ffddb826	20250509	1	11002000107	900000000000509007	8821002000112	900000000000548007
66482189-a8e5-460c-bda9-a2e653a6d18a	20250509	1	11002000107	900000000000509007	14891002000115	900000000000548007
6649dca7-a523-4f56-a1a8-26dbf14bf786	20250509	1	11002000107	900000000000509007	24171002000116	900000000000548007
66551bf5-c566-406f-afb8-78d557f2b886	20250509	1	11002000107	900000000000509007	21681002000112	900000000000548007
665aec56-a346-491e-aaba-664e228105ce	20250509	1	11002000107	900000000000509007	24881002000113	900000000000548007
665e1412-49cd-430b-b97b-e2f0ef4cf490	20250509	1	11002000107	900000000000509007	28721002000114	900000000000548007
666cdaa8-236c-478e-a3cc-ce7022271695	20250509	1	11002000107	900000000000509007	14351002000116	900000000000548007
666fc0c1-e01b-4acd-a3c8-d394ff92fa22	20250509	1	11002000107	900000000000509007	41511002000117	900000000000548007
66855cf9-af7e-4b76-892d-b17bb849b9ea	20250509	1	11002000107	900000000000509007	40301002000119	900000000000549004
66968041-dedf-42eb-bfa7-b88ee6f637ee	20250509	1	11002000107	900000000000509007	47221002000118	900000000000548007
66ac39de-eed0-4fe5-a60a-3d8a70051d62	20250509	1	11002000107	900000000000509007	38341002000115	900000000000548007
66b1536c-d7b4-4610-852a-2173e34352f5	20250509	1	11002000107	900000000000509007	7581002000114	900000000000548007
66b5c17f-1502-4e28-a98c-7977ce812086	20250509	1	11002000107	900000000000509007	4921002000114	900000000000548007
66bc59f2-d93e-485b-ac6b-01717bb846fe	20250509	1	11002000107	900000000000509007	37831002000115	900000000000548007
66c861d9-9b1a-40e4-841e-0bba2e73f710	20250509	1	11002000107	900000000000509007	12781002000116	900000000000548007
66d3123b-9ab1-4b2d-8892-3b1776d49e0b	20250509	1	11002000107	900000000000509007	47081002000112	900000000000549004
66e0a565-83d0-42fb-8d3c-ab9c002781ce	20250509	1	11002000107	900000000000509007	33671002000111	900000000000548007
66e58a11-d703-4764-92f1-514a09e5a871	20250509	1	11002000107	900000000000509007	8321002000118	900000000000549004
66e5978b-2a81-40e4-97f0-99279cfa8e29	20250509	1	11002000107	900000000000509007	21161002000112	900000000000548007
66eb3ea9-efde-4b05-8349-cf53c1b8c420	20250509	1	11002000107	900000000000509007	8151002000110	900000000000548007
670312ca-834c-4deb-a18d-0c842b41dfc2	20250509	1	11002000107	900000000000509007	26201002000114	900000000000549004
6705cab0-a3b7-46d4-bd42-00800a57f963	20250509	1	11002000107	900000000000509007	47721002000110	900000000000548007
67178ae7-3a4e-4d9c-912a-4342ae4c0091	20250509	1	11002000107	900000000000509007	23711002000112	900000000000548007
671db28d-edec-4975-ba60-138848ed1c42	20250509	1	11002000107	900000000000509007	14021002000113	900000000000548007
67202774-3234-4100-949b-a7e89765f845	20250509	1	11002000107	900000000000509007	28321002000110	900000000000549004
673b38f7-0104-4b78-bd5c-1943c9ccd3c0	20250509	1	11002000107	900000000000509007	601002000110	900000000000548007
673e1322-cc41-49d8-b7bc-934b8716b426	20250509	1	11002000107	900000000000509007	7561002000118	900000000000548007
6741646e-a8e4-4be4-bfad-02782c217966	20250509	1	11002000107	900000000000509007	11201002000111	900000000000548007
674aec7d-6526-4f06-a9f5-a7c432704f63	20250509	1	11002000107	900000000000509007	11661002000110	900000000000548007
6752e7d5-be4f-40e7-990b-cdfda9600c6a	20250509	1	11002000107	900000000000509007	47171002000110	900000000000549004
675e9ca3-271d-43d8-bcd7-82bac0bcd90e	20250509	1	11002000107	900000000000509007	47451002000114	900000000000548007
675fb9ab-d5ad-4cff-b799-abd9ddfbda2a	20250509	1	11002000107	900000000000509007	19931002000111	900000000000549004
67846ae5-e677-41b0-b491-efb216899d29	20250509	1	11002000107	900000000000509007	12951002000113	900000000000548007
6791c909-bcfb-4ff8-96fc-e1f0cf9fc953	20250509	1	11002000107	900000000000509007	34831002000110	900000000000548007
67b0b46d-0ad1-4124-b329-ba53008dc9be	20250509	1	11002000107	900000000000509007	44081002000116	900000000000549004
67b575e6-fa56-402f-9b0b-367402eb5adc	20250509	1	11002000107	900000000000509007	38071002000111	900000000000548007
67d66a4c-4ece-45bb-9469-494c51bf7ad8	20250509	1	11002000107	900000000000509007	9241002000114	900000000000548007
67f72d59-dbf3-43c3-ab35-18afff1417c0	20250509	1	11002000107	900000000000509007	30311002000117	900000000000548007
67fde4cf-49e5-42b6-955f-538bcfbe8452	20250509	1	11002000107	900000000000509007	47881002000118	900000000000548007
6808c1b9-e3a5-4bc0-af86-f82a7af2227e	20250509	1	11002000107	900000000000509007	10461002000118	900000000000549004
682da253-722e-436c-85da-910a3e9b218c	20250509	1	11002000107	900000000000509007	34341002000111	900000000000549004
683997b2-7c5c-4fd1-a4a3-91d65238a46e	20250509	1	11002000107	900000000000509007	19291002000117	900000000000548007
684f4f40-d75a-4b73-afb8-0daecfa61c79	20250509	1	11002000107	900000000000509007	19741002000118	900000000000548007
685b41b4-c274-4092-b104-9cb645ca358c	20250509	1	11002000107	900000000000509007	28121002000113	900000000000548007
685b990d-2f4d-476d-aac4-4c2125db0926	20250509	1	11002000107	900000000000509007	23221002000110	900000000000548007
685cfcb1-241e-4ad7-92fa-24765ee45fd8	20250509	1	11002000107	900000000000509007	17031002000117	900000000000548007
6860fbb6-85c1-45c1-bc52-b013f3c656ea	20250509	1	11002000107	900000000000509007	30851002000112	900000000000548007
6861b755-2dc2-44f9-ab63-a1c792811980	20250509	1	11002000107	900000000000509007	36591002000116	900000000000548007
6864b870-a31b-4051-a751-bf3f810afbf4	20250509	1	11002000107	900000000000509007	4611002000112	900000000000549004
687ad476-ef2a-4ee4-942e-b0b5b33957cf	20250509	1	11002000107	900000000000509007	23961002000113	900000000000548007
687adfe7-1916-4a58-a115-efcb14453eb1	20250509	1	11002000107	900000000000509007	6611002000118	900000000000548007
688b6c87-d30c-4262-9482-9b7bed6c1045	20250509	1	11002000107	900000000000509007	8581002000113	900000000000548007
688ccd18-ee91-4830-9ee3-960751a48048	20250509	1	11002000107	900000000000509007	45881002000111	900000000000549004
6892fe44-c698-4df2-a722-3869de39e076	20250509	1	11002000107	900000000000509007	7821002000113	900000000000548007
6897ad72-74ae-4f7a-9970-9146c4717fbb	20250509	1	11002000107	900000000000509007	46101002000115	900000000000548007
689944e2-f844-438c-a1a8-3aa8d39d81b4	20250509	1	11002000107	900000000000509007	26951002000117	900000000000549004
68b2ec60-5b32-4569-98ec-ea171dc88222	20250509	1	11002000107	900000000000509007	7891002000110	900000000000548007
68bbe247-a963-4e5e-b2ff-de18b4135684	20250509	1	11002000107	900000000000509007	30931002000110	900000000000548007
68cc099d-e6fb-4a9b-8528-15e95fd2b7e2	20250509	1	11002000107	900000000000509007	48191002000112	900000000000549004
68d4541b-3197-4b60-a93d-cf76e85fee61	20250509	1	11002000107	900000000000509007	23441002000116	900000000000548007
68d8de7b-715e-4e71-89a3-26b7d22f8406	20250509	1	11002000107	900000000000509007	41101002000113	900000000000548007
68e000a1-0fee-4e0b-b231-b81876bb2984	20250509	1	11002000107	900000000000509007	11551002000112	900000000000548007
68fbfca8-b7e3-464c-9211-3e48dcae51c9	20250509	1	11002000107	900000000000509007	16841002000116	900000000000549004
690ebf0b-da4d-4bbf-a6b0-0e6e9d5a386f	20250509	1	11002000107	900000000000509007	28241002000110	900000000000548007
6912263b-2c14-4aa6-8cc2-fe8bd690bfd3	20250509	1	11002000107	900000000000509007	18491002000110	900000000000549004
6920923a-808c-4493-a479-9d6cf85038c6	20250509	1	11002000107	900000000000509007	22341002000119	900000000000548007
6926a25b-15ab-4271-a8a5-504f190c47fb	20250509	1	11002000107	900000000000509007	38851002000114	900000000000548007
693b9a3e-0bae-492a-8037-44457749028a	20250509	1	11002000107	900000000000509007	2481002000112	900000000000548007
695001a8-1a04-4163-8ad7-fb6ac08d7e62	20250509	1	11002000107	900000000000509007	7041002000110	900000000000549004
69570727-889c-45dd-94f0-3054b8431999	20250509	1	11002000107	900000000000509007	34531002000112	900000000000548007
695a4213-64c7-469e-8778-14a8347deacb	20250509	1	11002000107	900000000000509007	10831002000110	900000000000548007
6967ecad-3039-4602-b0ba-59b16d3fd2f3	20250509	1	11002000107	900000000000509007	46141002000118	900000000000548007
698f7743-3dd3-4b4b-b40b-9e5f2b82aa0d	20250509	1	11002000107	900000000000509007	42281002000117	900000000000549004
698f953b-4311-4b34-b671-ea2bb5c246a5	20250509	1	11002000107	900000000000509007	10991002000115	900000000000548007
69969919-fd90-4fc4-8fa4-ae8b47afa38f	20250509	1	11002000107	900000000000509007	10391002000116	900000000000548007
69b0ee10-0720-4db8-9456-86d43841087e	20250509	1	11002000107	900000000000509007	45641002000115	900000000000549004
69b2b97e-1a3b-4758-8751-a387590a8e0e	20250509	1	11002000107	900000000000509007	9511002000112	900000000000548007
69b8d5a8-8b77-4576-ab80-e60d7af7f0f5	20250509	1	11002000107	900000000000509007	421002000117	900000000000548007
69e9954d-6460-426d-b93a-ddb1920781ef	20250509	1	11002000107	900000000000509007	39551002000118	900000000000549004
69ed4dbc-150a-4af0-9cdf-c83e6080aa88	20250509	1	11002000107	900000000000509007	4391002000110	900000000000548007
69f1de35-ee24-4325-b815-b606a168750f	20250509	1	11002000107	900000000000509007	18851002000115	900000000000549004
6a0720e4-5a3c-40fb-9b84-b00353d742e5	20250509	1	11002000107	900000000000509007	31881002000114	900000000000548007
6a0b992e-980c-4dcf-9b26-bc6264ddfce4	20250509	1	11002000107	900000000000509007	11281002000116	900000000000548007
6a1f3412-92b7-4fe7-9d56-3c2c7f8f1fa9	20250509	1	11002000107	900000000000509007	16371002000119	900000000000548007
6a257d03-d4eb-48b5-8449-467cc2cf4726	20250509	1	11002000107	900000000000509007	31201002000118	900000000000548007
6a2594be-c78f-488d-b855-d52a2970a539	20250509	1	11002000107	900000000000509007	24541002000118	900000000000548007
6a4eae90-1ff0-4e5a-8eb5-96613817b971	20250509	1	11002000107	900000000000509007	28441002000111	900000000000549004
6a5c1abb-7138-49d6-9b03-c0863444b692	20250509	1	11002000107	900000000000509007	34571002000110	900000000000549004
6a77ff45-70cc-4022-8bf9-9fc70050f82f	20250509	1	11002000107	900000000000509007	15461002000110	900000000000548007
6a7a3c0e-6643-448c-919d-c3aaf4963cf4	20250509	1	11002000107	900000000000509007	30431002000116	900000000000548007
6a90e774-3a72-416a-a674-1fe69780f59f	20250509	1	11002000107	900000000000509007	23851002000116	900000000000548007
6ab09712-9bb7-45b7-b0a3-048d66d5140c	20250509	1	11002000107	900000000000509007	18191002000116	900000000000549004
6adc6ccb-0033-4f8e-9da2-e1a309c6f75b	20250509	1	11002000107	900000000000509007	2471002000114	900000000000548007
6aec9414-a706-417a-99b4-f12357d80b21	20250509	1	11002000107	900000000000509007	351002000119	900000000000548007
6af09569-9141-4424-997b-ac44e8569f2e	20250509	1	11002000107	900000000000509007	32601002000111	900000000000548007
6af0eb21-9a3c-4177-98c6-0dd01a0e9112	20250509	1	11002000107	900000000000509007	4801002000110	900000000000548007
6af2325d-223b-4fdd-800d-d4821ea3f4a0	20250509	1	11002000107	900000000000509007	7931002000115	900000000000549004
6afe26b5-56df-45ff-94f8-f38bd64515e1	20250509	1	11002000107	900000000000509007	28561002000111	900000000000549004
6b03577d-8d1f-44f2-bfc5-3488537a9bc3	20250509	1	11002000107	900000000000509007	4131002000114	900000000000548007
6b0d0184-8f38-4e08-8df1-ba95a8e6db23	20250509	1	11002000107	900000000000509007	33331002000117	900000000000549004
6b3add51-f572-4730-bcb8-c99cc2b4893a	20250509	1	11002000107	900000000000509007	13601002000110	900000000000548007
6b4aa2bb-816b-4a35-84c8-9a2d3628787a	20250509	1	11002000107	900000000000509007	30971002000113	900000000000548007
6b5ce45a-66cb-4bee-8ec3-54a04172f9ec	20250509	1	11002000107	900000000000509007	33951002000114	900000000000549004
6b5f3b39-c071-433f-9b72-cbbdddefe970	20250509	1	11002000107	900000000000509007	13661002000111	900000000000549004
6b7b2d8f-1f00-455d-8ca3-a5cddea43cfd	20250509	1	11002000107	900000000000509007	7241002000119	900000000000549004
6b860c2c-ce62-4aa8-ab1a-d6244051ea76	20250509	1	11002000107	900000000000509007	26331002000114	900000000000548007
6b9fa922-580f-46f2-8999-d712645c77ec	20250509	1	11002000107	900000000000509007	42431002000119	900000000000549004
6ba9daa2-2643-4ef1-bbd8-c9befe3187ae	20250509	1	11002000107	900000000000509007	37361002000115	900000000000549004
6bdb36c9-6f6a-4a77-939c-d5250ef3e173	20250509	1	11002000107	900000000000509007	43141002000114	900000000000548007
6bdb3752-99fb-42f8-9f4a-5899751152a4	20250509	1	11002000107	900000000000509007	35571002000111	900000000000548007
6bdec13b-773a-4f49-bfce-0aefc1af6b03	20250509	1	11002000107	900000000000509007	28701002000118	900000000000548007
6be8fe87-69ae-4c28-b16e-70dd05a4b020	20250509	1	11002000107	900000000000509007	44091002000118	900000000000548007
6bf1cd96-318b-412c-8965-cc3445275719	20250509	1	11002000107	900000000000509007	2121002000118	900000000000548007
6c02678c-1e6c-4395-bcf8-9e2e35ab78d4	20250509	1	11002000107	900000000000509007	30641002000114	900000000000548007
6c0c73a3-a247-4aa7-b2ad-a8d59dc6a0fa	20250509	1	11002000107	900000000000509007	12121002000116	900000000000548007
6c274eeb-ab93-497c-8bc7-b6295774fe4e	20250509	1	11002000107	900000000000509007	46351002000118	900000000000548007
6c347046-0371-4ebf-98a9-0e5c9df4f56d	20250509	1	11002000107	900000000000509007	47131002000112	900000000000548007
6c45ddbd-1aa5-49c2-b439-f95a7351d2bc	20250509	1	11002000107	900000000000509007	16511002000117	900000000000548007
6c465320-404f-4839-baef-a7834065bdfb	20250509	1	11002000107	900000000000509007	32001002000116	900000000000548007
6c630748-8888-4884-bf99-dc7da5a66590	20250509	1	11002000107	900000000000509007	32481002000119	900000000000548007
6c652000-6e16-4a4f-9e6d-f017d35ddf87	20250509	1	11002000107	900000000000509007	20851002000114	900000000000548007
6c693776-8665-4a2d-acf5-87f7a7e6a700	20250509	1	11002000107	900000000000509007	37351002000117	900000000000548007
6c6f0439-7362-4dc0-bea2-fd435c8528ed	20250509	1	11002000107	900000000000509007	1311002000116	900000000000548007
6c783842-86f6-4798-bc5c-122fb9b256d7	20250509	1	11002000107	900000000000509007	19371002000113	900000000000548007
6c78399d-9db8-4b00-a8b2-6ff569d0a0fe	20250509	1	11002000107	900000000000509007	14771002000111	900000000000548007
6c7b7254-f1bc-4536-bc98-b27fcae1fafc	20250509	1	11002000107	900000000000509007	28541002000112	900000000000548007
6c835750-ccb6-4e58-8b53-6504e52e52f0	20250509	1	11002000107	900000000000509007	36661002000111	900000000000548007
6c838de5-4992-4c7c-a299-b0110aa68721	20250509	1	11002000107	900000000000509007	14571002000119	900000000000549004
6c85687b-5181-493d-af06-5bb4e2ef7dd4	20250509	1	11002000107	900000000000509007	20881002000115	900000000000548007
6c882e12-ed04-4d91-9f59-680af98bd741	20250509	1	11002000107	900000000000509007	25821002000110	900000000000549004
6c919e77-c8db-4d08-b6cd-a8bfcc62804d	20250509	1	11002000107	900000000000509007	14721002000110	900000000000549004
6c9b4576-74d1-425e-9400-ce5c57b39da9	20250509	1	11002000107	900000000000509007	11311002000119	900000000000548007
6caff852-9647-4c56-8f48-f0663a1dde25	20250509	1	11002000107	900000000000509007	22751002000116	900000000000549004
6cb7b3b8-eae1-44c6-9c3d-d55371aafdeb	20250509	1	11002000107	900000000000509007	4931002000112	900000000000548007
6cbe217f-684d-474f-ba95-62d52815386d	20250509	1	11002000107	900000000000509007	8981002000118	900000000000548007
6cc0eacb-d7bb-4122-9877-55242299262a	20250509	1	11002000107	900000000000509007	10191002000118	900000000000548007
6cc287db-c86b-4634-8dac-dac5876d4931	20250509	1	11002000107	900000000000509007	9791002000110	900000000000549004
6cd81ba4-f100-403c-8f17-293fe64b4357	20250509	1	11002000107	900000000000509007	41931002000116	900000000000548007
6ce21bdb-0da0-4f3f-b18c-4503938e1332	20250509	1	11002000107	900000000000509007	8871002000113	900000000000549004
6ced7cf3-7e8a-4d4e-a3db-1bcd1e31d7c4	20250509	1	11002000107	900000000000509007	13211002000110	900000000000549004
6d246700-8ffb-42e5-a23c-6abf967e925a	20250509	1	11002000107	900000000000509007	18131002000115	900000000000549004
6d2ca730-444c-45c1-8c44-ec5e9e7de01e	20250509	1	11002000107	900000000000509007	41801002000118	900000000000549004
6d40a9b6-eb74-400c-8def-9be1ba61655e	20250509	1	11002000107	900000000000509007	38871002000118	900000000000548007
6d459bbe-64aa-4c61-9c84-00c29313cbdd	20250509	1	11002000107	900000000000509007	11941002000116	900000000000548007
6d7342c6-6c56-47d2-a4d5-57b19be36507	20250509	1	11002000107	900000000000509007	1621002000115	900000000000548007
6d82fe11-deea-4bb5-8ec6-6ccef687ac67	20250509	1	11002000107	900000000000509007	2251002000119	900000000000548007
6d9a603d-a41e-4d9f-8467-e7028e32c76b	20250509	1	11002000107	900000000000509007	39981002000117	900000000000548007
6d9badfd-f3d1-4d54-9d30-93a5ccce669d	20250509	1	11002000107	900000000000509007	22891002000116	900000000000548007
6da3719c-72c9-4244-9c48-b6beaf329f5a	20250509	1	11002000107	900000000000509007	22611002000111	900000000000548007
6da69b36-b79c-46e0-8059-f5063af266e6	20250509	1	11002000107	900000000000509007	45171002000119	900000000000548007
6db2f8e2-434a-4967-95a0-91ee655d9e5e	20250509	1	11002000107	900000000000509007	4641002000111	900000000000549004
6dca1171-24ed-4bef-beed-c791860f307f	20250509	1	11002000107	900000000000509007	12191002000119	900000000000549004
6dce8258-e90e-4b5e-aa07-4262da5b9642	20250509	1	11002000107	900000000000509007	16951002000114	900000000000548007
6dd0ad75-f0b7-41ac-9761-675447ce79d1	20250509	1	11002000107	900000000000509007	7191002000119	900000000000549004
6dd893e3-d9bf-4760-82ce-c26dbf8a3437	20250509	1	11002000107	900000000000509007	39351002000112	900000000000548007
6ddc835e-9729-43a9-aa48-851c693f5a71	20250509	1	11002000107	900000000000509007	35491002000113	900000000000548007
6dde351a-71bb-4bd2-ae64-46efd7833b57	20250509	1	11002000107	900000000000509007	9521002000118	900000000000548007
6df50388-00cb-4b7e-b492-ff85f07c2765	20250509	1	11002000107	900000000000509007	35721002000115	900000000000548007
6e05165d-9ffd-4dc0-ba01-e1b648981e8f	20250509	1	11002000107	900000000000509007	9121002000112	900000000000548007
6e086009-7333-4b38-bc4a-128403624cd0	20250509	1	11002000107	900000000000509007	12471002000112	900000000000548007
6e135ebd-1a3a-431a-b668-cacd687e534d	20250509	1	11002000107	900000000000509007	4121002000111	900000000000548007
6e155769-2636-4e70-93ef-88454243c3e0	20250509	1	11002000107	900000000000509007	47701002000119	900000000000548007
6e21bcbd-c4e0-455b-b071-d4fa18185fec	20250509	1	11002000107	900000000000509007	41661002000118	900000000000548007
6e3ba05b-1f81-4a02-a350-15a2919fa577	20250509	1	11002000107	900000000000509007	13821002000115	900000000000548007
6e40b42b-beb1-4ff8-843b-2f838fd0c6f5	20250509	1	11002000107	900000000000509007	8371002000117	900000000000548007
6e54fd7b-4cb4-4ce6-9b98-149117a811ef	20250509	1	11002000107	900000000000509007	21311002000112	900000000000548007
6e56fece-ac04-47ea-9058-bc2f2a91b15f	20250509	1	11002000107	900000000000509007	2591002000114	900000000000548007
6e5f41b2-de87-4e66-96c8-deecddae06a9	20250509	1	11002000107	900000000000509007	21581002000113	900000000000548007
6e62ad51-fef5-46ac-8e4f-542c6c9e475a	20250509	1	11002000107	900000000000509007	48361002000115	900000000000548007
6e6b3285-21cc-4c55-b68f-5e281f662511	20250509	1	11002000107	900000000000509007	26991002000114	900000000000548007
6e7d20a8-221c-49b9-aa59-457698a66678	20250509	1	11002000107	900000000000509007	48791002000113	900000000000549004
6e7f16a2-73ba-4cca-9551-d0c043972be8	20250509	1	11002000107	900000000000509007	11241002000113	900000000000549004
6ea27864-9240-4850-9184-6c0c3c0bb9e2	20250509	1	11002000107	900000000000509007	9451002000112	900000000000548007
6ea6b65a-8cb4-41a2-bd19-c52ee9ff2982	20250509	1	11002000107	900000000000509007	48591002000119	900000000000548007
6eb60834-2be4-42f4-920c-86b4bfa6fffa	20250509	1	11002000107	900000000000509007	46491002000119	900000000000548007
6ebd04ba-e426-424f-a53c-d7a20535cb98	20250509	1	11002000107	900000000000509007	30881002000118	900000000000548007
6ebe890c-2b73-4fa8-8fe1-33eab2c325c0	20250509	1	11002000107	900000000000509007	16911002000113	900000000000548007
6eefd4a9-f213-416b-9f06-088e207a23ab	20250509	1	11002000107	900000000000509007	19401002000111	900000000000548007
6f1ac76c-ca39-4eb3-be19-c5f66ffa124a	20250509	1	11002000107	900000000000509007	23571002000114	900000000000548007
6f264bf3-26a2-4d28-9156-7a5515dad22c	20250509	1	11002000107	900000000000509007	16001002000114	900000000000549004
6f45cdd4-ae78-40c6-a288-fc70e1e62bca	20250509	1	11002000107	900000000000509007	9761002000116	900000000000549004
6f57e260-05e3-48b4-aa43-6a4c4a67bdbc	20250509	1	11002000107	900000000000509007	18751002000112	900000000000548007
6f57fec6-a1ef-4e8b-98d7-301ccb5554d2	20250509	1	11002000107	900000000000509007	10441002000117	900000000000548007
6f77dd6d-5ea2-48b6-87d8-1d2afb0d76bc	20250509	1	11002000107	900000000000509007	23861002000119	900000000000548007
6f913f4b-c704-4dbd-aa7b-59b1944602fa	20250509	1	11002000107	900000000000509007	33041002000111	900000000000548007
6fa0e4fb-51b9-4325-8d32-512db97ec8b0	20250509	1	11002000107	900000000000509007	15731002000112	900000000000548007
6fa4d1c6-ff98-487f-b7e3-3726da625df9	20250509	1	11002000107	900000000000509007	6511002000119	900000000000548007
6fab2c22-7d12-4243-bcd8-64479f039687	20250509	1	11002000107	900000000000509007	38421002000116	900000000000548007
6fb1d8a8-f8ab-4007-b00f-4f88b7a65b73	20250509	1	11002000107	900000000000509007	36251002000111	900000000000549004
6fc5d198-0182-44f4-97c5-f56ec1f129cd	20250509	1	11002000107	900000000000509007	37981002000112	900000000000548007
6fca2964-98ae-44b8-a37a-c09a388700f3	20250509	1	11002000107	900000000000509007	5121002000110	900000000000549004
6fd17f03-182e-4e3d-861f-839a90b8cd35	20250509	1	11002000107	900000000000509007	32981002000110	900000000000548007
6fe6288d-98de-4df6-8c23-6dd96a38ff1a	20250509	1	11002000107	900000000000509007	34521002000114	900000000000548007
70007c4a-1473-42a4-9c72-e7658cfec737	20250509	1	11002000107	900000000000509007	36761002000116	900000000000548007
700a8e56-1610-4f28-a6c4-09a95f8ee0cf	20250509	1	11002000107	900000000000509007	6271002000111	900000000000548007
70112b65-a68b-4463-aaea-60e792991bf5	20250509	1	11002000107	900000000000509007	16721002000116	900000000000548007
703767f2-8d2e-408a-a4f5-f74c803e8b12	20250509	1	11002000107	900000000000509007	8181002000116	900000000000548007
7043a215-e0e4-45d7-a020-2eae18b317b9	20250509	1	11002000107	900000000000509007	32231002000119	900000000000548007
7049a6fe-01b5-436d-bbb2-e6d2262c0348	20250509	1	11002000107	900000000000509007	30811002000111	900000000000548007
705e07e9-986f-404c-92b6-c07ef21c255e	20250509	1	11002000107	900000000000509007	16111002000111	900000000000548007
7061ca6b-0f1c-4d10-8616-d7044e878a12	20250509	1	11002000107	900000000000509007	10531002000112	900000000000548007
70627e12-d76d-446b-8a1d-70ea99889c0e	20250509	1	11002000107	900000000000509007	29131002000118	900000000000548007
707472ea-783f-4f19-b748-4db95138b8c6	20250509	1	11002000107	900000000000509007	19031002000112	900000000000549004
707ad853-1066-4d22-9c85-586fc4290aff	20250509	1	11002000107	900000000000509007	33611002000116	900000000000548007
7082989a-3438-42ac-a80c-fc0ba6633203	20250509	1	11002000107	900000000000509007	14031002000111	900000000000549004
708fd9fb-6d53-42fb-936e-816e628737ff	20250509	1	11002000107	900000000000509007	7371002000118	900000000000548007
7090f07e-4c49-435b-a178-ae9118004ed8	20250509	1	11002000107	900000000000509007	14911002000118	900000000000549004
709c5248-e2a9-4502-9c20-0d6cb237eb48	20250509	1	11002000107	900000000000509007	40271002000116	900000000000549004
709d845f-1d90-42b2-8a50-2d1c635006e8	20250509	1	11002000107	900000000000509007	13841002000113	900000000000548007
70ab1890-62d4-45d3-9146-60624af1d05a	20250509	1	11002000107	900000000000509007	42671002000118	900000000000549004
70b4d2b9-5cc0-461b-b758-89557017031b	20250509	1	11002000107	900000000000509007	19241002000112	900000000000549004
70b64365-9bb6-4732-af78-54d398cd8045	20250509	1	11002000107	900000000000509007	1421002000118	900000000000549004
70bfa2bc-e3b5-447c-b861-6f39bea77fbe	20250509	1	11002000107	900000000000509007	22571002000115	900000000000549004
70c2375f-e311-45d8-a25a-1d1cf4f509e8	20250509	1	11002000107	900000000000509007	23951002000111	900000000000548007
70d37fd4-7a8a-4c05-9362-aa81c785373b	20250509	1	11002000107	900000000000509007	36021002000111	900000000000548007
70e073b0-1c91-460d-9b5a-0a20776b8e0c	20250509	1	11002000107	900000000000509007	38481002000117	900000000000548007
70e8464b-27c1-4d25-ada6-b9aaa16e2ef8	20250509	1	11002000107	900000000000509007	11061002000118	900000000000549004
70ec78a4-9a31-418b-9c87-cf87e32263a9	20250509	1	11002000107	900000000000509007	17581002000112	900000000000548007
70efd631-2ae9-42f6-b304-a562c95e00e0	20250509	1	11002000107	900000000000509007	49091002000117	900000000000549004
71072e4b-1834-4dfb-8176-a31dd2ad7836	20250509	1	11002000107	900000000000509007	27401002000113	900000000000548007
710be013-611e-446e-a3c5-d76f275a8332	20250509	1	11002000107	900000000000509007	27841002000113	900000000000548007
71182ea7-0967-4a2c-950d-7813619413f0	20250509	1	11002000107	900000000000509007	10941002000110	900000000000549004
71189bb1-48f2-469e-9113-df96cdf7260e	20250509	1	11002000107	900000000000509007	45431002000113	900000000000549004
713bf5f2-0812-495c-8ede-87b3096591eb	20250509	1	11002000107	900000000000509007	771002000114	900000000000548007
7176a350-ed10-4a39-b75b-2f4e45f340c7	20250509	1	11002000107	900000000000509007	43871002000114	900000000000549004
717f32cd-4701-4cd6-860e-6972423d0041	20250509	1	11002000107	900000000000509007	6841002000118	900000000000548007
71830d76-6cf8-4763-93a8-664b7ef03b29	20250509	1	11002000107	900000000000509007	39481002000113	900000000000548007
719d50c9-0ad0-4f9d-bb9d-0077337b04cc	20250509	1	11002000107	900000000000509007	43291002000114	900000000000548007
719ddec0-33d4-4e00-8f2d-dcde3368d7c3	20250509	1	11002000107	900000000000509007	36481002000118	900000000000548007
71a54f61-93da-4da9-81f7-a24929c852b8	20250509	1	11002000107	900000000000509007	22111002000116	900000000000548007
71cbd214-27c9-499a-a93e-0a2f379c2b40	20250509	1	11002000107	900000000000509007	34391002000116	900000000000548007
71e5f168-dc38-42bc-a216-54f6eb61fb7a	20250509	1	11002000107	900000000000509007	16471002000113	900000000000549004
71ead724-cbc8-471a-801f-190b50728409	20250509	1	11002000107	900000000000509007	26801002000113	900000000000549004
7208affa-abd2-4689-a179-85b78d63110a	20250509	1	11002000107	900000000000509007	8301002000114	900000000000548007
720a42b4-dc82-432d-ab1e-0e60250a6831	20250509	1	11002000107	900000000000509007	35871002000114	900000000000548007
720e4fe9-d1cb-4899-8a55-a4f50e6c0be8	20250509	1	11002000107	900000000000509007	18441002000115	900000000000548007
7211c65c-f4cf-45cf-a04e-b7534ec398e9	20250509	1	11002000107	900000000000509007	43441002000118	900000000000548007
721c8edf-a144-41c9-8375-dac2eb2e44ce	20250509	1	11002000107	900000000000509007	48971002000114	900000000000549004
721e83b2-2ed5-4140-9e62-c2761bca65d0	20250509	1	11002000107	900000000000509007	15861002000113	900000000000549004
722c073a-932a-4d6f-9de9-2acb20d27492	20250509	1	11002000107	900000000000509007	38381002000112	900000000000549004
723b3526-335b-438f-825d-b5995ca7e4c1	20250509	1	11002000107	900000000000509007	38771002000113	900000000000549004
72527c00-b29c-4730-bae4-6843d33f74a5	20250509	1	11002000107	900000000000509007	571002000117	900000000000548007
7255ca0b-ac44-4711-98c0-9fc11e847e32	20250509	1	11002000107	900000000000509007	8491002000112	900000000000548007
7270ea43-b5d8-456e-9490-e876b6fc9733	20250509	1	11002000107	900000000000509007	39161002000111	900000000000549004
72825a4b-5137-43e2-a577-8138dcca92eb	20250509	1	11002000107	900000000000509007	38841002000112	900000000000548007
72886256-cce1-4af4-aec4-0f7dc7597c6e	20250509	1	11002000107	900000000000509007	21401002000119	900000000000548007
728d6f64-29c3-4c38-b595-a7efbf7ffda9	20250509	1	11002000107	900000000000509007	48401002000111	900000000000549004
7292d2bd-79d9-4297-af87-869fd03e3648	20250509	1	11002000107	900000000000509007	28301002000119	900000000000548007
729eaf8e-f118-4565-973d-289743672ed6	20250509	1	11002000107	900000000000509007	20971002000110	900000000000548007
72b4aba6-bef4-46aa-92ce-20d16e16931a	20250509	1	11002000107	900000000000509007	4771002000113	900000000000548007
72c2689e-e565-49d0-921b-730d66efb276	20250509	1	11002000107	900000000000509007	40921002000111	900000000000548007
72e1d4f5-6bb3-4bc0-a4f7-7df2a11e8f9b	20250509	1	11002000107	900000000000509007	7621002000114	900000000000548007
733145c8-8196-44dd-ac72-920f46068d2a	20250509	1	11002000107	900000000000509007	19621002000117	900000000000548007
7340c4c8-c38e-49fe-82b0-2a3913484787	20250509	1	11002000107	900000000000509007	1581002000115	900000000000548007
736f999f-51b3-4319-b8a1-fa3242a15d36	20250509	1	11002000107	900000000000509007	41731002000118	900000000000548007
73705b9c-9f21-4405-8e32-f53c17e4acb0	20250509	1	11002000107	900000000000509007	121002000112	900000000000548007
7382de1a-0128-44f5-946e-17ad960524a8	20250509	1	11002000107	900000000000509007	14131002000112	900000000000548007
738fe598-8027-4590-b178-b91f682270fc	20250509	1	11002000107	900000000000509007	43111002000110	900000000000548007
739b22e0-0b2d-4092-aacf-ba76e602f054	20250509	1	11002000107	900000000000509007	12181002000117	900000000000548007
73ac4492-651a-4c9c-bd07-ec0b91843f67	20250509	1	11002000107	900000000000509007	41551002000116	900000000000548007
73bfecea-d698-4569-8642-70522aa587aa	20250509	1	11002000107	900000000000509007	23461002000117	900000000000548007
73e0866d-b23c-44a9-bd85-f5b260f450fc	20250509	1	11002000107	900000000000509007	15131002000111	900000000000548007
73e4d1d9-1c84-4cf4-a23f-121a65f2fe3a	20250509	1	11002000107	900000000000509007	16191002000115	900000000000548007
73f52813-52aa-47f3-b88e-ca560d909281	20250509	1	11002000107	900000000000509007	4731002000110	900000000000549004
740c3b33-d5ea-4bf5-816e-55870fe36deb	20250509	1	11002000107	900000000000509007	43941002000111	900000000000548007
740e6ef6-b1ff-4388-9dbb-a2527ae3e095	20250509	1	11002000107	900000000000509007	1071002000113	900000000000548007
74104669-8696-4cc5-8f84-27ba4b434b97	20250509	1	11002000107	900000000000509007	26851002000112	900000000000548007
742666c0-daf4-4bfa-a3bf-c3ead67cc4b3	20250509	1	11002000107	900000000000509007	28991002000113	900000000000548007
7437c2e7-c843-41ef-bfc7-4283abec3ab0	20250509	1	11002000107	900000000000509007	41171002000116	900000000000549004
744e9127-929f-48ac-bed8-1c8cc3b304b5	20250509	1	11002000107	900000000000509007	48281002000115	900000000000549004
745e760d-92a2-4214-accd-1344a8315e9e	20250509	1	11002000107	900000000000509007	45471002000111	900000000000548007
7498407e-37f2-4b27-8e7a-559e09963b71	20250509	1	11002000107	900000000000509007	23831002000114	900000000000548007
7499d07b-9ddc-4aa0-b739-b22d3710c5f4	20250509	1	11002000107	900000000000509007	33741002000114	900000000000549004
74af8a76-2485-485d-a9f4-90c8e80ecc51	20250509	1	11002000107	900000000000509007	4301002000117	900000000000548007
74b2cec3-0413-4c81-9c5b-7188476c1867	20250509	1	11002000107	900000000000509007	24711002000110	900000000000549004
74ce52cc-5200-4859-8813-afd89dc2f43d	20250509	1	11002000107	900000000000509007	5501002000112	900000000000548007
74fd9e88-716a-4cc6-90fe-ce9e3caae8a4	20250509	1	11002000107	900000000000509007	2331002000118	900000000000548007
74ffebea-0820-4e3a-89ed-2eb60d589aad	20250509	1	11002000107	900000000000509007	37211002000113	900000000000549004
7502794d-4711-4994-b607-a019bb1d5248	20250509	1	11002000107	900000000000509007	25911002000114	900000000000548007
75027a02-28b1-4b19-8921-cc0fbb2d6b80	20250509	1	11002000107	900000000000509007	22941002000115	900000000000549004
7516c255-9584-45ef-98b3-c90511103fe5	20250509	1	11002000107	900000000000509007	18901002000111	900000000000548007
751a5d48-4f8c-4546-94d1-66894791291e	20250509	1	11002000107	900000000000509007	29841002000115	900000000000548007
751d335f-de5d-4fbd-b0aa-50eb6c712d92	20250509	1	11002000107	900000000000509007	16071002000117	900000000000548007
75225d0b-d05d-4851-b687-1eedde4470e6	20250509	1	11002000107	900000000000509007	10911002000111	900000000000549004
75248cea-a17c-4bb6-ab06-58e2c89f745a	20250509	1	11002000107	900000000000509007	25291002000111	900000000000548007
75270d7e-6330-4612-bb02-ccc91d7eae2c	20250509	1	11002000107	900000000000509007	45491002000112	900000000000549004
752a4333-d818-485c-84d2-6a68f510406d	20250509	1	11002000107	900000000000509007	4901002000118	900000000000548007
752f0d59-2c4d-4037-92d2-0eeac2d55f11	20250509	1	11002000107	900000000000509007	35231002000110	900000000000549004
75338e04-0778-42b6-a4ea-01deeca39178	20250509	1	11002000107	900000000000509007	24091002000116	900000000000549004
75345bd2-1977-4fe3-ae88-d3ccedbc6c28	20250509	1	11002000107	900000000000509007	44951002000111	900000000000549004
7535f15a-d9fc-42df-b244-9caffc0f5b1a	20250509	1	11002000107	900000000000509007	16701002000112	900000000000549004
755944dc-ff03-469f-9879-3f0623713881	20250509	1	11002000107	900000000000509007	34331002000115	900000000000548007
755f8324-636d-439c-8696-393a8b564ea4	20250509	1	11002000107	900000000000509007	27581002000119	900000000000548007
756dc718-2e9d-4b47-a24f-ccda1a0c9a07	20250509	1	11002000107	900000000000509007	8841002000119	900000000000549004
7577e96a-db2c-4b4b-a51a-c1db21d8be93	20250509	1	11002000107	900000000000509007	29191002000119	900000000000548007
75858a87-478e-414a-8c6d-07568c333b97	20250509	1	11002000107	900000000000509007	28331002000113	900000000000548007
75882511-d194-42bd-b82e-71d2bfae2e92	20250509	1	11002000107	900000000000509007	24531002000114	900000000000549004
758fd06c-8b92-4cfb-984d-8cc6517b9f4c	20250509	1	11002000107	900000000000509007	3691002000119	900000000000548007
759490fd-c0c0-4ba5-9c0e-9dd6509a7001	20250509	1	11002000107	900000000000509007	20441002000114	900000000000548007
7595cecd-36e9-4ea2-a608-09ec4335fd3a	20250509	1	11002000107	900000000000509007	43321002000119	900000000000548007
75a00869-b943-40ae-8791-5781133d99d0	20250509	1	11002000107	900000000000509007	13391002000111	900000000000549004
75c5567f-9987-41c8-8b05-cad388967400	20250509	1	11002000107	900000000000509007	7481002000110	900000000000549004
75f1cb29-ee58-4503-8f5a-14fcc537975a	20250509	1	11002000107	900000000000509007	28231002000119	900000000000549004
76088455-974d-4505-b4cd-3dc0aa14477b	20250509	1	11002000107	900000000000509007	48081002000113	900000000000548007
762227ee-c53f-416e-9c4c-e772c399afda	20250509	1	11002000107	900000000000509007	47621002000116	900000000000549004
7634539a-2096-48a9-ade1-e5645946cb75	20250509	1	11002000107	900000000000509007	26761002000118	900000000000548007
76444431-94fe-4483-8477-bc07e5228ef6	20250509	1	11002000107	900000000000509007	8831002000110	900000000000548007
764f5b6e-0fed-4533-99b5-03b55b639f39	20250509	1	11002000107	900000000000509007	23151002000114	900000000000549004
7651d9c2-e8cb-4392-9e24-75ef821d829c	20250509	1	11002000107	900000000000509007	38081002000114	900000000000549004
7658bab3-84c6-4f6a-8116-6aaa7eac3ada	20250509	1	11002000107	900000000000509007	43521002000110	900000000000548007
7689b984-f567-4dcb-88ba-c24cace6f16e	20250509	1	11002000107	900000000000509007	25601002000115	900000000000548007
769534cf-b96e-4097-817d-cc218fc6d53a	20250509	1	11002000107	900000000000509007	47541002000113	900000000000548007
76b01d20-58c8-4334-b542-22be1eb69755	20250509	1	11002000107	900000000000509007	21381002000119	900000000000548007
76b87fdd-f230-482c-8adf-bc86b58f468f	20250509	1	11002000107	900000000000509007	13651002000114	900000000000548007
76d46782-6b37-484d-b4b5-dda0f1364cf7	20250509	1	11002000107	900000000000509007	961002000118	900000000000548007
76fa4381-61e5-4634-bd68-628d3cb82d4d	20250509	1	11002000107	900000000000509007	20251002000110	900000000000548007
77099cda-9af7-4d53-bfca-17c4ad029619	20250509	1	11002000107	900000000000509007	11841002000112	900000000000548007
772a77d9-b049-49b3-b9c2-0aa95954ffae	20250509	1	11002000107	900000000000509007	29851002000118	900000000000548007
774723cf-0d1b-4b9a-a657-235f7a82ac38	20250509	1	11002000107	900000000000509007	18121002000118	900000000000548007
774f3683-374e-4b17-9402-1659a73acbc4	20250509	1	11002000107	900000000000509007	24511002000117	900000000000548007
77551522-bf53-4aa8-a81c-f08ca9f7e2a8	20250509	1	11002000107	900000000000509007	10451002000115	900000000000548007
777a9a38-1b94-4808-9139-63eeea1d13c7	20250509	1	11002000107	900000000000509007	9171002000113	900000000000548007
777b1a8a-9995-4498-b8bf-7f84c5f8bb88	20250509	1	11002000107	900000000000509007	36891002000118	900000000000548007
779b413e-4b83-4d5a-ae61-9d8603f2c5b2	20250509	1	11002000107	900000000000509007	28281002000118	900000000000548007
77b14a0f-b1db-4322-94fa-40aa16c5db1e	20250509	1	11002000107	900000000000509007	47321002000111	900000000000549004
77b84d66-93f8-42dc-9acf-8cecd049d501	20250509	1	11002000107	900000000000509007	5171002000111	900000000000548007
77bef25d-d6e0-4fc1-ae3b-b9a0739273e2	20250509	1	11002000107	900000000000509007	43371002000118	900000000000548007
77c5382d-b3bf-40f8-946f-03ba24485466	20250509	1	11002000107	900000000000509007	37131002000113	900000000000548007
77df2fa1-af76-460b-b4a1-8f1bc3777349	20250509	1	11002000107	900000000000509007	31471002000114	900000000000548007
77f25ec7-cfaa-4e9e-bfe0-eb70ea9411af	20250509	1	11002000107	900000000000509007	31391002000119	900000000000548007
77fa762b-3860-465d-8ac8-3996d1b166a4	20250509	1	11002000107	900000000000509007	7831002000111	900000000000548007
7816a836-2724-4c25-afa6-252582dafa89	20250509	1	11002000107	900000000000509007	20611002000112	900000000000549004
781997ac-c585-4288-b350-0c468b9b1631	20250509	1	11002000107	900000000000509007	15701002000118	900000000000548007
781d7b94-8a25-4958-a3d4-0189715e0064	20250509	1	11002000107	900000000000509007	48931002000111	900000000000548007
78256783-04e9-4f79-9b71-d9f51a3a0d15	20250509	1	11002000107	900000000000509007	21891002000114	900000000000548007
78261d77-efbd-4d7b-b9d9-7377cf4bd765	20250509	1	11002000107	900000000000509007	5561002000113	900000000000548007
7826e370-fb27-4ab2-bbbe-39a7eff10ec4	20250509	1	11002000107	900000000000509007	35981002000119	900000000000549004
7831ac8b-dd9d-4626-baf3-8e1e83e5edc1	20250509	1	11002000107	900000000000509007	14451002000114	900000000000549004
78465da0-79a1-430a-a0d9-61f901a86909	20250509	1	11002000107	900000000000509007	28731002000112	900000000000548007
78511df3-65ac-4d98-8854-aa0ac14f99da	20250509	1	11002000107	900000000000509007	42161002000115	900000000000549004
7865333e-6689-4f37-8ebc-52346a48754d	20250509	1	11002000107	900000000000509007	12341002000112	900000000000549004
78710955-278b-4884-95fc-3a87e01996eb	20250509	1	11002000107	900000000000509007	9641002000112	900000000000549004
78746dc4-48bd-44b1-b851-db4f40c8c325	20250509	1	11002000107	900000000000509007	21721002000119	900000000000548007
7877aec3-5da2-46a7-a29c-182d5ad56233	20250509	1	11002000107	900000000000509007	3451002000114	900000000000548007
787f4bd9-226b-44ea-9477-81cf668115c4	20250509	1	11002000107	900000000000509007	34701002000110	900000000000548007
789815f5-498b-4034-907d-e10d0cc7ac68	20250509	1	11002000107	900000000000509007	47511002000114	900000000000548007
789fb400-54bb-40dc-8629-045f025226bd	20250509	1	11002000107	900000000000509007	17061002000112	900000000000548007
78a0b9c9-1155-4096-b9f7-c4a0c5f03fb5	20250509	1	11002000107	900000000000509007	41391002000118	900000000000548007
78bdde68-9c78-416e-b032-abdda468e91f	20250509	1	11002000107	900000000000509007	27241002000114	900000000000548007
78bfe20c-0f36-4a00-8749-a8d3311ec2d5	20250509	1	11002000107	900000000000509007	7301002000110	900000000000549004
78c9b8f1-4fe0-47ab-b2af-cfd64614b644	20250509	1	11002000107	900000000000509007	8701002000110	900000000000548007
78d2c644-8197-4643-8043-ae65fcaaabb3	20250509	1	11002000107	900000000000509007	24351002000110	900000000000548007
78e33683-3ce9-41eb-aee4-95268d690938	20250509	1	11002000107	900000000000509007	28911002000117	900000000000548007
78e66439-ec78-46b6-beb9-3e9ca9ac09ef	20250509	1	11002000107	900000000000509007	47951002000117	900000000000549004
78f5528e-254b-4e0d-b66d-fae180f2f3e2	20250509	1	11002000107	900000000000509007	19831002000115	900000000000548007
78ff0e15-a452-488e-a286-1a65e4af7020	20250509	1	11002000107	900000000000509007	8341002000111	900000000000548007
791eab2b-dbe9-4f04-ad9d-2edd049a80d6	20250509	1	11002000107	900000000000509007	5581002000117	900000000000548007
79230913-14f5-4c44-88c2-2f72dab5a904	20250509	1	11002000107	900000000000509007	29971002000117	900000000000548007
7929cb6a-a618-40cd-be0f-28ba667a11f2	20250509	1	11002000107	900000000000509007	14501002000111	900000000000548007
79412e26-9147-42fe-a9f8-88b2d05502a9	20250509	1	11002000107	900000000000509007	45581002000113	900000000000549004
7943cd3d-3eb4-43a8-a275-fd341ab9d100	20250509	1	11002000107	900000000000509007	21491002000112	900000000000548007
795125c2-c559-497c-b434-c61e430f60bb	20250509	1	11002000107	900000000000509007	30911002000118	900000000000548007
79527609-33a8-499d-a7ea-95d5acc99d91	20250509	1	11002000107	900000000000509007	33861002000117	900000000000549004
795e25f6-82aa-4e17-ba12-af274f6604ea	20250509	1	11002000107	900000000000509007	33941002000112	900000000000548007
796710d7-99fe-4737-8788-382064155793	20250509	1	11002000107	900000000000509007	47821002000117	900000000000548007
796bf4ba-5d7b-4038-b631-f18018784a5d	20250509	1	11002000107	900000000000509007	27251002000111	900000000000548007
797c3ecc-cc30-4bf3-9f08-5071433e02d1	20250509	1	11002000107	900000000000509007	14751002000115	900000000000549004
798f6fc3-6717-4b00-9564-10112d89f422	20250509	1	11002000107	900000000000509007	37341002000119	900000000000548007
799cdd60-a271-4418-8eef-4a755d53af45	20250509	1	11002000107	900000000000509007	30681002000117	900000000000548007
79a7d225-dd47-4ec7-846e-455402e8d94d	20250509	1	11002000107	900000000000509007	33261002000116	900000000000548007
79a865d9-1ae6-4e17-b8bc-f5727edb4b3e	20250509	1	11002000107	900000000000509007	41901002000110	900000000000548007
79bcb318-c072-4cd4-83d0-c163779754b4	20250509	1	11002000107	900000000000509007	17511002000119	900000000000548007
79c49e0a-90e0-47df-b049-4933ff8f55f4	20250509	1	11002000107	900000000000509007	6051002000110	900000000000549004
79d3710d-567d-45d0-92cd-aaa64a539901	20250509	1	11002000107	900000000000509007	11531002000119	900000000000549004
79db13e2-4a55-48af-b678-77ec30b1354a	20250509	1	11002000107	900000000000509007	40461002000110	900000000000548007
7a02c077-c58c-4bad-b1a6-3ec3b9c0f7f5	20250509	1	11002000107	900000000000509007	10091002000119	900000000000549004
7a078bb5-c64b-4bef-84dd-9fb265bb832d	20250509	1	11002000107	900000000000509007	42391002000111	900000000000548007
7a0aad92-c6e0-486b-9d44-1d9b10d83836	20250509	1	11002000107	900000000000509007	6661002000115	900000000000548007
7a0d6a05-6858-4d59-8240-7392ab583317	20250509	1	11002000107	900000000000509007	43861002000116	900000000000548007
7a0d8ca6-a42f-4c27-8884-bdbf26dc6954	20250509	1	11002000107	900000000000509007	29221002000112	900000000000548007
7a242d8f-66f7-43a0-875e-a584b71d98e8	20250509	1	11002000107	900000000000509007	33201002000117	900000000000548007
7a2abe29-13c7-4fd7-ac09-5a1d16fe1f46	20250509	1	11002000107	900000000000509007	37951002000118	900000000000548007
7a395714-b694-40f5-9052-44a949cadc95	20250509	1	11002000107	900000000000509007	41201002000117	900000000000549004
7a3c4bb7-432d-4db2-a01e-c8ab6f5d8e30	20250509	1	11002000107	900000000000509007	16311002000114	900000000000548007
7a4d44ae-a275-4223-a788-0ef202eff55e	20250509	1	11002000107	900000000000509007	33651002000115	900000000000549004
7a503578-4a45-4f01-a59d-411f67dad10e	20250509	1	11002000107	900000000000509007	18971002000119	900000000000549004
7a668526-6383-4623-a612-a62abb871731	20250509	1	11002000107	900000000000509007	45101002000111	900000000000549004
7a696d1c-ae0b-43bd-886d-fbab5dc6d745	20250509	1	11002000107	900000000000509007	2731002000119	900000000000548007
7a6e5573-e040-43e1-a77f-7a5e939a5680	20250509	1	11002000107	900000000000509007	12611002000115	900000000000549004
7a8226db-b2f8-4b77-86d1-1edc85810f6f	20250509	1	11002000107	900000000000509007	6921002000116	900000000000549004
7a823828-0072-4346-907d-072505410633	20250509	1	11002000107	900000000000509007	34681002000112	900000000000548007
7a829c5b-3f53-4b47-80a3-b791dd144996	20250509	1	11002000107	900000000000509007	20421002000116	900000000000548007
7a8c780b-23f9-4fdc-a42f-00d15c2fe629	20250509	1	11002000107	900000000000509007	24861002000117	900000000000549004
7a9b1932-10a4-4a31-bcb9-3aa249c9ee10	20250509	1	11002000107	900000000000509007	44881002000110	900000000000548007
7aa62d38-e0e3-424f-9c9e-812a96db0dac	20250509	1	11002000107	900000000000509007	13581002000119	900000000000548007
7aad08db-9505-433b-9b1c-6ce1c2e0f4c3	20250509	1	11002000107	900000000000509007	39261002000118	900000000000548007
7ab3acdc-e911-4cc6-b87f-07929501a65b	20250509	1	11002000107	900000000000509007	21801002000116	900000000000548007
7ad0a86c-a504-43d8-91c7-ba89bdc22ef0	20250509	1	11002000107	900000000000509007	13621002000119	900000000000548007
7ad2c2e3-0b8d-43b7-ba82-f5fb11a51eb1	20250509	1	11002000107	900000000000509007	48171002000111	900000000000548007
7ad62f46-75b0-4b35-ba6b-6be8f517029f	20250509	1	11002000107	900000000000509007	22421002000115	900000000000548007
7aebba7b-6067-42ef-a05c-50be919b35d2	20250509	1	11002000107	900000000000509007	27511002000112	900000000000549004
7aee6908-5700-4967-830a-63b4a19da411	20250509	1	11002000107	900000000000509007	61002000114	900000000000548007
7afdcc54-6ff3-4b4c-b283-a25af34673db	20250509	1	11002000107	900000000000509007	45141002000113	900000000000548007
7b14eea4-8cf2-41ce-8bf8-dc204b47cb1a	20250509	1	11002000107	900000000000509007	26411002000113	900000000000549004
7b196e20-d1aa-4eb8-a83a-196687d4d158	20250509	1	11002000107	900000000000509007	42411002000111	900000000000548007
7b232104-71d0-4df1-8642-ed0f7a570bc2	20250509	1	11002000107	900000000000509007	10511002000115	900000000000548007
7b38091d-b457-4128-a57b-31a9b3efab60	20250509	1	11002000107	900000000000509007	27101002000116	900000000000548007
7b3ee26f-4616-4a6d-9a0b-cc3e8016ef51	20250509	1	11002000107	900000000000509007	46871002000118	900000000000549004
7b49739a-4833-4e5c-97ff-818dc8cf573d	20250509	1	11002000107	900000000000509007	30841002000110	900000000000548007
7b508413-83c5-4b92-b1e2-8505bee4cd6a	20250509	1	11002000107	900000000000509007	31991002000118	900000000000549004
7b526826-d6c2-4880-81c2-9d1867fc3300	20250509	1	11002000107	900000000000509007	29671002000110	900000000000548007
7b5655fb-d483-474a-bd87-3ff21f07ba76	20250509	1	11002000107	900000000000509007	36641002000112	900000000000548007
7b6211fe-7f95-4468-a191-37fbd26f87dc	20250509	1	11002000107	900000000000509007	23361002000114	900000000000549004
7b6aa9fb-f525-4e8a-b17e-8b09930615d5	20250509	1	11002000107	900000000000509007	44221002000110	900000000000548007
7b70f8fc-bc1a-4b3c-bb56-94d307fd275e	20250509	1	11002000107	900000000000509007	27381002000113	900000000000548007
7b7197cd-0291-44b9-b6ed-96e08d7090bd	20250509	1	11002000107	900000000000509007	31901002000111	900000000000549004
7b8eb0db-4940-4ff2-9d69-a0f281eeb82b	20250509	1	11002000107	900000000000509007	23501002000117	900000000000548007
7b92586b-213e-4504-8fe8-32f22f67f6c0	20250509	1	11002000107	900000000000509007	32581002000115	900000000000549004
7b94c6b6-f9b6-41e1-992d-53fc4a4ac9a9	20250509	1	11002000107	900000000000509007	22541002000114	900000000000549004
7b97da3a-aff9-4823-9c3a-a630f465093b	20250509	1	11002000107	900000000000509007	39471002000110	900000000000548007
7b989e70-f7ee-4599-8c25-fac9d836fa2f	20250509	1	11002000107	900000000000509007	34651002000118	900000000000548007
7babaa32-b232-457e-aedf-fcb9a9baf29d	20250509	1	11002000107	900000000000509007	32951002000116	900000000000548007
7bb311c8-1b28-46d7-9d39-70f6230b9400	20250509	1	11002000107	900000000000509007	48991002000110	900000000000548007
7bb9ba40-46cd-41d2-9f5a-9112a03be11e	20250509	1	11002000107	900000000000509007	6981002000117	900000000000549004
7bc8910c-0ead-44b4-bc1c-02a5ff3ccd90	20250509	1	11002000107	900000000000509007	541002000111	900000000000548007
7bd627a1-501c-4d73-82e3-4a822a29b49c	20250509	1	11002000107	900000000000509007	10141002000113	900000000000548007
7bf68f16-baf2-42d3-b0b8-0f3e6b381615	20250509	1	11002000107	900000000000509007	46791002000114	900000000000548007
7c035302-2a49-4322-8523-be653d66de55	20250509	1	11002000107	900000000000509007	3621002000116	900000000000548007
7c0efc1d-3000-4d49-a8e2-7a9101ac85d9	20250509	1	11002000107	900000000000509007	35691002000111	900000000000548007
7c10a945-4c42-40e6-83c9-3622267de3ee	20250509	1	11002000107	900000000000509007	7731002000117	900000000000548007
7c14bf5d-9364-479f-8bc5-84244eb54675	20250509	1	11002000107	900000000000509007	47411002000113	900000000000549004
7c2230b5-c60a-4336-8627-7e194cf041b4	20250509	1	11002000107	900000000000509007	17351002000112	900000000000549004
7c293264-6d5c-42a0-a05e-dbd7e330c2e6	20250509	1	11002000107	900000000000509007	26061002000116	900000000000548007
7c2a3bfb-ffec-45c5-a3c9-1e5f1cde6b6e	20250509	1	11002000107	900000000000509007	2311002000110	900000000000548007
7c358dba-5d43-4626-a262-dc76e5124ace	20250509	1	11002000107	900000000000509007	30701002000119	900000000000548007
7c3cc2ae-de93-4499-9a6b-0704f707e37f	20250509	1	11002000107	900000000000509007	3851002000112	900000000000548007
7c43baff-0547-4f97-bca0-e8386fa11309	20250509	1	11002000107	900000000000509007	35041002000110	900000000000548007
7c4c356f-4427-4abf-81eb-cc788534feb3	20250509	1	11002000107	900000000000509007	7811002000119	900000000000549004
7c6163a4-3c56-4966-8f5c-110a7b7ff5ed	20250509	1	11002000107	900000000000509007	30141002000116	900000000000548007
7c73c320-b694-4abd-baa0-284f33f8315c	20250509	1	11002000107	900000000000509007	7121002000116	900000000000548007
7c86ecc1-6dd1-46ce-82e7-94b8ed34a9e4	20250509	1	11002000107	900000000000509007	15601002000111	900000000000548007
7c884bf5-e923-4c93-a481-dfa06ec331a2	20250509	1	11002000107	900000000000509007	20171002000112	900000000000549004
7c8ef791-a5a4-4476-9c04-ea21dfbf3465	20250509	1	11002000107	900000000000509007	11131002000114	900000000000548007
7c982349-a9f5-4949-a785-eb7070517b23	20250509	1	11002000107	900000000000509007	11351002000118	900000000000548007
7cab1808-7c2f-4b99-9573-a5af52b4bdb1	20250509	1	11002000107	900000000000509007	22301002000116	900000000000548007
7cbd3c37-a380-4279-b58e-f4ee65636fbd	20250509	1	11002000107	900000000000509007	27771002000114	900000000000548007
7cc096a2-730f-4ec4-808f-6fbd9c8bb0c5	20250509	1	11002000107	900000000000509007	28341002000117	900000000000548007
7ce04427-2e0c-4acd-9161-94c269981483	20250509	1	11002000107	900000000000509007	2211002000115	900000000000548007
7ce2152b-171f-4131-91e7-ad4605900181	20250509	1	11002000107	900000000000509007	1491002000116	900000000000548007
7cefbc93-362b-4dbd-8ec0-6ffa95b55e7e	20250509	1	11002000107	900000000000509007	35931002000115	900000000000548007
7d008382-6462-4b82-80ff-2206f8fbdd5d	20250509	1	11002000107	900000000000509007	22291002000117	900000000000548007
7d02a5c7-b582-41a1-932a-eb679456c164	20250509	1	11002000107	900000000000509007	8201002000115	900000000000549004
7d107ae8-c7c9-4353-bd20-0b9499c3c081	20250509	1	11002000107	900000000000509007	48461002000112	900000000000549004
7d1a927f-0f8c-4144-bd91-b26db704f94d	20250509	1	11002000107	900000000000509007	4781002000111	900000000000548007
7d1de977-ff68-486c-be24-1bcbb6b8bb6f	20250509	1	11002000107	900000000000509007	13521002000118	900000000000548007
7d2177d4-100a-4bb9-99ca-08ad97e3eebc	20250509	1	11002000107	900000000000509007	25321002000116	900000000000548007
7d31f939-ea7c-47ad-a911-e36b4e15de4f	20250509	1	11002000107	900000000000509007	42251002000111	900000000000549004
7d3557b8-7471-4e9c-8be4-43a3d4463c57	20250509	1	11002000107	900000000000509007	791002000110	900000000000549004
7d5fc617-4bb5-4476-ae63-7457532dde90	20250509	1	11002000107	900000000000509007	22771002000112	900000000000548007
7d62d797-2c79-4236-9850-26179ef7c5d4	20250509	1	11002000107	900000000000509007	36751002000118	900000000000548007
7d6c877c-fcc2-4e97-9eee-443c24f8015c	20250509	1	11002000107	900000000000509007	48291002000117	900000000000548007
7d724a7e-96da-4247-aba1-1b86f09a0c5e	20250509	1	11002000107	900000000000509007	15071002000113	900000000000548007
7d8be13a-a5bc-4c55-a838-cb9c023838df	20250509	1	11002000107	900000000000509007	18351002000111	900000000000548007
7da061f8-f2eb-4969-ae53-e450fb4ec260	20250509	1	11002000107	900000000000509007	42781002000112	900000000000548007
7dad72a8-ff18-4e89-87df-e56724b9a5a8	20250509	1	11002000107	900000000000509007	16641002000117	900000000000548007
7daf980e-b029-4e6e-8308-1d687980d9c3	20250509	1	11002000107	900000000000509007	14461002000111	900000000000548007
7dbb77e6-d072-494c-8b63-5226fdbe5003	20250509	1	11002000107	900000000000509007	10321002000118	900000000000548007
7dc1302f-d84e-4c95-a0c8-63366df567c6	20250509	1	11002000107	900000000000509007	31431002000111	900000000000548007
7de940e7-6d76-4e90-9b88-10107acf321b	20250509	1	11002000107	900000000000509007	36681002000115	900000000000548007
7dff5e26-29d2-48eb-9584-7fa8749661db	20250509	1	11002000107	900000000000509007	10751002000114	900000000000548007
7e06233e-f105-4e36-9d29-06ec26d463d8	20250509	1	11002000107	900000000000509007	37291002000117	900000000000548007
7e0662cf-c59c-41fa-9672-3d699ac16845	20250509	1	11002000107	900000000000509007	25451002000118	900000000000548007
7e0691f5-bfd2-4858-a039-82ba0004ee56	20250509	1	11002000107	900000000000509007	48941002000115	900000000000549004
7e168adf-4579-435c-a0bf-3075a19be921	20250509	1	11002000107	900000000000509007	8671002000114	900000000000549004
7e20e05b-e637-4198-a3e4-692f38e3ea2d	20250509	1	11002000107	900000000000509007	46301002000117	900000000000549004
7e32ca46-4778-448a-b8c8-977448cbb3ec	20250509	1	11002000107	900000000000509007	6331002000119	900000000000548007
7e39258d-30ea-4523-8b17-7b5cc049379b	20250509	1	11002000107	900000000000509007	27711002000119	900000000000548007
7e44ff56-f173-4a55-a73a-f320b1d253c6	20250509	1	11002000107	900000000000509007	841002000113	900000000000548007
7e475f29-670b-472b-a7cb-d273f2d415e1	20250509	1	11002000107	900000000000509007	31161002000110	900000000000548007
7e47f75f-281c-4021-aed1-c567c7f51f65	20250509	1	11002000107	900000000000509007	4271002000119	900000000000548007
7e599be7-545c-4313-8251-847f6bf5dcba	20250509	1	11002000107	900000000000509007	8031002000118	900000000000548007
7e5bd747-134e-465c-b60d-4c8ba76552d2	20250509	1	11002000107	900000000000509007	26841002000110	900000000000548007
7e61f68d-3e89-456e-bddb-b1858a0e5f68	20250509	1	11002000107	900000000000509007	3931002000110	900000000000548007
7e636fe2-f098-47c8-a6de-b89144c507f4	20250509	1	11002000107	900000000000509007	44821002000111	900000000000548007
7e6f6749-dc05-4a2e-99b9-c0670683a991	20250509	1	11002000107	900000000000509007	29031002000119	900000000000548007
7e70998a-9b26-4f7c-a86a-7e574693f493	20250509	1	11002000107	900000000000509007	19101002000119	900000000000548007
7e977743-05ca-4224-9ea1-883b4d02fde0	20250509	1	11002000107	900000000000509007	23091002000118	900000000000549004
7ea58fe9-93d1-4c41-a2ad-3119c92f5218	20250509	1	11002000107	900000000000509007	14061002000116	900000000000549004
7ebb851f-4bfa-47cf-a872-402b4447835a	20250509	1	11002000107	900000000000509007	46711002000118	900000000000548007
7ed8188f-902d-4a5d-936c-2b29fc2ebf63	20250509	1	11002000107	900000000000509007	17171002000118	900000000000549004
7edbfaf3-adee-454b-b639-c9b68483faba	20250509	1	11002000107	900000000000509007	28921002000111	900000000000549004
7efcc57c-d4c4-4947-8a60-81f41a0dbbf9	20250509	1	11002000107	900000000000509007	4841002000112	900000000000548007
7f0a8f5f-d91f-4a26-b53b-4b9dfd8c19e8	20250509	1	11002000107	900000000000509007	7671002000110	900000000000548007
7f0bf6ce-491f-4550-b8c8-dbe689f97d54	20250509	1	11002000107	900000000000509007	7361002000111	900000000000549004
7f185ec8-d487-49e1-a8c2-8df16b2ec710	20250509	1	11002000107	900000000000509007	12101002000112	900000000000549004
7f19a7de-f3d7-402c-857f-49b1d5cc7d66	20250509	1	11002000107	900000000000509007	22931002000111	900000000000548007
7f26f480-cabd-47cb-a761-6e53b70eac43	20250509	1	11002000107	900000000000509007	6831002000114	900000000000549004
7f2b25c3-1442-4424-9418-44b50fad6fe7	20250509	1	11002000107	900000000000509007	29771002000119	900000000000548007
7f31c03b-635e-47f6-9e78-1cc9c5bdc465	20250509	1	11002000107	900000000000509007	17851002000116	900000000000548007
7f3e7ddf-bf72-4f9a-a5ac-cc58f83d5d74	20250509	1	11002000107	900000000000509007	16271002000114	900000000000548007
7f417bd5-041e-422d-959e-6ce54c13a891	20250509	1	11002000107	900000000000509007	38901002000118	900000000000548007
7f41f948-fdff-457e-b7e2-f5bdba57c200	20250509	1	11002000107	900000000000509007	43401002000115	900000000000548007
7f4f1381-dd96-40f6-ab70-7357b9c3f2cd	20250509	1	11002000107	900000000000509007	36971002000111	900000000000549004
7f606495-61f2-477b-b35e-bcd1aad0791a	20250509	1	11002000107	900000000000509007	34941002000110	900000000000548007
7f6373e9-ba9e-48fd-8bca-ffccb4d29281	20250509	1	11002000107	900000000000509007	22411002000114	900000000000548007
7f81ada7-4587-4f72-8591-4512d90b784b	20250509	1	11002000107	900000000000509007	15791002000111	900000000000548007
7fad255e-7679-480a-8e4d-51cce8b6d1be	20250509	1	11002000107	900000000000509007	4581002000118	900000000000549004
7fc81f88-325d-43a4-a956-aadeb452af56	20250509	1	11002000107	900000000000509007	14931002000110	900000000000548007
